trip_distance_km,trip_duration_min,surge_multiplier,traffic_level,vehicle_type,weather_condition,peak_hour,pickup_zone,fuel_price_per_liter,demand_index,driver_rating,customer_rating,music_preference,customer_loyalty_score,phone_battery_level,ride_fare
15.61,41.45,1.0,Medium,Sedan,Sunny,0,SemiUrban,115.79,154.1,4.85,4.85,None,23.62,45,845.84
38.08,111.2,1.0,High,SUV,Sunny,1,Urban,100.57,238.69,3.89,4.62,None,64.2,7,1645.29
29.55,84.96,1.2,Medium,Mini,Sunny,1,Urban,109.23,252.92,3.44,4.27,Rock,88.44,18,1403.86
24.35,73.46,1.0,Medium,Mini,Sunny,0,Airport,110.03,68.83,4.88,3.86,Pop,10.38,59,1047.76
7.08,39.61,1.2,Medium,Mini,Sunny,0,SemiUrban,98.84,218.86,3.88,3.58,Classical,18.57,78,721.66
7.08,30.39,1.2,Medium,Sedan,Rainy,0,Urban,90.57,125.69,3.35,3.01,None,78.62,74,777.61
3.27,3.95,1.2,Low,Mini,Foggy,1,SemiUrban,114.8,139.7,4.65,4.66,Pop,56.23,50,452.59
34.78,125.41,1.2,High,Mini,Sunny,0,Urban,104.47,233.36,4.0,3.87,None,5.64,18,1678.46
24.44,87.6,1.0,Low,Sedan,,0,Airport,92.86,289.35,3.39,4.74,None,53.46,94,1256.07
28.61,105.02,2.5,Medium,SUV,Sunny,0,SemiUrban,118.73,250.92,4.36,3.64,Rock,92.15,8,3457.97
1.8,8.56,1.5,Medium,Mini,Rainy,1,Airport,98.89,122.92,4.96,3.68,None,18.29,37,876.14
38.83,132.74,1.0,Low,Sedan,Sunny,0,SemiUrban,104.23,226.96,3.17,3.04,Rock,6.84,53,1457.62
33.47,139.84,1.0,Low,Mini,Sunny,0,Urban,104.52,131.94,3.87,3.97,Classical,94.64,35,1377.6
9.28,27.44,1.0,Low,Mini,Rainy,0,Urban,101.12,159.9,4.03,3.98,Pop,37.98,16,711.46
8.09,17.83,1.2,Low,Mini,Rainy,0,Airport,94.55,80.76,4.32,4.31,None,77.63,49,661.48
8.15,25.94,1.0,High,Sedan,Sunny,0,SemiUrban,111.13,258.57,3.46,4.5,Rock,60.64,62,817.02
12.87,21.27,1.0,High,Sedan,,1,Airport,95.86,211.72,3.37,,Rock,18.73,3,894.05
21.47,49.02,1.0,Low,SUV,Rainy,1,SemiUrban,110.47,265.74,4.48,4.85,Pop,20.17,31,1157.31
17.85,,1.2,Low,SUV,Rainy,0,Urban,114.06,105.88,4.34,3.91,None,74.27,23,1180.38
12.36,26.58,1.2,High,Sedan,Rainy,0,Urban,90.69,82.33,3.49,4.15,Pop,63.45,48,2967.46
24.86,44.99,1.2,Low,Mini,Sunny,0,Urban,111.95,253.86,3.11,4.19,Classical,1.49,22,1087.46
6.44,23.23,2.0,High,SUV,Rainy,0,SemiUrban,,269.74,4.6,4.75,Rock,49.52,97,1744.12
12.39,49.88,1.0,Low,SUV,Sunny,1,Urban,95.87,92.98,4.36,4.39,Pop,91.88,38,807.53
15.29,34.09,1.2,Medium,SUV,Rainy,1,Urban,108.61,210.47,4.76,3.71,Pop,53.25,29,1286.13
,,1.0,Medium,Mini,Sunny,0,SemiUrban,102.62,91.27,3.14,4.41,Pop,2.8,73,731.91
31.62,79.72,1.2,Low,SUV,Rainy,0,Urban,92.54,53.63,3.98,4.79,Classical,48.93,69,1480.18
8.79,32.6,1.2,Low,SUV,Rainy,0,SemiUrban,105.71,185.58,,4.64,Rock,4.52,20,977.12
21.06,96.53,1.0,Medium,Sedan,Sunny,1,Urban,119.2,287.58,4.35,3.09,Rock,45.28,60,1097.0
24.1,72.91,1.0,Low,SUV,Sunny,1,SemiUrban,109.46,197.62,,3.13,Classical,73.72,18,1208.27
2.81,17.96,1.5,Medium,SUV,Rainy,0,Airport,99.92,157.28,3.53,4.36,None,13.1,92,1192.08
24.69,59.78,1.0,Low,Sedan,Sunny,0,SemiUrban,,120.51,4.43,4.96,Pop,34.1,72,1039.81
7.65,29.29,1.0,Medium,SUV,Rainy,0,SemiUrban,,120.37,4.65,4.2,None,19.9,33,676.95
3.54,10.11,2.0,Medium,SUV,Rainy,0,Urban,94.69,115.77,4.82,3.87,Pop,39.35,62,1280.67
38.01,157.2,1.2,Medium,SUV,Sunny,0,Urban,105.86,102.29,3.16,4.16,Pop,14.96,22,1911.82
38.66,125.37,1.5,Low,SUV,Sunny,0,Urban,105.21,66.63,4.61,3.91,Pop,27.19,20,2159.3
32.53,87.64,1.5,Medium,Sedan,Foggy,0,Urban,101.3,239.27,4.94,3.43,Pop,13.45,97,1904.53
12.88,60.88,1.0,Medium,Mini,Foggy,0,Airport,112.41,128.84,3.1,3.56,None,41.24,58,825.73
4.81,17.7,1.0,High,Mini,Sunny,0,Urban,106.95,89.02,4.82,3.6,Pop,47.16,36,468.39
27.69,77.17,1.5,Medium,SUV,,1,Airport,110.97,201.05,4.91,4.2,Classical,58.71,9,2170.93
18.17,58.94,1.5,Low,Mini,Sunny,0,Urban,107.88,283.59,3.38,4.66,Rock,75.66,21,1299.45
5.76,22.9,1.0,Low,Mini,Rainy,1,SemiUrban,113.43,222.12,3.62,3.1,Rock,10.39,96,586.6
20.31,48.12,1.0,Low,Sedan,Sunny,0,SemiUrban,109.02,97.95,3.6,4.05,Rock,86.92,28,882.65
2.34,12.78,1.0,Low,Mini,Foggy,0,SemiUrban,110.33,153.53,4.9,4.06,Rock,69.97,15,455.0
36.46,123.62,1.5,Low,Sedan,Rainy,1,Urban,96.76,256.29,,4.92,Pop,10.79,91,2284.11
11.09,59.82,1.0,Low,SUV,Sunny,0,Airport,115.38,62.66,4.11,4.64,None,37.95,80,927.41
26.84,78.65,2.0,Low,Mini,Rainy,1,SemiUrban,94.66,134.14,4.16,3.78,Classical,37.81,44,2014.73
13.16,44.04,2.5,Low,Sedan,Rainy,0,SemiUrban,100.19,146.96,,4.22,Classical,70.41,31,1879.62
21.28,53.54,1.5,Low,Sedan,Rainy,0,Airport,116.68,163.16,3.45,4.31,Rock,14.98,33,1646.66
22.32,82.34,1.2,Low,Sedan,Sunny,0,Airport,93.26,189.66,,4.34,Rock,6.15,28,1325.72
8.21,43.9,1.0,Low,Mini,Sunny,0,Airport,116.0,173.42,3.83,4.82,Pop,2.5,23,718.07
,152.96,1.0,Medium,SUV,Foggy,1,SemiUrban,104.26,90.67,3.82,4.16,Pop,86.74,56,1596.93
31.23,85.15,1.2,Low,Sedan,Rainy,0,Airport,95.51,154.23,3.67,3.44,None,61.88,40,1662.91
37.64,162.31,1.0,Low,Mini,Sunny,1,Urban,112.12,142.26,,4.29,Pop,2.06,22,1474.44
35.9,93.76,1.0,Low,Sedan,Sunny,1,Urban,98.52,282.33,4.3,3.47,None,93.7,75,1302.39
24.32,70.09,1.2,Medium,SUV,Sunny,1,Urban,110.34,235.71,4.52,3.23,Pop,10.84,87,1452.75
36.95,112.07,1.2,High,Sedan,Sunny,0,Urban,113.73,266.52,3.64,4.22,None,74.87,58,1870.1
4.45,33.28,1.5,Low,Sedan,Sunny,0,Urban,107.08,227.41,3.0,3.56,Pop,85.47,64,859.22
8.64,33.21,1.0,Medium,Sedan,Sunny,1,Urban,,64.22,4.9,4.26,Classical,64.98,23,635.1
2.76,13.17,1.0,Medium,Mini,Rainy,0,Urban,118.05,168.51,4.75,4.64,Rock,7.09,84,625.61
13.69,52.51,1.2,Medium,Mini,Sunny,0,SemiUrban,106.51,244.5,3.92,,None,56.68,1,951.13
16.16,43.26,2.5,High,Mini,Sunny,0,Urban,94.57,197.86,3.77,3.12,Classical,45.29,79,2014.36
34.74,39.21,1.5,High,Mini,Sunny,0,Airport,111.29,239.64,3.89,3.17,Rock,75.9,82,5956.15
33.32,107.17,1.0,Low,Sedan,Rainy,0,SemiUrban,102.3,290.48,3.54,4.94,Rock,26.88,88,1374.77
14.91,,1.0,Low,Mini,Rainy,1,SemiUrban,105.94,111.85,4.23,3.18,Pop,69.55,29,706.28
11.96,33.03,2.0,Medium,SUV,Rainy,0,Urban,108.8,295.85,4.95,4.85,Pop,20.26,47,2045.54
22.17,93.78,1.0,High,Premium,Rainy,1,Urban,111.52,80.13,3.13,4.95,Rock,70.87,87,1484.34
6.5,32.76,1.0,High,Sedan,Rainy,0,SemiUrban,109.19,280.01,4.58,3.14,Rock,26.23,44,764.1
32.29,113.0,1.0,Low,Sedan,Sunny,0,Urban,96.99,98.3,3.12,4.07,Pop,98.7,54,1231.37
3.91,17.17,1.2,Low,Mini,Sunny,1,Airport,112.44,229.85,4.72,4.4,Classical,92.59,32,745.22
39.49,147.77,1.0,Medium,Sedan,Sunny,1,SemiUrban,114.22,245.82,3.29,3.07,Pop,50.77,59,1474.55
31.12,120.17,1.0,Medium,Sedan,Sunny,0,Urban,91.13,252.78,3.99,4.03,Rock,70.16,30,1360.28
8.75,72.46,1.2,Medium,Mini,Sunny,0,Urban,99.24,159.43,4.02,3.84,Rock,81.48,71,764.68
1.22,17.14,1.0,Medium,Mini,Rainy,1,Urban,119.33,92.34,4.26,4.02,Pop,68.28,89,472.97
32.8,97.41,1.2,Low,Sedan,Foggy,0,SemiUrban,95.33,249.01,4.21,4.1,None,81.36,29,1526.47
28.57,113.32,1.2,High,Sedan,Sunny,0,Airport,95.48,211.11,4.4,4.43,Pop,30.86,89,1621.8
29.43,92.55,1.2,High,Sedan,Rainy,0,Airport,107.74,114.48,4.7,3.25,Pop,12.15,83,1641.97
31.08,88.55,1.0,Medium,SUV,Sunny,1,SemiUrban,100.14,148.15,3.07,4.99,Classical,12.36,44,1240.99
3.89,31.27,1.2,Medium,SUV,Rainy,0,SemiUrban,109.71,124.4,4.48,3.56,Rock,64.42,85,879.85
14.98,51.33,1.0,Medium,Mini,Sunny,0,Urban,97.88,278.7,3.1,4.96,None,46.97,88,823.47
5.52,15.01,1.0,Low,SUV,Sunny,0,Airport,102.78,250.93,4.59,4.37,Pop,81.87,38,835.02
34.66,106.23,1.2,Low,Sedan,Sunny,1,Urban,119.95,270.63,4.59,4.37,Classical,5.86,33,1671.09
,75.78,1.2,Low,SUV,Rainy,0,SemiUrban,101.2,62.9,3.38,4.84,Classical,54.55,90,1304.84
,43.51,1.0,High,SUV,Sunny,0,Airport,92.58,215.26,3.42,4.77,Pop,15.88,40,1014.59
3.48,18.01,1.0,Low,Mini,Sunny,0,SemiUrban,112.27,116.9,3.16,3.45,None,70.46,13,351.66
13.13,27.57,1.0,Low,Mini,Foggy,0,Airport,107.66,237.05,3.48,4.39,Rock,32.42,2,829.54
13.68,65.69,1.2,Medium,Sedan,Rainy,0,SemiUrban,103.34,272.77,4.0,4.01,None,23.81,43,1202.66
29.45,121.32,1.2,Low,Mini,Sunny,1,Urban,117.26,241.48,3.78,3.98,Classical,0.81,65,1542.73
25.86,78.22,1.5,Low,Sedan,Sunny,1,Airport,94.4,277.71,3.45,3.03,Pop,51.17,34,1857.09
35.6,145.76,1.5,Medium,Sedan,Rainy,1,Airport,104.69,149.68,4.24,4.05,Classical,60.3,58,2418.97
19.42,64.56,2.0,Medium,Mini,Sunny,0,Airport,95.75,206.04,4.05,3.19,Rock,69.82,20,1933.93
5.66,15.22,1.0,Medium,Sedan,Rainy,0,SemiUrban,92.5,168.71,3.25,3.54,None,98.7,1,571.24
28.82,55.87,1.0,Medium,Sedan,Rainy,0,Urban,103.27,257.52,3.64,,Classical,56.55,41,1191.65
30.67,87.41,1.5,Medium,Mini,Sunny,1,Urban,118.42,190.77,4.88,3.8,Classical,65.23,26,1709.35
22.89,84.4,1.0,Medium,Sedan,Foggy,1,Airport,111.66,227.47,4.35,4.85,Rock,59.21,62,1178.78
31.07,120.24,1.2,Medium,Sedan,Rainy,1,Urban,97.04,207.73,4.9,4.6,Classical,68.83,84,1688.4
20.26,61.75,1.0,Low,Sedan,Rainy,0,SemiUrban,103.88,265.53,3.91,3.12,Classical,92.18,82,1032.14
21.39,73.49,2.0,Medium,Sedan,Sunny,0,Airport,113.92,182.07,3.04,4.43,Rock,96.59,40,2321.59
17.67,70.0,1.0,Low,Sedan,Rainy,1,SemiUrban,95.86,77.21,4.58,4.46,Rock,58.12,94,866.19
1.99,0.24,1.0,Low,Mini,Rainy,0,SemiUrban,96.11,287.22,3.19,4.56,Classical,58.85,92,483.73
5.21,20.46,1.2,Low,SUV,Sunny,0,Urban,95.43,188.98,4.89,4.31,Classical,82.97,18,837.77
2.23,10.28,1.0,Low,Sedan,Rainy,0,Airport,108.22,245.7,3.61,3.13,Rock,1.58,29,687.71
25.82,90.13,2.0,Medium,Sedan,Sunny,1,SemiUrban,90.87,219.76,4.32,4.31,Rock,19.29,98,2244.96
,65.21,1.0,Medium,Mini,Sunny,0,Airport,107.63,157.91,4.69,3.43,Rock,17.52,42,831.39
20.83,50.94,1.2,Low,Mini,Foggy,0,Airport,114.76,287.82,3.92,4.19,Classical,7.22,26,1218.05
36.4,126.73,1.0,High,SUV,Sunny,0,SemiUrban,113.48,233.21,3.86,4.36,Classical,35.98,91,1613.05
10.72,30.26,1.5,Medium,Mini,Sunny,0,Urban,110.0,107.88,3.37,3.21,Classical,75.2,95,908.36
17.0,43.77,2.0,High,Sedan,Sunny,0,Urban,96.58,298.95,4.46,3.93,Rock,59.55,93,1965.34
30.47,104.33,1.5,Medium,Sedan,Sunny,1,Airport,114.49,299.97,3.68,3.47,Rock,26.76,13,2167.16
9.92,25.42,1.5,Low,Sedan,Sunny,0,Urban,118.72,122.38,4.26,4.61,Pop,89.17,59,923.33
4.0,9.9,1.0,High,Mini,Sunny,1,Airport,95.51,296.3,3.49,4.86,Pop,31.24,49,625.89
12.3,30.39,2.0,High,Mini,Rainy,0,Airport,117.31,204.34,4.48,4.03,Pop,52.33,33,1883.37
,28.84,1.2,Medium,Mini,Rainy,0,SemiUrban,115.59,96.31,4.39,4.11,Rock,4.31,7,689.99
37.26,128.07,2.0,Low,Sedan,Sunny,0,Airport,119.38,294.56,3.02,,Pop,84.09,26,3196.82
32.52,105.73,1.2,Low,SUV,Rainy,0,SemiUrban,99.58,75.48,3.2,3.78,Pop,97.73,97,1644.73
25.7,,1.0,High,Mini,Sunny,0,Urban,118.02,209.35,3.16,3.29,Classical,89.12,50,1093.92
34.99,86.4,1.2,Low,SUV,Sunny,0,SemiUrban,95.39,259.28,3.07,4.41,Classical,40.86,19,1620.1
32.34,85.21,1.0,Medium,Mini,Foggy,1,Urban,95.26,257.32,3.12,4.92,None,15.69,66,1212.73
8.28,45.08,1.2,Medium,SUV,Sunny,0,SemiUrban,93.21,51.55,3.65,4.61,Rock,30.26,48,860.36
35.81,91.58,1.0,Low,Sedan,Sunny,0,Urban,102.83,156.29,4.53,3.78,None,91.62,99,1210.14
22.03,82.16,1.0,Medium,Mini,,0,Airport,90.37,72.19,4.07,4.33,Classical,97.4,22,1051.35
32.49,76.45,2.5,Medium,Sedan,Foggy,0,SemiUrban,101.44,114.9,3.21,4.99,Classical,5.99,24,3069.95
35.95,84.53,2.0,Low,Sedan,Sunny,0,Urban,108.78,284.51,3.1,3.08,None,13.23,33,2669.41
13.4,49.43,2.0,Medium,Mini,Sunny,1,SemiUrban,92.35,271.11,3.21,3.56,None,82.11,66,1443.23
5.29,18.34,1.5,High,Mini,Rainy,0,Airport,114.55,214.8,3.75,3.16,Classical,17.18,71,1138.51
9.89,44.15,1.2,Medium,Mini,Sunny,0,Urban,98.78,274.6,3.61,,Pop,38.68,30,869.62
17.66,62.82,1.2,Medium,SUV,Sunny,0,Airport,91.39,129.06,4.42,4.68,Pop,3.65,36,1351.54
32.9,96.62,1.0,Medium,SUV,Sunny,0,SemiUrban,101.24,257.04,4.25,3.73,Pop,20.75,7,1392.29
34.57,124.34,2.0,Low,Mini,Sunny,0,Airport,94.15,221.24,4.75,3.79,Classical,17.71,73,2724.47
1.27,13.54,2.0,High,Sedan,Sunny,0,Urban,113.86,233.5,4.9,3.59,None,81.64,88,1242.6
20.92,76.51,1.5,Medium,Mini,Rainy,1,Airport,100.02,71.44,3.0,4.13,Pop,5.98,24,1442.17
17.28,82.59,2.0,Low,Mini,Sunny,0,Airport,93.51,137.24,3.46,3.25,Classical,59.59,43,1787.62
9.66,,1.2,Medium,Sedan,,0,Urban,103.61,62.18,3.16,3.38,Rock,58.43,89,757.35
5.67,12.37,1.0,Medium,Sedan,Rainy,1,Urban,103.56,87.63,3.61,3.16,Classical,94.91,43,565.6
14.17,39.93,2.5,Low,Mini,Sunny,0,Airport,98.27,117.87,4.19,3.29,Pop,9.99,61,1854.38
37.77,94.44,1.2,High,SUV,Sunny,0,SemiUrban,99.81,196.42,3.53,4.69,Pop,64.19,4,1858.93
13.6,30.97,1.2,Low,Mini,Rainy,0,Airport,113.07,239.97,3.38,3.36,Pop,75.99,56,1026.01
21.23,62.02,1.0,Medium,SUV,Foggy,0,Airport,109.16,77.12,3.77,3.97,Classical,0.82,3,1168.13
28.42,97.54,1.2,Medium,Sedan,Sunny,0,Urban,96.44,63.67,3.04,4.4,None,64.76,17,1391.21
15.18,44.84,1.5,Low,Mini,Rainy,0,Urban,118.45,270.91,4.95,3.38,Classical,11.48,77,1299.65
38.9,123.43,1.2,High,Sedan,Rainy,0,Urban,99.14,82.6,4.93,3.9,Classical,63.02,98,1736.38
38.54,76.79,1.2,Medium,Mini,Foggy,1,Urban,106.0,162.08,3.27,3.43,Rock,28.68,99,1517.06
10.82,32.27,1.0,Medium,Mini,Rainy,0,Airport,107.13,78.19,3.38,4.83,Pop,10.95,9,744.16
20.39,85.09,1.2,Medium,Mini,Sunny,1,Urban,96.41,183.76,4.13,3.07,None,45.58,56,1060.42
,44.68,2.0,High,Mini,Sunny,0,Urban,98.74,76.57,3.62,,Rock,62.33,76,1354.46
12.11,31.63,1.0,Low,Mini,Rainy,0,SemiUrban,104.42,240.57,3.02,4.76,Classical,31.7,99,747.93
2.44,13.55,1.0,Medium,Sedan,Sunny,0,SemiUrban,97.69,71.39,3.11,4.57,Rock,52.74,55,427.08
24.77,88.68,1.0,High,Mini,Sunny,1,SemiUrban,99.17,157.55,4.35,3.47,Pop,36.93,21,992.32
20.6,62.41,2.0,Low,Mini,Rainy,1,SemiUrban,108.39,155.14,3.42,4.07,Pop,93.94,39,1860.48
3.01,17.25,1.2,Low,SUV,Foggy,0,Airport,112.01,280.19,4.08,3.12,None,59.59,98,953.54
11.87,33.63,2.5,High,SUV,Sunny,1,SemiUrban,114.03,157.45,3.55,3.56,Classical,32.48,37,2194.77
36.42,153.63,1.2,High,Mini,Sunny,1,SemiUrban,93.65,67.74,4.05,3.77,Pop,21.71,80,1665.81
10.34,40.15,1.2,Medium,Sedan,Sunny,1,SemiUrban,,185.85,5.0,3.15,Rock,57.75,42,864.66
6.65,31.48,1.5,Medium,Sedan,Sunny,1,Airport,118.09,231.24,4.38,3.33,Rock,98.04,92,1297.27
20.09,43.36,1.0,Medium,Mini,Sunny,0,Airport,107.42,134.34,3.69,4.69,Rock,47.91,59,905.24
39.44,138.94,1.0,Low,Mini,Rainy,0,Airport,108.14,202.14,4.93,3.94,Pop,91.17,22,1434.57
10.44,35.24,1.2,Medium,SUV,Foggy,1,SemiUrban,118.66,80.41,3.07,4.88,None,53.02,70,912.73
27.21,70.69,1.0,Medium,Sedan,Foggy,0,Airport,116.08,156.33,3.34,3.31,None,80.41,40,1307.86
30.7,75.76,1.0,Low,SUV,Sunny,1,Airport,106.73,91.48,,4.34,None,58.97,86,1272.08
10.27,34.65,1.0,Medium,Sedan,Sunny,0,SemiUrban,112.98,118.41,3.58,4.53,None,58.47,9,639.0
29.4,112.5,1.0,Medium,Sedan,Foggy,0,Airport,95.43,210.25,,4.55,Pop,42.14,44,1428.33
15.34,49.43,1.0,Medium,Sedan,Rainy,0,Airport,102.39,238.4,3.07,,None,68.69,27,1090.15
25.66,93.45,1.5,Medium,Sedan,Rainy,0,Airport,111.46,127.88,3.55,3.34,Pop,49.4,94,1951.94
25.71,86.13,1.0,High,Sedan,Sunny,1,SemiUrban,98.66,297.45,4.71,3.89,Classical,84.5,87,1205.08
21.9,74.76,1.0,Low,Mini,Rainy,0,Airport,103.62,121.2,3.8,,Pop,92.24,98,1002.89
4.52,12.24,1.0,Medium,Sedan,Rainy,0,Urban,95.18,87.54,3.41,4.14,None,49.13,74,523.66
33.58,83.8,1.2,Medium,Sedan,Sunny,0,Airport,116.93,266.86,4.04,3.75,Classical,26.31,57,1694.23
,37.51,1.2,Low,Mini,Rainy,1,SemiUrban,116.87,212.43,3.73,3.03,None,44.97,56,872.45
8.27,17.48,2.0,Low,Sedan,Rainy,0,Urban,104.35,219.89,3.56,4.22,None,70.42,80,1294.21
2.59,9.33,1.5,Medium,SUV,Rainy,0,Urban,95.76,248.58,4.7,4.79,Pop,50.27,50,1134.64
24.04,83.63,1.0,Medium,Premium,Sunny,0,SemiUrban,110.38,299.87,4.7,3.41,Classical,39.63,41,1487.62
27.43,85.35,1.0,High,SUV,Sunny,0,Airport,96.41,121.03,3.84,4.99,Pop,2.69,57,1453.53
1.65,21.29,1.0,Medium,Mini,Rainy,0,SemiUrban,96.86,187.01,4.21,3.42,Rock,18.37,92,438.73
20.97,72.85,2.5,Low,Mini,Sunny,1,SemiUrban,119.16,226.06,,4.14,Classical,84.09,76,2238.76
9.83,26.27,1.2,Medium,Mini,Foggy,0,SemiUrban,92.99,86.55,4.41,3.96,None,76.43,12,547.63
,76.24,1.0,Medium,Sedan,Rainy,0,Urban,101.38,126.71,3.67,4.54,Rock,8.37,25,1205.74
7.8,25.17,1.0,Medium,SUV,Rainy,1,Airport,106.65,126.66,4.32,3.98,Rock,10.62,77,892.66
27.95,96.07,1.2,High,SUV,Sunny,0,SemiUrban,93.23,131.86,4.84,3.67,Pop,93.38,58,1582.45
16.08,65.78,1.0,Medium,SUV,Sunny,0,Airport,91.17,229.55,3.11,4.92,Rock,79.75,40,1143.9
37.53,129.17,1.5,Low,Mini,Sunny,0,Urban,106.27,198.13,3.15,,None,40.61,34,2072.72
6.36,27.13,1.2,Low,Mini,,0,Airport,93.44,228.97,4.71,3.09,Classical,97.27,80,712.11
,46.18,1.2,Medium,SUV,Sunny,0,SemiUrban,97.54,178.09,4.2,3.89,None,97.3,92,995.44
5.43,30.41,1.2,Low,SUV,Sunny,0,Urban,,288.87,,4.0,Classical,99.77,26,828.56
37.06,112.01,1.0,Medium,Sedan,Sunny,1,Urban,100.42,180.16,,3.07,Pop,37.98,88,1381.86
35.22,106.96,1.2,Medium,Sedan,Sunny,0,Urban,111.32,200.89,3.21,4.37,None,53.28,34,1651.55
11.06,37.22,1.5,Medium,Sedan,Sunny,0,Urban,118.87,124.57,4.68,3.97,Rock,65.1,11,1004.6
26.74,91.61,1.0,Medium,Sedan,Sunny,0,SemiUrban,112.6,64.69,3.97,3.23,Pop,81.85,36,1092.64
32.87,133.86,1.2,Medium,Mini,Sunny,0,SemiUrban,120.0,253.88,3.58,3.67,Pop,19.43,66,1579.89
22.65,84.57,1.5,Low,Sedan,Foggy,0,Airport,101.67,264.11,4.24,4.0,Rock,32.73,49,1741.04
21.66,44.37,1.0,Medium,Sedan,Sunny,1,Urban,99.16,262.72,3.35,4.74,None,35.74,77,993.01
10.43,33.35,1.2,Medium,Mini,Sunny,0,Airport,96.38,250.41,4.08,3.92,None,83.47,33,912.11
4.63,7.51,1.0,Medium,Premium,Sunny,1,Urban,116.55,117.15,3.98,4.81,Rock,47.77,36,814.43
35.99,99.88,1.5,Low,Mini,Sunny,0,Airport,,193.7,3.48,,None,57.89,99,1982.8
36.12,75.0,1.0,Medium,Sedan,Sunny,0,Airport,111.33,253.73,4.34,4.29,None,78.21,46,1459.06
25.69,111.79,1.2,Medium,Sedan,Rainy,0,SemiUrban,110.24,206.36,3.7,4.24,Classical,63.74,64,1462.66
14.22,36.75,1.0,Low,Sedan,Foggy,0,Urban,91.71,289.64,4.7,4.46,None,91.38,77,852.21
14.62,70.27,1.0,High,Mini,Sunny,1,Airport,116.39,219.42,3.17,3.89,Rock,15.38,48,1024.49
29.31,101.56,1.5,Medium,Sedan,Rainy,0,Airport,104.6,190.17,4.54,3.84,Rock,47.15,48,2098.77
35.99,139.88,1.2,Medium,Mini,Foggy,0,Urban,96.71,298.85,3.88,3.44,Classical,38.79,22,1702.27
35.6,107.03,2.0,Medium,Mini,Sunny,1,Airport,119.37,183.64,3.62,4.12,None,81.59,89,2690.6
31.42,74.01,1.2,High,Mini,,0,Urban,,291.74,4.88,4.39,None,48.24,11,1462.87
26.04,86.56,1.2,Medium,Mini,Sunny,0,Airport,108.5,53.04,3.4,3.53,Classical,92.12,91,1297.39
4.28,37.02,1.5,Medium,SUV,Rainy,0,SemiUrban,119.65,187.52,3.85,3.46,Pop,28.05,1,1186.88
7.3,24.59,1.0,Medium,Sedan,,0,SemiUrban,,122.25,3.93,3.37,None,24.64,20,579.36
36.04,100.75,1.0,Low,Mini,Sunny,1,Airport,93.63,148.91,3.6,3.12,Pop,58.65,7,1403.94
24.65,68.48,1.0,Low,SUV,Rainy,1,SemiUrban,119.73,71.98,,4.83,Pop,4.97,53,1209.68
,8.61,1.0,Low,Mini,Rainy,1,Airport,107.93,116.05,4.81,4.82,None,66.0,20,519.11
4.96,9.08,1.0,Low,Mini,Sunny,0,SemiUrban,,192.41,4.79,3.31,Rock,76.67,19,390.36
26.88,76.81,2.0,Medium,Mini,,0,SemiUrban,114.53,230.33,4.26,,Pop,26.25,67,2150.54
1.2,-8.56,1.5,Low,Sedan,Rainy,1,Urban,91.44,277.58,3.65,3.79,Rock,35.66,5,700.13
7.27,25.36,2.0,Medium,Sedan,Rainy,1,Urban,109.63,107.94,4.26,4.15,None,66.52,6,1405.31
22.4,103.18,2.5,Medium,Mini,Sunny,0,SemiUrban,94.78,248.86,4.93,4.08,Classical,55.74,80,2546.48
27.98,76.64,1.0,Low,Mini,Sunny,0,Airport,92.63,56.13,,4.39,Pop,62.77,54,999.68
26.43,58.58,1.0,Low,Sedan,Sunny,0,Airport,100.62,273.46,3.33,4.21,Classical,56.02,21,1294.7
9.75,42.66,1.2,Medium,Sedan,Foggy,1,Urban,100.69,198.69,4.63,3.52,Pop,49.77,74,949.93
28.77,107.88,2.0,Low,SUV,Sunny,0,Urban,108.02,261.44,4.6,3.76,Rock,3.02,49,2726.39
,,1.2,Medium,Sedan,Sunny,0,SemiUrban,106.96,113.8,4.83,3.73,None,37.23,8,735.01
41.07,103.24,1.2,Medium,Sedan,Sunny,0,Airport,110.64,143.25,3.1,4.86,None,60.38,79,2927.34
30.11,82.73,1.0,Medium,Sedan,Foggy,0,Airport,95.22,74.27,4.53,3.09,None,79.94,51,1266.07
26.34,76.28,1.0,Medium,Sedan,Rainy,0,SemiUrban,116.13,69.72,4.09,4.56,Pop,86.26,88,1102.88
34.12,84.56,1.0,Medium,Mini,Sunny,0,Urban,115.76,256.62,4.08,3.89,Rock,36.18,42,1303.54
26.65,98.2,1.0,High,Mini,Foggy,1,Airport,96.49,124.25,3.7,4.47,None,69.94,56,1297.73
23.16,82.03,2.0,Low,Sedan,Foggy,0,SemiUrban,,138.16,4.57,3.61,Classical,8.25,69,1967.99
4.65,20.94,1.0,High,SUV,Sunny,1,SemiUrban,104.64,182.65,3.85,3.2,Pop,36.22,42,664.18
15.34,,2.5,Medium,Mini,Sunny,0,Airport,117.64,217.67,3.72,4.61,Classical,15.92,76,2352.63
11.34,37.62,1.0,Medium,Sedan,Foggy,1,SemiUrban,117.17,61.66,4.92,3.21,None,47.0,29,835.41
10.52,35.26,2.0,Medium,Mini,Sunny,1,SemiUrban,92.02,193.56,3.93,4.63,Pop,64.04,82,1243.99
38.95,,1.2,Medium,Mini,Sunny,0,Urban,118.74,202.52,4.59,4.07,Rock,94.11,48,1638.77
16.33,68.0,1.5,High,Mini,Rainy,1,Urban,,262.6,3.28,4.36,Classical,84.45,37,1567.75
35.79,97.48,1.0,Low,Mini,Rainy,0,Urban,106.49,88.66,4.48,3.53,Rock,16.42,44,1217.86
25.61,69.94,1.2,Medium,Sedan,Sunny,0,Urban,99.35,162.57,4.34,4.36,Rock,76.3,3,1309.31
32.0,94.51,2.0,Low,Mini,Sunny,0,Airport,,168.55,4.02,4.79,Rock,57.79,27,2508.9
20.6,56.12,1.0,Low,Sedan,Rainy,1,Urban,108.8,261.89,3.27,3.36,Pop,81.93,22,1072.86
23.5,95.19,1.0,Medium,Mini,Sunny,0,Airport,107.51,140.62,3.24,4.64,Pop,47.68,70,1152.35
20.21,79.12,1.0,Low,Sedan,Foggy,0,Airport,95.02,70.26,4.35,4.16,Pop,20.17,19,1090.66
8.61,32.12,1.0,High,Mini,,0,Airport,119.09,200.31,4.71,3.43,Rock,7.75,90,779.04
29.18,103.68,1.0,Medium,Mini,Sunny,1,Airport,90.86,215.49,4.13,4.67,None,26.63,82,1246.57
11.95,44.75,1.2,Medium,Sedan,,0,Airport,100.3,195.6,3.92,3.45,Pop,19.41,94,1056.55
1.95,11.08,1.0,Low,Sedan,Sunny,0,Urban,114.04,172.47,4.04,4.76,None,61.01,68,598.6
26.17,112.98,1.2,Low,SUV,Sunny,0,Airport,115.53,103.28,3.31,3.72,None,64.46,48,1573.98
7.91,31.28,2.0,High,Mini,Sunny,0,Airport,113.92,184.66,3.1,4.4,None,44.19,18,1512.63
37.68,111.58,1.2,Medium,Sedan,Rainy,0,SemiUrban,,59.02,4.66,4.46,Classical,45.5,80,1704.44
,93.17,1.0,Low,Mini,Sunny,1,Urban,110.2,191.69,4.69,3.99,Classical,86.61,28,1219.75
36.68,123.29,1.2,Low,Sedan,Sunny,1,SemiUrban,112.93,172.27,4.51,4.68,Rock,14.42,42,1634.14
15.44,46.84,1.0,Low,Mini,Sunny,0,Urban,107.34,288.16,4.54,3.74,None,10.85,97,856.94
1.6,-0.14,1.0,Low,Sedan,Sunny,0,Urban,110.37,129.99,3.43,4.71,None,7.21,12,374.25
37.2,144.79,1.0,Medium,Sedan,Sunny,0,Airport,106.61,55.44,3.22,,None,47.58,66,1557.0
17.7,51.69,2.0,Medium,SUV,Sunny,0,SemiUrban,91.65,240.03,,3.08,None,78.09,20,2050.19
38.7,151.29,1.5,Medium,Premium,Sunny,0,SemiUrban,98.2,91.92,4.28,3.9,None,66.96,79,2534.95
38.58,158.24,1.0,High,SUV,Sunny,1,Airport,111.08,186.12,3.79,4.64,None,8.82,39,1698.85
34.27,94.71,1.2,Low,Sedan,Sunny,0,SemiUrban,97.25,103.71,3.03,3.53,None,50.42,64,1449.1
12.48,54.0,1.0,Medium,SUV,Sunny,1,Urban,103.66,184.86,4.9,4.43,Classical,4.09,88,952.03
16.02,43.2,2.5,Medium,Mini,Sunny,1,Urban,106.04,195.25,3.46,3.9,Pop,12.73,52,2038.57
34.19,69.62,2.5,Low,Mini,Rainy,0,Urban,110.13,215.43,3.01,3.62,Classical,20.92,61,3096.8
13.36,34.69,1.0,Low,Sedan,Rainy,1,Urban,97.77,143.25,3.77,4.78,Classical,42.85,34,820.57
7.61,37.14,1.0,Medium,Premium,Sunny,0,Airport,107.86,65.28,3.43,3.96,Classical,36.63,2,993.58
22.72,47.06,1.2,Low,Sedan,Sunny,0,Airport,107.9,199.23,3.74,4.51,None,68.1,34,1305.52
,137.51,1.2,Medium,Mini,Rainy,0,Airport,115.35,266.13,4.88,3.93,Pop,76.08,92,1969.92
28.15,101.26,1.0,Medium,Sedan,Foggy,0,SemiUrban,106.56,181.36,4.24,3.61,Pop,90.72,19,1308.7
23.23,97.1,1.2,Low,Mini,Sunny,1,SemiUrban,98.85,112.56,4.29,4.84,Rock,60.72,60,1094.02
4.79,5.95,1.0,Low,Sedan,Rainy,0,SemiUrban,105.68,153.37,4.77,3.27,Pop,25.97,96,518.77
24.99,,1.2,Low,Mini,Sunny,0,SemiUrban,93.22,185.06,3.23,4.16,None,51.05,32,1160.24
39.61,,1.0,Medium,Mini,Sunny,0,Airport,108.23,71.92,3.2,3.39,Classical,63.93,50,1532.18
6.46,22.06,1.5,Low,Mini,Rainy,0,SemiUrban,117.48,192.02,4.71,3.23,None,18.37,29,962.23
21.21,96.37,1.2,High,Sedan,Sunny,1,SemiUrban,105.89,77.32,3.32,3.19,Rock,41.67,36,1246.76
35.22,137.22,1.2,High,Sedan,Sunny,1,SemiUrban,98.77,94.46,4.47,4.53,Rock,31.93,2,1648.86
29.89,67.7,1.5,Low,Mini,Sunny,0,Urban,102.17,148.26,,3.52,None,64.57,44,1543.93
28.18,82.29,1.2,High,Sedan,Rainy,0,Airport,117.06,249.84,3.95,,Rock,9.2,38,1704.13
28.4,83.65,1.0,Medium,SUV,Rainy,1,Airport,114.39,255.95,3.77,,Pop,82.08,39,1398.29
15.02,45.87,1.0,Low,Premium,Sunny,1,Airport,114.1,120.66,3.21,4.74,None,9.56,65,1171.11
12.45,49.4,1.0,Medium,SUV,Rainy,0,Urban,106.92,184.49,4.34,,None,83.18,24,1015.0
32.57,88.08,1.0,Medium,Mini,,0,Airport,101.89,73.42,4.71,4.39,None,13.87,9,1154.28
32.59,96.26,1.5,Low,Mini,Rainy,0,Airport,93.97,299.43,3.2,4.8,Classical,77.45,83,2157.75
34.82,,1.0,Low,Mini,Foggy,0,Airport,119.27,213.49,3.72,4.17,Rock,86.6,22,1629.98
36.62,90.03,1.0,Low,Sedan,Sunny,0,SemiUrban,95.37,106.05,3.06,4.63,None,57.82,95,1201.54
20.94,78.24,1.5,Low,Sedan,Sunny,0,SemiUrban,,274.93,3.47,4.71,None,90.5,89,1445.14
20.56,55.33,1.2,Low,Mini,Rainy,1,Airport,112.93,137.44,3.52,4.61,Pop,29.26,12,1327.13
32.13,114.73,1.2,Medium,SUV,Rainy,0,Urban,100.52,118.81,,3.75,Classical,33.53,75,1792.65
26.35,89.31,1.0,Low,SUV,Sunny,0,SemiUrban,107.52,124.36,4.5,4.61,Rock,37.58,87,1190.26
28.38,92.5,1.0,Low,Sedan,Rainy,1,Urban,112.85,171.51,4.66,4.05,Rock,96.25,6,1273.08
,190.83,1.2,Low,Sedan,Foggy,0,Urban,106.68,58.36,,3.69,Pop,7.07,79,5636.61
35.71,93.29,2.0,High,Sedan,Sunny,1,Urban,104.72,212.86,3.27,3.41,Pop,0.79,19,2809.96
14.18,40.14,1.0,Low,Sedan,Sunny,1,Airport,91.52,286.94,3.61,4.39,None,5.2,9,889.11
15.65,68.3,1.2,Medium,SUV,,1,SemiUrban,104.63,253.88,4.49,3.61,Pop,48.93,92,1223.54
4.67,17.82,2.5,Medium,Mini,Rainy,0,Airport,,252.77,3.05,3.53,Classical,22.04,30,1776.86
23.55,57.39,1.2,Medium,Sedan,Sunny,0,Airport,116.42,243.51,3.3,4.18,Classical,48.71,90,1346.11
2.4,16.24,1.0,Medium,Mini,Sunny,0,SemiUrban,103.42,139.19,4.0,3.51,None,53.22,63,338.85
19.16,58.1,1.5,Low,Sedan,Sunny,0,Urban,,97.61,3.05,3.64,None,48.45,61,1300.86
22.16,46.2,1.5,Low,Sedan,Sunny,0,Airport,113.21,128.59,3.21,4.41,None,44.83,84,1495.03
12.18,42.05,1.2,Low,Mini,Rainy,0,Urban,104.03,93.2,3.64,4.35,None,39.32,36,799.94
24.04,71.31,2.0,Medium,Mini,Sunny,1,Urban,,262.73,3.48,4.86,Pop,32.31,51,2073.67
2.19,25.15,1.2,Low,Mini,Rainy,1,Urban,116.82,155.26,3.72,4.6,Rock,32.31,30,624.49
2.46,-6.2,1.5,Low,Mini,Sunny,0,SemiUrban,116.87,252.99,4.51,3.68,Rock,21.1,34,636.25
33.08,100.83,2.5,Medium,Sedan,Foggy,0,Urban,117.0,122.58,3.43,3.93,Pop,39.72,18,3335.69
,57.48,1.2,Low,Premium,Sunny,1,SemiUrban,98.18,85.94,4.25,4.13,Classical,54.87,3,1093.54
,30.08,1.2,Medium,Mini,Sunny,0,SemiUrban,99.46,267.65,4.76,3.8,Pop,93.95,67,646.53
21.37,85.15,1.2,Low,Mini,Rainy,1,Airport,117.56,249.73,3.61,4.97,Rock,72.51,91,1438.93
31.03,107.16,1.5,High,Sedan,Sunny,0,Urban,93.77,189.03,3.1,3.07,Rock,91.07,25,1956.93
9.42,35.28,1.5,High,Mini,Rainy,0,Airport,109.68,80.82,4.26,4.29,None,21.85,12,1267.69
25.29,50.35,1.0,Medium,Mini,Foggy,0,Airport,98.77,134.08,4.43,,Classical,24.84,44,983.93
4.33,9.88,1.5,High,Sedan,Sunny,0,SemiUrban,111.64,64.39,3.95,4.87,Rock,30.37,21,761.91
3.02,6.0,1.5,Low,SUV,,1,Airport,115.01,274.55,3.86,4.8,Rock,96.72,42,1260.79
21.72,,1.5,Medium,SUV,Sunny,0,Urban,102.24,110.06,4.49,4.84,Classical,52.78,92,1669.29
22.08,55.93,1.5,Low,Mini,Rainy,0,Urban,94.53,180.82,3.83,4.98,Pop,82.23,24,1326.28
25.86,114.59,1.0,Medium,Mini,Sunny,1,SemiUrban,111.97,285.46,3.01,3.65,Classical,81.37,13,1139.58
29.32,84.16,1.0,Low,Sedan,Rainy,0,Urban,91.67,205.78,4.78,3.98,None,88.55,12,1238.66
39.06,136.33,1.5,Low,Mini,Sunny,0,SemiUrban,90.45,205.76,3.51,3.37,Pop,20.58,75,2038.47
21.14,85.11,2.0,High,Sedan,Sunny,1,SemiUrban,116.32,258.21,4.22,4.63,Classical,51.77,50,2319.42
13.6,34.52,1.0,Low,Sedan,Foggy,1,SemiUrban,114.5,223.36,4.11,4.15,Rock,59.25,20,746.03
32.01,125.48,1.2,Medium,Mini,Sunny,1,Urban,107.46,171.44,4.03,4.38,None,51.35,32,1412.65
11.56,27.54,1.5,Medium,Mini,Sunny,0,Airport,109.96,80.55,3.49,3.12,None,85.4,31,1020.02
18.12,79.75,1.5,Low,SUV,Sunny,0,SemiUrban,118.58,174.17,4.48,3.12,Classical,93.74,88,1552.87
4.06,24.0,1.2,Medium,Sedan,Foggy,0,SemiUrban,91.88,95.49,3.49,3.15,Rock,22.12,14,649.09
1.99,6.24,1.0,Low,SUV,Rainy,0,Airport,96.5,172.96,4.88,4.43,None,5.79,45,685.07
38.54,96.46,1.5,High,Sedan,Sunny,0,SemiUrban,111.88,55.49,4.12,3.74,Classical,73.58,32,2029.69
33.6,120.77,1.5,High,Sedan,Rainy,0,Airport,97.92,138.12,4.54,4.49,Classical,50.95,23,2317.8
28.14,93.16,1.5,Medium,Mini,,0,SemiUrban,96.22,63.82,4.49,4.04,Pop,93.88,63,1515.65
16.95,41.5,1.5,High,Sedan,Foggy,1,Airport,103.27,86.41,,3.38,Rock,70.93,40,1514.62
7.76,9.53,1.0,Low,SUV,Rainy,1,SemiUrban,111.71,223.73,4.06,3.23,Rock,31.24,83,744.72
7.1,30.37,2.5,Low,Mini,Sunny,0,SemiUrban,96.32,294.08,3.11,4.85,None,53.12,79,1503.52
10.76,36.94,1.5,Low,Mini,Sunny,0,SemiUrban,102.89,191.18,3.18,4.32,None,89.85,78,821.35
22.42,69.26,1.2,Medium,Sedan,Rainy,1,SemiUrban,105.56,92.37,3.72,4.21,Pop,84.83,19,1302.29
28.87,90.72,2.0,Low,Sedan,Rainy,1,Urban,95.17,144.11,,4.23,Classical,46.72,13,2374.96
26.75,115.51,2.0,Medium,Sedan,Sunny,1,Urban,104.3,108.59,3.43,3.72,Pop,22.18,8,2419.14
11.92,22.26,1.5,Medium,Sedan,Sunny,0,SemiUrban,115.98,61.96,4.85,3.2,Pop,10.64,4,958.38
38.24,97.0,1.2,Low,Sedan,Sunny,0,Airport,112.38,278.27,3.95,4.76,Classical,17.17,31,1802.06
29.78,98.81,1.2,Low,Sedan,Sunny,1,SemiUrban,105.1,185.54,4.81,4.85,Pop,44.21,2,1373.02
22.62,59.03,1.0,Low,Sedan,Sunny,1,Airport,93.76,87.22,3.11,3.93,Classical,71.66,30,952.85
,70.52,1.0,Medium,Mini,,1,Airport,90.7,236.43,3.7,,Rock,17.18,83,1132.15
17.36,54.2,1.2,Low,Mini,Foggy,0,Urban,92.02,92.82,3.72,3.44,Classical,68.27,83,939.91
10.66,50.58,1.2,Low,Sedan,Sunny,0,Airport,112.51,101.63,3.08,3.02,Rock,30.46,62,855.78
14.88,66.09,1.0,Medium,Sedan,Foggy,1,SemiUrban,111.13,200.39,4.3,4.4,None,62.59,28,936.48
30.56,98.48,2.0,Low,SUV,Foggy,0,Urban,112.38,156.61,3.28,4.0,Rock,48.62,19,2682.71
1.56,17.35,1.2,Medium,Sedan,Rainy,1,Urban,99.22,273.68,3.69,4.9,Rock,87.29,87,787.08
5.53,41.51,1.2,Medium,Sedan,Sunny,0,Urban,92.7,199.18,4.96,3.09,Rock,92.46,53,816.19
2.79,12.04,1.0,Medium,Mini,Sunny,0,SemiUrban,111.43,95.61,4.86,3.67,Pop,38.5,85,436.5
2.59,20.53,1.0,Medium,Sedan,Foggy,0,Airport,117.67,168.68,3.52,4.97,Pop,36.95,91,731.35
34.36,86.18,2.0,Low,Mini,Foggy,1,Airport,103.57,231.68,3.63,4.24,Pop,61.29,42,2736.46
28.44,85.76,1.0,Low,Sedan,Foggy,0,SemiUrban,112.93,200.03,4.08,3.7,Rock,29.33,30,1186.9
19.49,56.23,1.2,Medium,Mini,Foggy,1,SemiUrban,111.84,130.3,3.57,3.4,Rock,58.58,33,1034.18
4.82,29.29,1.2,Low,Mini,Sunny,1,Urban,115.61,146.61,4.45,3.13,Rock,41.17,67,601.04
20.17,60.08,1.2,High,Sedan,Sunny,0,SemiUrban,90.85,216.41,4.13,4.85,None,47.65,21,1220.63
19.47,65.09,1.2,Low,Mini,Rainy,0,Airport,118.66,179.75,3.95,3.8,Classical,79.11,41,1202.63
7.75,34.97,1.0,Medium,Sedan,Sunny,0,SemiUrban,115.96,68.44,4.91,4.89,None,11.07,63,579.95
17.92,78.34,1.0,Low,Sedan,Sunny,1,Airport,116.29,187.17,3.43,3.7,Classical,14.87,98,1019.96
16.54,74.79,1.2,High,SUV,Sunny,0,SemiUrban,119.89,163.7,4.72,4.89,Pop,11.48,78,1293.66
25.02,,1.5,Medium,Mini,Sunny,0,Airport,109.18,253.73,4.45,4.62,Rock,62.18,65,1707.5
25.77,76.8,1.0,Medium,Mini,Sunny,0,SemiUrban,92.45,78.08,3.4,3.65,Classical,86.76,15,3816.61
2.77,9.18,1.0,Medium,SUV,Sunny,0,SemiUrban,114.68,50.26,3.37,3.85,Rock,90.2,3,563.03
,60.08,1.0,Low,Mini,Sunny,0,Urban,94.05,255.19,4.16,4.89,Rock,52.31,51,822.53
25.41,70.91,1.2,Medium,SUV,Rainy,0,Urban,112.14,102.81,3.16,4.49,Pop,64.84,69,1413.79
20.62,75.5,1.0,Low,Mini,Sunny,0,SemiUrban,102.72,57.88,3.96,4.61,Rock,69.04,92,763.2
34.4,112.57,1.0,Medium,Sedan,Rainy,0,Airport,90.2,105.25,3.67,4.25,Rock,46.1,31,1376.63
26.69,70.67,1.2,Low,Mini,Rainy,0,Airport,103.07,271.5,4.7,3.12,Pop,65.23,61,1425.83
7.35,31.91,1.0,Low,Sedan,Sunny,1,SemiUrban,113.9,92.79,4.19,4.72,None,35.38,74,475.93
3.75,26.44,1.2,Low,SUV,Sunny,0,Urban,92.62,130.0,4.28,4.56,Pop,62.74,5,745.19
26.05,70.0,1.0,Low,Sedan,Sunny,1,Airport,90.07,202.65,3.65,4.14,Rock,49.63,79,1140.73
2.03,23.73,2.0,Low,Sedan,Rainy,0,Urban,103.58,94.86,3.43,,None,16.09,95,1087.3
23.85,82.37,1.0,High,Mini,Sunny,0,Urban,90.04,211.29,4.07,3.46,None,84.5,63,1062.22
37.67,89.05,1.0,Medium,SUV,Sunny,1,Urban,118.04,226.67,4.89,4.85,Pop,26.59,40,1437.27
,72.32,2.5,High,Sedan,Sunny,0,SemiUrban,114.75,107.76,4.19,3.43,Rock,10.43,19,2635.5
16.14,57.27,1.0,Low,Mini,Sunny,0,Airport,,74.06,3.04,4.35,None,83.08,57,803.64
26.09,86.81,1.2,Medium,Mini,Foggy,0,SemiUrban,90.52,150.49,4.93,3.95,None,86.48,28,1258.05
18.87,70.21,1.0,Medium,Mini,Sunny,0,Urban,107.09,224.66,4.67,4.1,None,4.81,92,845.07
22.28,88.78,1.0,Medium,Mini,Sunny,0,Airport,,253.38,4.77,3.41,Rock,93.72,12,1132.7
37.72,76.12,1.2,Medium,SUV,Sunny,0,Airport,107.62,59.17,3.91,3.36,Pop,7.01,19,1780.82
16.06,47.89,2.0,Medium,Mini,Sunny,0,SemiUrban,118.41,184.14,4.79,3.66,Classical,20.88,85,1573.11
38.49,148.93,1.2,Medium,Mini,Sunny,0,Airport,114.94,114.34,3.52,3.06,None,0.63,67,1807.02
36.31,101.78,1.2,Medium,Sedan,Rainy,1,Airport,100.95,154.02,4.6,3.24,Rock,1.46,4,1793.08
8.64,23.7,1.2,Medium,Sedan,Sunny,0,SemiUrban,110.84,182.19,4.23,3.73,Rock,8.49,54,780.74
3.71,16.49,1.0,High,Mini,Sunny,0,Urban,103.83,233.81,4.91,4.22,Classical,88.54,49,609.77
4.93,11.27,1.2,High,Mini,Rainy,0,Urban,117.85,59.95,3.59,3.7,Rock,5.71,46,694.71
1.71,9.35,1.0,Medium,Mini,Sunny,0,Airport,108.54,92.59,3.25,3.15,Classical,74.49,3,514.24
4.68,29.81,1.0,Low,Sedan,Rainy,0,Urban,107.46,204.09,4.43,4.6,Classical,57.1,93,682.4
27.64,83.81,1.0,Low,Mini,Foggy,0,Urban,105.02,160.21,4.97,3.32,Classical,78.76,39,1109.99
3.78,34.27,2.0,Low,SUV,Sunny,0,SemiUrban,,102.47,3.29,3.11,Classical,83.23,74,1186.61
13.44,56.6,1.0,Low,Sedan,Sunny,1,Urban,94.44,66.25,3.2,3.7,Pop,42.24,99,692.41
33.95,80.38,1.2,Low,Sedan,Rainy,0,SemiUrban,98.22,278.7,3.86,3.93,Rock,15.23,42,1541.91
1.91,1.89,1.0,Low,SUV,Sunny,1,SemiUrban,99.98,140.73,4.44,4.78,None,0.15,3,483.87
32.76,123.43,1.0,Medium,Sedan,Foggy,0,Urban,94.62,152.64,4.19,,Pop,88.84,51,1338.23
11.99,56.84,1.2,Low,Sedan,Rainy,0,SemiUrban,114.38,62.28,4.88,4.17,Pop,54.44,80,921.11
5.61,21.15,1.5,Medium,Mini,Sunny,1,Airport,90.07,234.64,4.62,3.55,Classical,51.4,30,900.79
28.17,,1.2,Low,Sedan,Rainy,1,SemiUrban,117.47,298.04,4.15,3.24,Rock,74.09,26,1516.37
25.53,78.71,1.0,High,Mini,Sunny,0,SemiUrban,93.85,294.58,3.72,4.27,Pop,32.78,65,1126.16
35.22,129.97,2.0,Medium,Sedan,Sunny,0,SemiUrban,91.53,127.8,4.67,4.5,Rock,99.35,16,2714.28
29.67,111.95,1.0,Low,Sedan,Sunny,1,Urban,119.86,290.29,,4.09,Rock,56.81,19,1434.96
32.34,87.94,1.5,High,Sedan,Sunny,0,SemiUrban,119.99,151.91,4.75,3.67,Classical,7.11,76,1867.29
12.0,33.35,1.2,Low,SUV,Sunny,1,Airport,95.75,146.81,4.2,4.98,Classical,17.29,5,1098.77
7.92,30.81,1.2,High,Sedan,Rainy,1,Urban,94.01,257.91,,3.07,None,29.88,55,1040.95
30.27,115.29,2.0,Medium,Mini,Sunny,1,Urban,95.93,247.95,3.09,4.11,None,15.52,88,2476.29
32.47,127.38,1.5,Low,Sedan,,0,Urban,105.34,168.72,4.98,4.34,Classical,90.83,22,1897.95
39.63,142.0,1.0,Low,SUV,,1,Airport,99.64,161.86,4.51,,Classical,45.8,75,1738.17
17.09,63.82,1.0,Low,Sedan,Rainy,0,SemiUrban,100.09,292.11,4.16,3.27,Rock,41.86,26,1052.42
15.51,52.24,1.0,High,Mini,Sunny,0,SemiUrban,114.29,152.13,4.06,3.36,Classical,75.44,56,934.18
,79.41,1.0,Medium,Premium,Sunny,0,Airport,116.71,265.43,4.2,4.89,Classical,82.43,21,1646.02
14.29,34.85,2.0,Low,Mini,Sunny,0,Airport,119.09,236.61,3.09,4.81,Pop,26.22,49,1713.61
37.3,129.28,1.0,Medium,Premium,Rainy,0,Urban,105.44,76.73,3.73,3.35,Rock,4.73,9,1775.88
34.48,122.32,1.2,Low,Mini,Sunny,1,Airport,97.38,89.75,3.18,3.12,None,14.22,89,1509.64
17.73,58.74,1.5,Low,Premium,,0,SemiUrban,106.65,59.37,3.35,3.35,None,86.03,31,1619.44
,87.22,1.5,High,Mini,Sunny,1,Urban,116.13,58.79,3.67,4.76,Pop,41.68,45,1760.88
30.43,99.86,1.2,Medium,Sedan,Rainy,0,Airport,90.93,201.11,4.35,3.2,Rock,22.41,63,1737.95
5.02,11.48,1.5,Low,Sedan,Rainy,1,Urban,117.34,69.25,4.86,3.32,Rock,98.68,3,707.41
36.2,91.34,1.0,High,Sedan,,0,Airport,96.8,84.05,4.97,4.41,Pop,21.83,25,1354.47
20.7,57.05,1.5,Low,SUV,Rainy,0,SemiUrban,,111.09,4.5,4.64,Classical,80.33,38,1626.39
33.23,76.14,1.0,Low,Sedan,Sunny,1,Airport,100.92,188.33,,,Classical,99.97,89,1414.08
13.48,46.53,2.0,Low,Mini,Rainy,1,SemiUrban,117.41,107.24,3.64,3.39,Rock,14.06,28,1422.4
35.93,101.67,1.0,Medium,Mini,Rainy,0,Airport,95.28,148.98,3.61,4.61,Classical,68.03,73,1488.3
16.18,50.71,1.0,Medium,Sedan,Sunny,0,Airport,96.69,138.33,4.68,3.75,Rock,83.41,31,913.12
1.42,7.4,1.2,Low,Sedan,Sunny,0,Urban,111.93,149.08,4.55,4.35,Pop,92.07,23,538.61
36.31,121.9,1.5,Medium,Mini,Rainy,0,SemiUrban,118.04,282.26,3.13,3.5,Classical,29.55,73,2149.95
4.56,19.57,1.5,Medium,Mini,Sunny,1,Airport,93.14,292.42,3.99,4.11,Classical,7.89,52,1080.61
,61.04,1.0,Medium,Sedan,Rainy,1,Airport,105.67,68.12,4.28,3.67,Rock,3.84,19,963.44
38.05,134.81,1.0,High,Sedan,Rainy,0,Airport,117.43,77.63,3.03,3.47,Pop,35.78,66,1646.72
,102.14,1.0,Low,SUV,,0,Urban,116.58,63.67,4.19,4.46,None,15.24,62,1525.81
23.36,,1.2,Low,Mini,Rainy,0,SemiUrban,118.45,146.91,4.88,4.73,Classical,36.35,99,1161.97
25.64,102.87,1.2,Medium,SUV,Sunny,0,Urban,117.06,262.78,3.09,4.75,Classical,89.77,9,1609.2
18.49,73.8,1.0,Low,SUV,Foggy,1,Urban,99.44,249.96,3.34,3.88,Classical,23.26,94,1127.14
12.44,47.19,1.2,Low,Mini,Rainy,1,Urban,96.24,138.7,3.21,4.82,Pop,58.29,83,883.71
13.82,40.8,1.0,Low,Sedan,Sunny,0,Airport,117.04,237.68,3.74,4.04,Pop,97.73,61,943.29
27.23,86.14,2.0,Medium,Sedan,Rainy,0,Urban,111.36,294.75,3.74,3.71,Rock,37.98,96,2564.82
30.34,87.55,1.0,Low,Sedan,Rainy,1,SemiUrban,101.36,98.49,4.91,4.52,Classical,21.43,21,1185.98
31.87,69.82,1.2,Low,Sedan,Rainy,0,SemiUrban,111.39,290.97,4.6,3.55,Rock,94.67,3,1555.73
31.8,94.15,1.2,Low,Sedan,Sunny,0,SemiUrban,99.22,242.7,4.27,3.81,Rock,58.04,23,1432.52
4.56,34.23,1.0,Medium,Mini,Sunny,0,SemiUrban,107.44,78.67,4.28,4.6,Classical,5.47,24,417.3
20.28,52.03,1.0,Medium,Mini,Rainy,0,Urban,97.0,248.63,4.33,3.98,None,12.92,98,946.99
3.24,14.87,1.0,Low,Mini,Rainy,1,Airport,106.85,75.56,3.34,3.26,None,58.09,53,550.33
22.43,83.27,1.0,Medium,Sedan,Sunny,0,Airport,117.69,57.43,3.71,4.91,Pop,48.34,17,1008.17
18.22,48.8,1.2,Medium,Mini,Sunny,0,Airport,113.14,241.15,4.29,3.02,Rock,44.81,89,1147.7
35.62,137.41,1.0,Medium,SUV,Foggy,0,SemiUrban,109.68,273.74,3.07,3.49,Pop,54.72,66,1575.96
14.69,48.63,1.0,Low,Sedan,Sunny,0,SemiUrban,97.38,150.1,3.98,4.61,Classical,36.32,34,762.33
5.57,29.12,1.0,Medium,Sedan,Rainy,1,Urban,91.9,56.02,4.67,4.69,Rock,83.37,54,513.76
6.58,13.74,1.0,High,SUV,Sunny,1,SemiUrban,111.32,199.39,,4.35,Classical,94.61,48,3517.71
30.7,,1.0,Low,Mini,Sunny,0,Urban,107.28,108.32,4.73,4.23,Pop,31.49,31,1088.21
25.11,88.08,1.0,Low,Mini,Rainy,1,Urban,96.38,185.94,4.49,4.67,Rock,67.86,21,1069.7
4.94,14.92,1.2,Low,Premium,Rainy,1,SemiUrban,118.04,129.48,4.08,4.49,Pop,37.91,11,954.39
4.28,32.63,1.5,Medium,Sedan,Foggy,1,Airport,106.56,205.6,3.75,4.96,Rock,15.67,41,1167.52
28.34,78.51,2.0,Medium,Mini,Sunny,0,SemiUrban,107.16,115.08,4.31,3.92,Classical,20.97,98,1991.05
3.84,28.19,1.0,Low,Mini,Rainy,0,SemiUrban,98.96,87.11,3.99,3.54,Classical,24.21,69,448.77
33.05,97.23,1.0,Low,SUV,Sunny,1,SemiUrban,116.38,238.1,,3.01,Rock,49.25,10,1407.8
28.54,99.55,1.0,High,Sedan,Sunny,0,Airport,116.74,184.71,4.22,3.66,Pop,26.21,38,1347.36
,17.82,1.2,Medium,Mini,Rainy,0,Urban,111.45,129.35,3.5,4.65,None,51.47,88,659.06
4.31,29.93,1.2,High,SUV,,0,Urban,92.98,206.97,4.93,3.07,Classical,0.01,23,876.12
39.48,,1.0,High,Sedan,Rainy,0,Urban,92.53,121.8,,4.38,Rock,31.22,16,1586.97
15.6,53.75,1.5,Medium,Premium,Sunny,0,Airport,104.08,141.33,4.78,3.09,Classical,39.02,12,1818.98
15.46,76.21,1.2,Low,Mini,Rainy,0,Airport,94.26,143.96,3.98,3.95,None,62.26,50,1109.7
32.7,76.57,2.5,Medium,Sedan,Sunny,0,Airport,99.96,106.62,4.41,3.84,Classical,4.75,16,3218.94
37.94,126.84,1.0,Low,Mini,Sunny,0,Urban,95.14,160.22,3.4,4.87,Classical,92.3,98,1330.23
39.45,108.58,1.0,Medium,Sedan,Sunny,0,Urban,99.3,253.81,4.12,3.64,Rock,31.06,78,1430.85
30.38,110.93,1.0,Medium,Mini,Sunny,1,Airport,118.29,292.74,3.4,4.07,Rock,49.49,21,1332.55
15.67,51.52,1.0,High,Mini,Sunny,0,Urban,112.6,104.86,3.48,4.24,Classical,69.5,1,852.35
4.26,20.65,2.0,Low,Mini,Sunny,0,Airport,94.15,284.71,3.32,3.58,Classical,36.86,38,1220.17
31.31,114.43,1.0,Low,Mini,Sunny,1,Urban,110.07,119.47,3.9,3.5,Classical,62.99,64,1173.74
22.78,98.69,1.2,Medium,Premium,Sunny,0,SemiUrban,90.92,167.48,4.03,3.57,Classical,49.34,95,1549.46
17.54,74.72,1.0,High,Mini,Rainy,0,Airport,119.51,75.16,,3.26,None,47.43,44,1075.44
36.35,152.09,1.0,High,Sedan,Foggy,0,SemiUrban,105.95,202.01,4.23,3.23,Pop,18.37,52,1612.71
5.34,38.94,1.0,Medium,Sedan,Sunny,0,Airport,105.16,177.71,3.54,4.18,Rock,39.24,36,769.17
20.21,63.81,1.0,Low,Sedan,Sunny,0,Urban,,219.73,4.04,3.2,Classical,20.69,33,999.11
1.44,,1.2,Low,SUV,Foggy,1,SemiUrban,103.74,200.11,4.37,3.39,Classical,79.08,95,689.38
19.28,62.75,2.5,High,SUV,Foggy,0,Urban,105.79,295.35,3.12,3.34,Classical,13.27,20,3027.9
3.2,2.38,1.2,Medium,Premium,Sunny,0,Airport,109.75,242.54,4.72,3.28,None,4.25,33,1121.34
5.63,16.73,1.2,Medium,SUV,Sunny,1,Urban,91.38,291.37,3.72,3.28,Classical,39.34,28,866.69
5.58,29.79,1.0,Low,SUV,Rainy,0,Urban,100.27,181.38,4.03,4.6,None,1.56,30,840.01
26.32,84.3,1.5,Low,Sedan,Rainy,1,SemiUrban,101.61,120.36,3.89,3.48,None,35.78,20,1662.62
30.1,114.17,1.0,Medium,Sedan,Rainy,0,Urban,94.47,182.99,4.9,3.44,Classical,78.05,6,1333.34
23.75,83.88,2.0,High,Sedan,Sunny,1,Urban,97.19,166.69,3.38,3.26,Rock,79.93,61,2247.48
38.52,94.89,1.2,High,Mini,,0,Airport,97.1,156.8,4.25,4.4,Pop,37.94,11,1706.83
15.62,56.9,1.0,High,Mini,Rainy,0,Urban,114.31,150.27,4.66,3.28,Classical,62.03,23,1005.66
12.14,48.6,1.2,Medium,Mini,Sunny,1,SemiUrban,110.62,252.84,3.86,3.11,Pop,62.07,69,905.28
34.88,100.8,2.5,Medium,Mini,Sunny,0,Airport,117.68,235.28,3.67,4.99,Classical,43.36,19,3561.66
9.72,56.03,1.0,High,Sedan,Sunny,1,Airport,99.3,210.97,3.22,,Rock,54.02,35,875.11
38.57,121.73,1.0,Low,Mini,Rainy,1,Urban,116.45,211.26,4.44,4.4,Pop,62.38,71,1509.01
1.47,8.51,1.0,High,Sedan,Sunny,1,SemiUrban,115.91,143.48,4.57,4.76,Classical,44.07,34,562.34
38.83,128.37,1.2,Medium,SUV,Sunny,1,SemiUrban,103.44,159.58,3.63,3.0,None,94.56,21,1789.09
2.68,11.1,1.0,High,Sedan,Sunny,0,Urban,108.89,88.14,4.55,4.61,Classical,86.48,89,566.88
35.75,92.77,1.5,Medium,Mini,Rainy,0,SemiUrban,107.94,194.75,3.2,4.38,Rock,70.21,65,1939.72
21.58,91.48,2.0,Low,Mini,Rainy,1,Urban,99.23,85.05,3.86,3.67,Rock,56.5,33,1924.51
39.73,112.42,2.0,Low,SUV,Rainy,0,Urban,97.86,278.83,3.55,3.11,Classical,69.14,39,3286.83
3.88,18.74,1.0,Low,SUV,Sunny,0,Airport,95.07,153.92,3.55,4.11,Rock,83.01,2,702.83
22.6,60.84,1.2,Low,SUV,Sunny,0,Urban,115.13,60.66,4.86,3.61,None,11.64,44,1161.51
38.8,120.5,1.0,Medium,Mini,Sunny,1,SemiUrban,106.01,50.44,4.55,3.07,None,11.09,16,1280.76
21.4,44.75,1.2,Medium,Mini,Rainy,1,Airport,100.15,219.08,4.53,4.87,Classical,37.82,59,1243.03
25.55,70.93,1.5,Medium,Premium,Sunny,1,Urban,105.3,202.88,3.99,3.09,None,94.37,1,2091.32
28.13,106.43,1.2,Low,Mini,Rainy,1,SemiUrban,92.42,242.57,4.24,4.0,Pop,13.62,39,1397.99
18.73,63.71,2.0,High,Mini,Sunny,0,Airport,93.18,237.34,4.57,4.43,Pop,51.28,54,2086.91
25.47,66.38,1.5,Medium,Mini,Sunny,0,Airport,112.78,50.77,3.53,4.04,Pop,22.56,33,1547.75
23.79,45.69,1.0,High,Premium,Sunny,0,Airport,117.04,91.76,3.58,4.97,None,15.36,41,1382.86
36.15,118.1,1.2,Low,Sedan,Sunny,1,Airport,99.61,131.47,4.77,4.21,Pop,87.63,73,1822.86
2.77,18.81,1.0,High,SUV,Rainy,1,Urban,102.28,65.39,,4.17,Rock,69.35,34,722.45
11.96,51.31,1.0,Low,Mini,Sunny,1,Urban,,94.54,4.36,4.26,Classical,64.46,22,593.7
38.07,141.71,1.0,Medium,SUV,Sunny,1,SemiUrban,104.37,195.36,4.84,4.95,Classical,57.16,81,1671.0
35.72,106.29,2.0,Medium,Mini,Sunny,1,SemiUrban,,164.26,4.9,3.65,Pop,71.93,78,2444.16
18.77,48.96,1.0,High,Mini,Rainy,1,Urban,101.59,265.14,3.61,4.67,None,76.23,17,1070.19
25.19,55.17,1.2,Low,Sedan,Rainy,0,Urban,,105.97,4.9,3.17,Classical,37.03,51,1273.6
11.82,38.74,1.5,Low,Sedan,Rainy,0,Airport,98.16,183.83,3.28,4.31,Classical,39.31,11,1226.98
8.34,31.71,1.5,High,Sedan,Rainy,1,Airport,118.28,265.42,3.49,4.15,Rock,19.67,25,1430.99
19.08,69.1,1.5,Low,Premium,Foggy,1,Airport,99.25,65.11,3.8,4.26,Classical,86.28,37,1942.44
14.78,48.33,1.0,Low,Mini,Sunny,1,Airport,96.44,267.52,4.52,3.89,None,13.47,38,877.23
23.76,75.27,1.2,Medium,Mini,Rainy,1,SemiUrban,119.16,136.0,3.18,4.41,Pop,54.89,84,1271.56
4.03,9.84,1.2,Low,Sedan,Sunny,0,SemiUrban,96.86,264.88,3.44,4.33,Rock,2.98,59,603.63
39.0,105.73,1.2,Low,SUV,Foggy,1,SemiUrban,106.1,220.45,3.95,4.71,Rock,50.87,73,1782.1
39.46,,1.0,Low,SUV,Sunny,1,Urban,99.87,218.2,3.15,4.83,Pop,85.88,95,1378.9
28.23,53.95,1.0,Low,Sedan,Rainy,0,Airport,92.32,61.99,3.71,3.41,Pop,92.71,71,1182.76
21.91,39.28,2.0,Medium,Sedan,Sunny,0,Urban,118.59,285.3,4.23,4.48,Classical,84.35,75,1974.59
13.07,54.04,1.0,Low,Mini,Sunny,0,Airport,101.23,157.78,4.55,4.09,None,76.37,45,805.32
32.74,88.05,1.0,Medium,Mini,Rainy,0,Urban,109.34,77.09,,3.59,Pop,15.85,64,1254.58
27.7,103.19,1.0,High,Sedan,Sunny,1,Airport,115.87,241.7,3.9,3.38,Pop,59.73,96,1472.29
7.34,23.14,1.0,Low,SUV,Sunny,1,Urban,106.59,266.7,3.66,3.48,None,12.21,8,763.16
36.53,123.32,1.0,High,Sedan,Rainy,0,SemiUrban,111.39,282.37,3.74,3.81,Classical,8.07,51,1654.26
33.08,,1.2,High,Sedan,Sunny,0,Urban,113.54,176.6,4.08,3.97,Classical,1.1,14,1714.55
,125.43,2.0,Medium,Sedan,Sunny,0,Urban,101.45,150.95,3.79,3.63,None,22.48,63,2810.86
29.3,75.36,1.0,High,Sedan,Sunny,1,Urban,108.86,195.86,3.63,3.75,Pop,74.25,75,1272.49
24.92,67.7,1.0,Low,SUV,Sunny,1,Urban,96.18,124.21,4.25,4.82,Pop,48.02,35,1137.06
17.31,,1.2,High,Sedan,Sunny,0,Urban,91.66,148.2,4.99,3.38,Classical,16.57,73,1171.02
37.38,103.87,1.0,Medium,Mini,Foggy,0,SemiUrban,119.6,184.76,3.59,3.09,Pop,24.82,6,1282.62
34.78,96.24,2.0,Low,SUV,Sunny,1,SemiUrban,92.78,256.1,3.24,4.49,Rock,26.66,60,2659.16
2.76,,1.0,Medium,Sedan,Sunny,0,SemiUrban,102.86,263.36,3.29,3.67,Pop,82.25,95,528.8
2.03,6.93,1.2,Medium,Sedan,Sunny,0,Airport,92.02,82.8,4.21,3.51,Classical,27.94,48,612.78
15.68,58.03,1.2,Low,SUV,Sunny,0,Urban,117.68,83.49,4.11,4.89,Rock,21.19,90,1115.16
32.61,,1.5,Low,Mini,Sunny,1,Airport,93.28,96.05,,3.74,Classical,42.42,74,1863.59
39.5,,1.2,Medium,Sedan,Sunny,0,Airport,113.6,199.09,,3.84,Pop,88.42,87,2002.35
6.87,20.23,1.0,Medium,Sedan,Sunny,0,Airport,111.47,100.7,4.71,4.22,None,74.68,52,673.89
24.17,78.29,1.0,Medium,Mini,Rainy,1,SemiUrban,91.35,203.14,3.96,3.79,Rock,66.91,11,1065.26
15.85,66.48,2.0,Medium,SUV,Rainy,0,Urban,111.64,231.34,4.56,4.65,None,91.93,92,2257.02
38.83,138.93,1.5,Low,Sedan,Sunny,1,SemiUrban,119.08,264.63,3.09,3.9,Pop,79.71,45,2233.63
33.84,113.57,1.0,Medium,Sedan,Rainy,0,Airport,105.63,266.83,3.98,3.77,Rock,33.65,3,1574.61
33.69,98.82,1.5,High,SUV,Rainy,1,Urban,98.69,103.67,4.65,4.14,None,5.51,53,2249.33
57.84,134.31,1.2,High,Mini,,0,Airport,106.35,128.05,4.2,4.86,Pop,9.64,46,4167.53
,46.58,1.2,Medium,Sedan,,0,Airport,93.63,95.42,3.23,4.07,Classical,38.11,5,1083.13
11.66,35.63,1.0,High,SUV,Sunny,0,SemiUrban,118.68,220.12,4.77,3.62,Rock,35.56,85,818.16
3.2,15.74,1.5,High,SUV,Rainy,1,SemiUrban,100.96,221.7,3.37,3.68,None,84.26,52,1226.14
34.72,77.94,1.0,Low,Sedan,Sunny,1,SemiUrban,103.71,51.0,4.42,3.39,Pop,98.18,48,1160.5
32.7,112.14,1.5,Low,Sedan,Sunny,1,SemiUrban,102.04,91.21,3.14,4.25,Pop,95.76,50,1778.56
,143.12,1.0,Low,Mini,Foggy,0,Urban,90.84,133.71,4.08,3.06,Rock,65.74,8,1427.56
39.87,156.85,1.5,Medium,SUV,Rainy,1,Airport,91.03,101.8,3.6,4.37,Pop,40.44,51,2578.59
22.66,51.97,1.0,Medium,Sedan,Sunny,1,Urban,106.87,187.84,4.95,4.79,Rock,37.05,46,1030.49
30.99,,1.0,Low,Sedan,Sunny,0,Urban,105.07,60.11,4.8,4.3,None,2.42,14,1160.44
37.85,100.81,1.0,High,Mini,Sunny,0,Airport,119.59,256.55,3.88,4.68,None,86.93,46,1577.08
34.14,117.68,1.0,Medium,Sedan,Sunny,1,Airport,97.9,166.53,4.71,3.17,Rock,90.22,18,1544.68
10.65,17.32,1.2,Medium,Mini,Sunny,0,Urban,101.05,198.45,3.48,4.47,Pop,20.42,54,697.41
18.57,64.49,1.0,Low,SUV,Rainy,0,Airport,119.64,194.95,4.04,4.52,None,35.19,80,1177.93
6.04,8.69,2.5,Low,SUV,Foggy,0,Urban,91.44,162.67,4.66,,Classical,61.91,2,1653.36
38.21,73.43,1.2,Medium,Mini,Rainy,1,Airport,109.28,191.85,4.37,4.4,Classical,29.45,66,1701.16
,85.25,1.2,High,Sedan,Sunny,0,Airport,93.05,69.02,3.9,3.87,None,35.37,23,1420.32
9.92,40.88,1.0,High,Sedan,Sunny,0,SemiUrban,118.39,146.14,4.07,4.44,Classical,46.08,95,730.8
27.2,111.23,1.0,Medium,SUV,Sunny,0,Airport,98.64,227.47,3.58,4.39,Classical,36.34,1,1481.57
25.11,103.88,1.0,Low,SUV,Sunny,1,Urban,114.42,141.56,4.13,3.6,Rock,10.86,33,1270.3
14.97,,1.5,Low,Premium,Rainy,0,Airport,117.34,113.51,3.27,3.06,Classical,72.78,95,1786.6
5.43,18.61,1.0,High,Mini,Sunny,0,Airport,115.41,191.28,4.51,,Rock,15.96,66,695.36
27.19,,1.5,Low,Mini,Sunny,1,SemiUrban,106.71,169.15,4.99,3.59,Pop,85.71,15,1686.62
21.29,67.64,1.0,Medium,Sedan,Sunny,0,Airport,119.2,183.36,3.1,4.15,Pop,32.45,36,1134.67
31.12,67.18,2.5,Medium,SUV,Sunny,1,Airport,110.3,289.6,4.59,4.25,Pop,25.57,91,3682.93
21.29,66.42,1.0,Medium,Mini,Rainy,0,SemiUrban,113.58,87.5,4.68,4.77,Pop,71.04,49,857.32
34.24,102.15,1.0,Medium,Mini,Foggy,0,SemiUrban,97.32,204.12,3.07,3.06,None,77.25,81,5467.28
22.52,73.21,1.2,High,SUV,Rainy,1,SemiUrban,102.55,57.65,4.17,,Classical,31.17,50,1340.71
68.64,167.26,2.5,High,SUV,Rainy,1,SemiUrban,107.95,211.8,4.79,4.27,Rock,90.18,40,14828.43
35.19,134.82,1.2,High,Mini,Sunny,0,Airport,94.37,99.32,4.14,,None,66.42,72,1837.95
16.74,54.03,1.0,Medium,SUV,Sunny,1,SemiUrban,118.97,251.73,4.18,4.52,Classical,12.84,27,1049.08
,16.52,1.2,Low,Mini,Sunny,1,Urban,93.29,117.42,4.99,3.12,Rock,14.46,86,577.58
2.12,24.87,2.0,High,Mini,Rainy,0,SemiUrban,111.99,150.27,4.8,3.46,Classical,22.52,88,1109.37
30.45,92.23,1.0,Low,Mini,Sunny,1,Urban,91.74,178.94,4.27,4.28,Pop,78.24,64,1058.82
25.19,104.89,1.0,Medium,SUV,Sunny,0,Airport,93.08,202.49,4.03,3.68,None,93.56,14,1372.27
28.46,55.59,1.5,Low,Sedan,,1,Airport,,124.79,3.38,3.52,Pop,77.36,79,1761.76
9.31,,2.0,Medium,Mini,Rainy,0,SemiUrban,103.57,89.18,4.69,3.75,Classical,2.47,39,1213.59
6.32,24.38,1.5,Low,Mini,Rainy,0,Airport,90.11,208.8,3.57,4.73,Classical,14.83,94,992.77
1.57,-13.17,2.5,High,Sedan,,1,Urban,101.81,160.48,3.01,3.43,Pop,53.03,40,1222.74
14.67,37.72,1.0,High,Sedan,Rainy,1,SemiUrban,97.5,64.41,3.11,4.6,Pop,57.69,95,761.85
24.01,83.55,1.2,Medium,Premium,Rainy,0,Urban,116.15,184.21,3.39,3.72,None,83.85,49,1679.96
16.3,63.55,1.2,Low,SUV,Sunny,0,Urban,111.24,166.79,4.63,4.34,Pop,36.13,87,1180.01
18.06,49.54,1.5,Medium,Mini,Sunny,1,SemiUrban,112.12,178.08,4.95,3.29,None,86.13,79,1177.2
36.26,143.67,1.5,Low,Sedan,Rainy,0,SemiUrban,118.53,76.77,4.43,,Pop,15.94,13,2156.45
14.58,62.51,2.0,High,Mini,Sunny,0,Urban,111.3,168.24,3.33,3.26,Rock,19.42,61,1681.85
21.05,70.05,1.0,Low,Premium,Rainy,0,SemiUrban,94.82,236.31,,4.69,Classical,28.63,21,1373.57
31.56,129.21,1.0,Low,Mini,Sunny,0,SemiUrban,118.12,83.18,4.62,4.4,None,24.49,58,1193.81
16.47,41.27,1.0,Medium,Mini,Sunny,1,Airport,93.39,205.9,4.7,4.76,None,78.32,75,947.66
25.26,79.49,1.2,Medium,Sedan,Sunny,0,Airport,,94.47,,4.25,None,34.05,45,1327.31
34.63,137.02,1.0,Medium,Mini,Foggy,1,SemiUrban,98.55,127.27,4.03,4.29,Pop,11.22,95,1383.42
38.03,152.4,1.5,Low,Mini,Sunny,0,Urban,95.25,140.66,4.25,4.06,Pop,51.77,47,2008.19
6.74,,1.0,Low,Sedan,,1,SemiUrban,90.55,240.85,4.36,3.12,Classical,12.66,5,644.37
37.14,151.4,1.0,Low,Sedan,Sunny,0,Airport,103.77,106.52,4.37,3.07,None,82.35,1,1492.89
20.19,29.98,1.2,Low,Sedan,Sunny,0,SemiUrban,110.64,115.91,3.03,3.99,Rock,33.24,54,964.1
11.07,34.02,1.5,High,SUV,Sunny,0,Airport,102.64,267.52,4.92,3.99,Pop,49.43,40,1561.07
18.91,61.66,1.0,Low,Sedan,Sunny,0,Airport,97.04,235.86,4.16,3.45,Classical,88.38,1,925.93
39.22,144.81,1.5,Medium,SUV,Sunny,0,Urban,116.49,176.56,,4.18,Pop,40.14,99,2504.62
20.21,60.26,1.0,Medium,Mini,Foggy,0,SemiUrban,101.65,128.99,4.53,4.8,None,9.63,31,855.7
13.82,47.51,1.0,Low,Mini,Rainy,0,Airport,115.17,247.93,3.11,4.57,Classical,86.53,99,855.82
25.7,77.01,1.0,High,Sedan,Sunny,1,SemiUrban,95.35,190.65,3.33,4.13,Classical,13.74,99,1163.08
10.37,26.88,1.5,Medium,Mini,,0,Urban,100.0,132.59,3.79,3.52,Classical,75.18,75,1053.16
3.96,15.69,1.0,Low,Mini,Sunny,0,Urban,114.11,128.71,4.13,3.48,Pop,44.12,73,461.74
6.03,35.94,2.0,High,SUV,Foggy,1,Urban,90.91,164.32,3.84,4.66,None,77.03,32,1648.72
5.99,18.93,1.2,Medium,Sedan,,1,Urban,117.61,287.17,3.61,3.74,Classical,10.34,36,789.38
6.92,16.17,1.0,Medium,Mini,Sunny,0,SemiUrban,101.9,210.82,4.47,4.23,Rock,74.3,11,541.73
6.41,21.93,1.0,High,SUV,Sunny,0,Airport,119.34,219.84,3.01,4.77,None,60.81,31,999.07
25.99,70.14,1.0,High,Mini,Rainy,0,SemiUrban,,146.73,4.36,3.74,Rock,22.5,18,1188.15
8.09,28.93,1.2,Medium,Sedan,Sunny,0,SemiUrban,118.48,294.14,4.9,4.41,Rock,43.39,46,886.59
14.48,48.79,1.2,Low,Mini,Rainy,1,Airport,91.99,151.76,3.3,4.6,Classical,85.9,53,1061.52
35.97,146.92,1.5,Low,Mini,Foggy,0,Urban,111.66,52.99,4.71,3.3,Classical,53.9,24,2014.91
19.48,64.27,1.0,Medium,Mini,Sunny,1,SemiUrban,116.26,250.29,,3.16,Classical,13.35,3,935.99
27.03,78.66,1.0,High,SUV,Sunny,1,Urban,119.63,178.22,3.84,4.65,Classical,75.58,46,1309.52
,30.02,1.0,Low,Mini,Sunny,0,Airport,,87.56,4.95,4.8,None,12.38,93,643.59
8.5,30.18,1.0,Low,Sedan,Sunny,0,Airport,92.49,55.73,4.57,3.81,Pop,35.2,90,634.43
2.59,,1.0,High,Mini,Sunny,1,Airport,111.95,298.04,3.72,3.97,None,10.49,20,671.18
7.59,25.43,2.5,Low,Mini,Sunny,0,Urban,91.17,211.84,3.7,4.47,None,39.64,80,1329.97
11.87,42.82,1.2,Low,Sedan,Foggy,0,Urban,,166.45,3.64,3.39,Classical,85.65,45,834.9
7.9,25.34,1.5,Low,Sedan,Sunny,0,Airport,106.35,133.48,3.73,3.03,None,77.82,61,989.03
,20.29,1.0,Low,Sedan,Sunny,0,Urban,,68.05,4.95,4.71,None,90.99,19,489.3
5.7,34.08,1.0,High,SUV,Sunny,0,Urban,108.41,211.33,3.68,4.31,Rock,53.99,53,911.93
18.97,49.25,1.0,High,Mini,Sunny,0,Airport,90.42,142.24,3.89,4.36,Classical,65.54,32,952.45
9.05,24.7,1.0,Low,Mini,Sunny,0,Urban,105.1,297.42,3.42,4.16,Rock,63.23,7,603.78
15.21,56.57,1.2,High,SUV,Foggy,0,SemiUrban,98.6,77.13,4.28,4.12,Classical,4.98,45,1164.88
20.63,69.63,1.0,Low,Premium,Sunny,0,Airport,112.68,111.53,4.67,4.95,Classical,60.62,93,1298.89
27.93,112.25,2.0,High,Sedan,Rainy,0,Airport,100.45,150.86,3.57,4.26,Classical,47.1,78,2933.93
2.53,5.61,2.5,Low,Sedan,Sunny,0,Airport,100.7,249.35,3.43,3.28,Rock,36.04,58,1502.48
32.18,119.92,1.0,High,Mini,Sunny,0,Urban,109.63,244.25,,3.54,Pop,15.92,77,1371.46
25.49,57.23,1.5,Low,Sedan,Sunny,1,Airport,109.82,111.04,4.37,3.55,Pop,12.52,40,1597.77
4.19,-0.69,1.2,Low,Mini,Sunny,1,Urban,91.75,140.31,3.81,3.42,Rock,50.72,65,459.79
35.07,104.92,1.0,High,Premium,Sunny,1,Urban,108.78,64.78,3.3,4.73,None,16.72,66,1595.37
36.91,,2.0,Low,Mini,Rainy,1,SemiUrban,109.74,144.6,3.36,4.04,Classical,74.92,13,2635.26
3.38,22.18,1.0,High,Mini,Rainy,1,Urban,103.73,92.08,3.58,3.96,None,77.27,48,609.53
11.8,43.85,1.5,Low,Sedan,Rainy,1,SemiUrban,114.84,279.89,4.67,4.97,None,28.83,25,1295.26
32.44,72.37,1.0,Low,Mini,Rainy,1,SemiUrban,90.27,252.0,4.02,3.08,Pop,61.74,86,1160.11
30.18,79.0,1.0,High,Sedan,Sunny,1,SemiUrban,119.05,91.27,4.18,3.9,Pop,6.24,9,1306.29
8.2,39.42,1.2,Medium,Premium,Sunny,0,SemiUrban,101.28,172.69,3.4,3.43,Rock,90.73,8,1092.46
,28.74,2.0,Medium,Sedan,Sunny,0,SemiUrban,107.87,289.58,4.31,3.85,Classical,62.64,42,1503.57
15.45,58.29,1.0,Low,SUV,Sunny,0,Urban,91.03,152.65,4.68,3.32,Rock,35.51,72,931.59
,78.16,1.0,Medium,Mini,Sunny,1,Urban,111.27,162.02,3.4,3.29,Classical,55.18,25,852.09
25.11,91.2,1.0,Low,Mini,Sunny,0,SemiUrban,,135.38,3.12,3.53,None,34.97,16,959.98
15.39,63.64,1.0,Medium,SUV,Rainy,1,Urban,118.81,173.07,4.33,3.25,None,8.1,52,1103.31
19.04,82.26,1.2,Medium,Mini,Sunny,0,Urban,102.68,199.14,4.63,4.9,Classical,26.22,30,1064.67
30.15,102.66,1.5,Medium,Sedan,Sunny,0,SemiUrban,111.66,72.49,4.37,3.25,Pop,1.04,97,1644.77
2.43,9.42,2.0,High,Sedan,Sunny,0,Airport,92.23,73.13,3.86,3.93,Rock,77.25,87,1195.8
10.85,42.86,1.5,Medium,Sedan,,1,Urban,91.94,242.26,4.31,4.56,None,96.66,7,1251.67
28.82,101.79,2.0,Low,Sedan,Foggy,0,Urban,118.47,295.69,,4.69,Pop,30.62,42,2522.64
35.91,143.1,1.5,Low,Sedan,Sunny,0,Airport,97.6,172.81,4.25,4.92,Rock,71.71,64,2305.57
20.96,64.05,2.0,Medium,SUV,Rainy,1,Urban,117.37,265.34,4.06,4.11,None,52.36,81,2489.76
21.75,65.03,1.0,Low,Mini,Sunny,1,Urban,92.63,267.24,4.08,3.62,Classical,2.12,40,885.24
5.18,8.67,1.2,Low,Sedan,Sunny,0,Airport,109.13,142.39,3.94,4.28,Pop,97.45,30,728.79
18.45,78.55,2.5,High,Mini,Rainy,0,SemiUrban,106.55,132.21,4.38,4.19,None,96.25,92,2430.61
21.77,69.92,1.2,High,Sedan,Sunny,1,SemiUrban,118.99,232.4,4.69,4.18,None,88.97,11,1369.69
10.46,47.39,2.0,Medium,Mini,Rainy,1,Urban,102.12,277.63,4.44,3.71,Pop,31.5,21,1636.62
11.5,56.1,1.0,Medium,Sedan,Rainy,0,Urban,,263.4,3.45,4.76,Classical,13.39,71,796.05
15.71,44.0,2.0,Medium,Mini,Rainy,0,SemiUrban,104.22,129.82,3.73,4.11,Rock,31.48,61,1671.9
1.78,27.4,1.2,Medium,Mini,Sunny,1,SemiUrban,114.73,138.76,4.18,4.21,None,73.7,61,500.27
13.56,42.3,1.0,High,Sedan,Foggy,1,Urban,91.57,234.06,4.99,3.87,None,47.79,22,879.28
9.25,35.65,1.0,Medium,Mini,,0,Airport,,129.35,3.14,3.46,Classical,91.69,93,717.19
,52.18,1.0,Low,Sedan,Foggy,0,Airport,114.65,262.99,3.38,3.45,Classical,1.95,48,1066.31
5.67,3.51,2.0,Medium,Sedan,Sunny,0,SemiUrban,114.72,177.32,4.55,4.26,None,96.15,7,1109.65
35.73,80.15,1.2,Medium,Mini,Sunny,0,SemiUrban,96.0,123.16,3.38,3.03,Pop,95.8,61,1345.3
24.15,84.7,2.0,Low,Mini,Sunny,0,Urban,109.72,121.59,4.35,4.87,Classical,78.43,72,1977.0
27.48,105.26,1.0,Low,SUV,Sunny,0,Airport,91.93,245.98,4.99,3.87,None,50.73,56,1432.82
31.78,131.93,2.0,Medium,Premium,Sunny,0,Airport,112.97,81.17,4.28,4.72,None,35.82,57,3417.53
20.44,82.6,1.2,Medium,Mini,Sunny,0,Urban,99.16,282.98,3.96,3.86,None,95.56,11,1179.12
4.39,9.94,1.0,High,Mini,Sunny,0,Airport,96.92,153.36,,3.23,Rock,68.91,73,504.01
21.95,92.47,1.0,Low,Mini,Sunny,0,Airport,110.33,260.98,4.54,3.21,Classical,76.44,56,1128.6
23.89,93.91,2.5,Low,SUV,Sunny,1,Airport,117.35,248.08,4.42,3.0,None,80.82,46,3320.02
30.07,107.6,1.0,Low,Sedan,Foggy,1,Airport,91.25,244.81,3.23,3.58,Classical,86.05,95,1393.3
17.83,50.84,1.0,Medium,Mini,Rainy,1,Airport,94.31,218.61,4.26,3.86,None,50.15,20,939.57
5.98,17.48,1.0,Medium,Mini,Rainy,0,SemiUrban,97.67,174.86,3.03,3.05,Rock,95.65,36,549.09
12.07,29.83,1.0,High,SUV,Rainy,1,Urban,117.83,147.48,3.11,3.91,Classical,29.51,47,983.47
15.16,41.32,2.0,Medium,Sedan,Sunny,1,SemiUrban,116.31,195.19,3.08,3.26,Classical,79.07,8,1636.49
26.19,84.57,1.2,High,SUV,Sunny,1,SemiUrban,117.22,181.74,3.22,,None,12.71,25,1507.51
23.26,89.61,1.2,Low,Mini,Sunny,0,Airport,101.35,137.76,3.86,4.23,Classical,36.84,29,1331.89
14.89,44.27,2.0,Low,Sedan,Rainy,0,Urban,96.95,173.3,4.89,4.02,None,44.42,42,1756.27
39.47,92.76,1.2,Low,Sedan,Rainy,1,SemiUrban,95.75,141.27,3.15,4.04,Rock,55.41,84,1604.58
24.63,85.52,1.5,Medium,Sedan,Sunny,0,Airport,116.46,214.48,4.44,3.32,None,7.54,24,1888.3
10.25,,1.0,Low,Sedan,Foggy,1,Airport,96.94,258.76,4.01,4.2,None,39.55,94,925.88
4.97,26.14,2.5,Medium,Sedan,Rainy,1,Airport,105.93,246.72,3.55,4.95,Rock,31.18,91,2086.01
6.96,,1.0,Low,Sedan,Sunny,1,Urban,99.95,135.17,3.63,4.95,None,46.19,22,471.23
10.59,24.62,1.5,Low,Mini,Sunny,0,SemiUrban,,177.35,3.05,3.7,None,72.99,94,802.24
,28.83,1.2,Medium,Premium,Foggy,0,SemiUrban,100.37,52.66,4.4,4.46,Classical,15.13,6,973.6
8.28,9.76,1.0,Low,SUV,Sunny,0,Urban,98.79,267.57,3.2,3.88,Classical,68.25,67,758.27
12.12,42.33,1.0,High,Sedan,Sunny,0,Urban,102.82,111.35,3.07,3.28,Rock,35.7,42,758.69
7.76,37.46,1.0,High,Mini,Sunny,1,Airport,99.99,160.27,3.94,4.48,None,30.64,61,761.71
35.97,98.14,1.0,Low,Mini,Sunny,0,Airport,,88.14,3.95,3.69,Rock,40.23,63,1236.33
4.13,11.65,1.2,High,SUV,Rainy,0,SemiUrban,107.42,219.53,4.31,4.52,Classical,85.6,48,941.31
21.46,41.93,2.5,Medium,SUV,Sunny,0,Airport,95.29,186.32,4.41,3.76,None,6.73,43,2890.39
17.01,43.77,1.2,Medium,Mini,Rainy,0,Airport,97.08,141.2,4.02,3.35,Rock,57.45,5,1138.1
39.31,143.64,1.2,Low,Sedan,Foggy,0,Urban,91.61,183.8,4.42,4.71,Classical,73.48,31,1826.19
5.37,25.39,1.0,Medium,Sedan,Rainy,0,SemiUrban,98.99,92.18,3.5,3.1,Pop,62.42,16,468.5
16.52,,1.0,Low,Mini,Foggy,0,Airport,110.09,243.91,,3.73,None,53.54,63,993.2
38.81,103.32,1.2,Low,Sedan,Sunny,1,Airport,95.49,116.49,4.86,4.35,Rock,62.22,50,1734.46
34.75,109.7,2.5,Low,Sedan,Sunny,0,Airport,92.98,203.76,3.75,4.77,Pop,35.41,64,3585.08
32.87,103.26,2.0,Medium,Mini,Sunny,0,Urban,99.63,274.85,3.18,3.32,None,42.47,97,2553.19
11.06,42.7,1.0,Medium,Mini,Rainy,0,SemiUrban,108.38,59.65,4.65,3.19,Classical,38.8,5,641.66
7.66,22.6,1.2,High,Mini,Foggy,1,Urban,104.18,146.88,4.23,3.6,Rock,58.0,75,794.89
27.08,102.11,1.2,Medium,SUV,Sunny,0,Airport,99.97,83.73,4.18,3.51,None,88.47,64,1612.87
37.25,120.37,1.2,High,Sedan,Sunny,0,SemiUrban,116.49,277.16,3.27,4.39,Rock,47.27,77,1744.11
22.71,52.21,1.2,Medium,Sedan,Sunny,0,Airport,104.06,140.02,4.51,3.48,None,40.51,29,1238.95
23.29,72.88,1.5,Low,Sedan,Sunny,0,SemiUrban,103.65,103.34,3.41,4.25,None,67.76,3,1446.03
11.92,43.41,1.0,Medium,Premium,Sunny,0,Urban,90.95,219.12,3.08,4.31,Pop,19.82,90,1063.29
31.01,114.63,2.0,Medium,Mini,Rainy,0,Urban,109.18,185.8,3.32,4.61,None,89.23,90,2583.25
8.29,33.06,1.0,Medium,Mini,Sunny,1,Airport,103.78,254.23,4.4,4.21,Rock,75.69,40,733.26
13.62,55.95,1.2,Medium,Mini,Sunny,1,Airport,94.35,238.27,4.58,4.84,None,34.98,63,1073.14
17.59,50.23,2.0,Medium,SUV,Sunny,1,Airport,97.31,293.67,3.49,4.38,None,20.84,24,2356.38
20.8,79.85,1.2,Low,Sedan,Sunny,0,Urban,96.07,72.63,3.63,3.48,Pop,63.96,53,1046.34
10.45,23.49,1.0,Medium,SUV,Rainy,0,Urban,93.66,70.07,3.33,4.88,Rock,95.92,6,764.54
5.48,25.8,1.0,Low,Mini,Sunny,0,SemiUrban,103.07,276.84,3.91,3.38,Classical,87.46,50,572.29
24.81,82.53,1.2,Low,Sedan,Sunny,0,SemiUrban,100.9,288.93,3.44,3.37,Pop,7.72,20,1293.53
12.26,51.09,1.0,Medium,Mini,Rainy,0,SemiUrban,100.8,151.66,4.97,4.48,Rock,27.77,70,747.38
23.67,76.99,1.0,Medium,Sedan,Sunny,0,Urban,97.55,163.97,4.53,4.04,Pop,68.73,25,968.47
7.02,43.53,1.0,Low,Mini,Foggy,0,SemiUrban,103.09,142.17,4.19,3.32,Pop,54.27,29,567.47
19.76,62.39,1.5,Medium,Sedan,Rainy,0,Airport,106.43,244.42,4.44,3.23,None,19.47,61,1751.65
21.77,61.57,1.0,Medium,SUV,Sunny,0,Airport,108.35,242.7,3.33,3.34,Classical,86.61,67,1217.23
3.02,23.03,1.2,Low,SUV,Sunny,0,Urban,96.59,105.1,4.49,4.85,Pop,96.57,43,739.52
14.13,30.23,1.0,Medium,Mini,Rainy,1,Urban,111.84,145.97,3.69,4.17,Rock,38.79,65,751.56
6.24,28.42,1.2,Low,Sedan,Sunny,1,SemiUrban,90.81,103.11,3.94,4.46,Pop,59.37,92,533.44
3.47,32.01,1.0,Medium,SUV,Sunny,0,Urban,112.51,61.66,4.77,3.26,Classical,35.41,92,628.0
39.61,130.26,1.2,Low,Mini,Rainy,1,Urban,98.49,64.03,4.89,3.76,Pop,20.66,26,1686.18
13.57,58.07,1.2,Medium,Sedan,Sunny,1,Airport,101.1,86.71,4.54,4.11,None,89.81,45,1063.28
32.59,112.96,1.0,High,Sedan,,1,SemiUrban,107.42,57.47,4.54,,None,42.16,5,1362.15
10.93,29.51,1.5,High,Mini,Rainy,1,Urban,108.31,155.79,4.49,3.75,Rock,2.75,70,1099.91
27.58,69.05,2.0,Medium,Mini,Rainy,0,SemiUrban,102.63,66.0,4.25,3.19,Pop,32.3,14,2051.44
30.65,101.5,1.0,Low,Mini,Rainy,1,Urban,118.14,261.85,3.39,4.37,Classical,39.63,65,1252.62
24.23,70.02,1.2,Low,Sedan,Sunny,0,SemiUrban,115.75,228.02,4.18,4.2,Classical,16.99,28,1148.33
19.39,74.21,1.2,Medium,Mini,Rainy,1,Airport,96.75,245.91,3.11,3.84,Pop,73.52,94,1279.6
17.06,56.19,1.0,Medium,Mini,Sunny,0,Airport,107.67,204.37,3.06,4.85,Rock,17.7,60,864.5
14.61,58.83,1.0,High,Sedan,Sunny,0,Airport,,215.97,4.68,,Pop,86.7,76,1039.75
37.25,81.52,2.5,Low,Mini,Sunny,0,Airport,,78.35,4.08,3.73,None,60.73,25,3061.91
33.39,100.3,1.2,Medium,Mini,Sunny,0,Airport,90.55,64.54,3.03,,None,79.22,29,1497.77
38.64,111.92,2.0,Medium,Mini,Rainy,1,SemiUrban,119.27,297.3,3.55,4.6,Rock,68.13,2,2909.23
5.85,28.0,1.2,Medium,Premium,Sunny,1,Urban,,143.24,4.37,3.88,None,76.28,51,1036.91
29.5,85.18,1.0,Low,Mini,Sunny,0,Airport,99.61,62.82,4.88,3.94,Rock,41.72,38,1108.68
37.6,123.21,1.0,High,Mini,Sunny,0,Urban,97.17,89.91,4.69,4.17,Pop,59.33,44,1371.04
8.07,21.6,1.5,Medium,Mini,Sunny,1,SemiUrban,,268.55,3.89,4.32,Pop,38.15,38,894.38
3.59,17.51,1.2,High,Mini,Rainy,0,Urban,110.61,101.45,3.57,4.22,Classical,72.0,22,587.16
29.9,112.83,1.0,Medium,Sedan,Rainy,1,Urban,112.66,166.76,3.62,3.56,Pop,31.06,50,1407.62
23.4,88.89,1.2,Medium,Premium,Rainy,0,Urban,102.61,216.87,4.47,3.36,Classical,33.48,29,1704.19
33.83,105.12,1.5,Low,Sedan,,1,Urban,,291.47,4.61,3.06,None,82.78,67,2130.23
6.45,27.0,1.5,Medium,Sedan,Sunny,1,Airport,103.46,53.52,3.73,3.03,None,18.01,16,1000.07
32.02,,1.0,Medium,Mini,Foggy,0,Airport,105.49,171.9,4.25,4.78,Rock,39.9,95,1334.28
8.86,18.62,1.0,Medium,Mini,Sunny,1,Urban,106.3,299.01,4.49,4.99,None,57.33,85,657.39
,73.16,2.5,Low,Mini,,0,Urban,103.3,80.43,4.69,3.72,Classical,13.35,97,6059.6
7.41,19.65,2.0,Medium,SUV,Foggy,1,SemiUrban,,80.93,4.28,3.43,Classical,61.28,23,1312.92
32.77,118.88,1.0,Low,Sedan,Sunny,0,SemiUrban,104.15,71.76,4.73,3.8,Classical,37.38,72,1288.87
26.94,103.9,1.5,Low,Mini,Sunny,1,Urban,100.42,176.96,3.56,3.21,Pop,21.42,64,1602.06
64.2,167.31,1.0,Low,Mini,Sunny,0,Airport,106.7,137.1,4.4,4.26,Pop,5.71,63,2753.44
14.99,49.8,1.0,Low,Mini,Rainy,0,Airport,92.08,229.06,3.8,3.45,Rock,56.33,92,921.48
35.21,90.37,1.0,Medium,SUV,Sunny,0,Airport,116.38,192.82,4.86,,None,97.14,4,1602.31
16.31,65.42,1.0,Low,Sedan,Rainy,1,Airport,116.26,195.21,3.44,4.71,Rock,77.32,96,1083.93
32.85,103.75,2.0,Low,SUV,Sunny,0,Urban,106.92,177.76,4.57,4.14,Classical,39.62,59,2711.29
18.13,40.4,1.2,Low,Sedan,,1,Airport,112.11,298.02,4.86,3.27,Classical,18.96,14,1309.01
15.7,32.59,1.0,Medium,Mini,Sunny,0,SemiUrban,103.14,184.76,4.36,3.19,Pop,75.07,97,716.23
19.04,48.75,1.5,Medium,Premium,Rainy,1,Airport,107.71,68.09,4.58,4.31,Rock,86.37,24,1975.07
12.75,50.96,1.5,Low,Mini,Sunny,0,Urban,108.53,130.55,4.77,3.33,Rock,34.51,71,957.1
30.16,79.22,1.0,Medium,Mini,Sunny,1,SemiUrban,,245.17,3.62,3.39,Rock,6.22,66,5036.07
20.61,73.34,1.2,Medium,SUV,Sunny,1,SemiUrban,118.83,207.11,3.25,4.2,Pop,61.92,59,1364.4
10.06,32.48,1.5,High,Mini,Sunny,0,SemiUrban,108.08,220.99,4.87,4.82,Classical,9.17,19,997.29
36.08,123.49,1.5,Low,Sedan,Rainy,1,Urban,119.72,280.45,3.08,4.08,Pop,17.36,97,2329.03
15.97,63.8,1.5,High,SUV,Rainy,0,Airport,102.97,160.95,3.97,3.94,Rock,0.44,15,1810.99
22.2,102.51,1.0,Low,Sedan,Sunny,0,SemiUrban,90.97,54.88,3.64,4.72,Classical,26.09,95,1063.15
36.35,111.14,1.0,Medium,Mini,Sunny,0,Urban,99.07,297.52,4.11,3.59,Classical,76.18,70,1330.15
25.35,75.2,1.5,Medium,Sedan,Rainy,0,Airport,,163.64,4.98,3.07,None,82.07,3,1960.16
5.56,23.68,2.0,Low,SUV,Rainy,1,SemiUrban,117.31,74.4,3.09,4.12,Rock,94.81,3,1298.45
37.65,124.24,1.0,Medium,Sedan,Sunny,0,Airport,108.45,187.15,4.54,3.26,Classical,82.28,48,1562.76
25.48,77.19,1.0,Medium,Sedan,Rainy,0,Urban,104.15,197.55,,3.12,Rock,21.13,85,1264.62
14.06,,2.0,Medium,Premium,Sunny,0,Urban,92.42,191.08,3.52,3.19,Rock,52.35,85,2055.32
6.43,11.91,1.0,Medium,Premium,Sunny,1,Urban,94.34,291.23,,3.22,Pop,58.68,13,872.07
31.97,103.24,1.0,Low,Sedan,Sunny,0,SemiUrban,91.6,129.91,3.55,4.31,None,12.75,98,1080.16
25.18,67.72,1.0,High,Mini,Rainy,0,Urban,111.34,58.63,4.22,4.16,None,43.54,34,1081.81
21.8,77.11,1.0,High,Sedan,Rainy,0,Airport,114.93,279.94,4.93,3.64,None,30.53,18,1368.35
35.86,102.53,1.0,Low,Mini,Rainy,1,SemiUrban,94.93,97.81,,3.49,Classical,75.28,48,1186.22
31.76,123.87,1.2,Medium,Sedan,Sunny,1,Airport,99.76,237.36,4.67,3.0,Rock,7.97,14,1835.44
6.92,18.8,1.0,Low,Mini,Sunny,0,Urban,104.37,101.0,3.39,3.32,Rock,27.58,66,474.98
13.16,58.69,2.5,Medium,Sedan,Sunny,0,Urban,94.28,257.24,3.54,4.15,Classical,10.37,60,2045.92
10.69,32.05,2.0,Medium,Mini,Rainy,1,Airport,,276.6,4.58,4.11,Rock,46.3,14,1635.01
30.01,77.43,2.0,Medium,SUV,Sunny,1,SemiUrban,119.0,76.34,4.46,4.47,Pop,18.89,11,2469.82
2.31,8.98,2.0,Low,Mini,Sunny,1,Urban,111.57,86.82,3.58,3.07,Pop,10.5,54,781.16
23.23,88.26,1.2,High,Mini,,0,SemiUrban,95.01,281.32,3.86,4.59,Pop,65.84,55,1310.32
30.74,84.68,1.0,High,SUV,Rainy,0,Urban,92.96,242.68,4.3,4.16,Rock,84.51,66,1369.25
35.19,88.72,1.0,Medium,Sedan,Sunny,0,Airport,103.35,59.72,4.05,3.55,Pop,20.15,68,1355.58
14.34,46.66,1.0,Low,Sedan,Sunny,1,Airport,119.64,95.55,3.91,3.87,Pop,12.22,66,815.32
33.03,122.93,1.0,Low,SUV,Sunny,1,SemiUrban,113.8,153.02,3.2,4.6,Classical,66.03,75,1406.74
5.31,22.44,1.2,Medium,Sedan,Sunny,0,SemiUrban,98.79,266.05,3.87,3.97,Rock,4.33,15,715.84
34.01,109.71,2.5,High,Sedan,,0,SemiUrban,90.79,87.76,4.98,4.42,Pop,23.83,14,3323.07
5.97,12.54,1.0,High,Mini,Sunny,1,Urban,102.34,231.04,3.68,3.81,Pop,30.5,99,603.15
16.49,58.03,1.2,Low,Sedan,Foggy,0,Airport,94.82,70.93,4.39,4.09,Rock,91.96,46,1110.46
32.09,77.94,1.2,Medium,Mini,,0,Urban,95.41,166.79,4.01,4.67,Rock,35.11,3,1356.03
6.85,11.24,1.0,Medium,Sedan,Sunny,0,SemiUrban,94.87,232.25,4.59,3.99,Rock,53.25,63,605.98
9.94,42.68,2.0,Low,SUV,Sunny,1,Urban,111.59,66.18,,,Pop,77.3,67,1520.87
29.17,115.12,1.2,Medium,Sedan,Sunny,0,SemiUrban,91.08,101.06,4.89,3.84,Classical,84.52,46,1468.81
,119.54,1.0,Low,Premium,Sunny,0,Urban,106.94,247.95,4.3,3.38,Classical,9.56,52,1595.73
26.0,59.93,2.0,Medium,SUV,,0,Urban,112.58,90.88,4.9,4.95,Rock,75.42,48,2305.24
28.06,102.74,1.2,High,Sedan,Sunny,1,SemiUrban,94.69,216.88,3.08,3.04,Pop,75.37,17,1502.75
,72.68,1.2,High,Sedan,Foggy,0,Urban,116.79,210.55,,3.25,Pop,87.83,45,1376.46
10.82,49.16,1.2,Medium,Sedan,Sunny,1,SemiUrban,92.34,180.1,4.35,4.43,None,76.56,86,868.94
14.48,57.34,1.5,Low,Mini,Sunny,0,Airport,110.48,100.43,3.96,4.48,Classical,12.93,34,1123.51
8.08,44.66,1.0,Medium,Mini,Sunny,1,SemiUrban,95.16,154.24,4.86,3.31,Rock,30.08,30,557.66
36.43,70.19,2.0,High,Mini,Sunny,0,SemiUrban,114.18,205.44,3.28,4.27,Rock,42.34,78,2530.36
23.75,69.83,2.5,Medium,Premium,Sunny,1,Airport,107.14,270.43,3.96,4.77,Rock,11.32,68,3692.6
16.63,,1.2,Medium,Mini,Rainy,0,Urban,107.68,249.46,4.71,4.6,Pop,12.07,92,1059.91
19.02,77.13,1.2,High,Sedan,Sunny,0,SemiUrban,100.38,201.84,4.51,3.01,Pop,78.86,37,1177.77
,103.22,2.0,High,Sedan,Sunny,0,Urban,98.5,107.12,4.58,3.08,Rock,17.03,36,2878.18
6.98,,1.0,High,Sedan,Sunny,0,Urban,103.9,104.17,3.92,3.93,None,90.51,35,676.85
23.86,64.01,2.5,High,Sedan,Sunny,0,SemiUrban,112.73,253.47,3.68,3.7,Pop,21.25,68,2793.57
20.73,68.86,1.2,Low,Mini,Sunny,0,SemiUrban,95.05,216.11,4.01,3.19,Classical,49.08,61,3258.84
24.85,61.52,1.0,High,SUV,Sunny,0,SemiUrban,114.49,139.52,3.4,3.39,Classical,21.17,58,1130.07
1.71,2.83,1.2,Medium,SUV,Sunny,0,SemiUrban,104.4,292.87,4.28,4.89,Rock,94.11,55,686.21
35.01,105.18,1.2,Low,Sedan,Sunny,0,Airport,103.57,272.44,4.57,3.74,Pop,54.22,48,1814.12
37.35,115.33,1.0,Medium,SUV,Sunny,0,SemiUrban,90.5,217.88,3.14,3.44,Rock,55.96,47,1434.97
23.04,80.65,1.5,Medium,Mini,Rainy,1,Airport,93.73,142.31,4.2,3.32,None,87.12,55,7040.03
,107.29,1.2,Low,Mini,Rainy,1,SemiUrban,102.96,127.19,4.15,4.18,Pop,14.97,76,1333.71
36.98,90.3,1.5,High,Sedan,Rainy,0,Urban,119.44,284.85,3.53,3.93,Classical,8.68,15,2344.63
28.58,93.44,1.0,Low,SUV,Rainy,1,SemiUrban,97.5,160.87,4.99,,Pop,97.46,2,1233.74
6.95,,1.2,High,Mini,Rainy,1,Urban,90.31,250.0,4.0,3.74,Classical,91.85,49,856.02
23.48,43.19,1.5,Low,Sedan,Sunny,0,Airport,103.08,284.93,4.78,3.4,Classical,25.27,33,1731.96
24.66,,2.5,Low,Mini,Sunny,0,Urban,90.48,173.0,3.38,4.49,Classical,59.22,79,2537.1
17.54,63.3,2.0,Medium,Premium,Sunny,1,Airport,100.09,213.28,4.5,4.5,None,69.35,48,2685.95
29.72,89.34,2.0,Medium,SUV,Rainy,0,SemiUrban,100.62,71.56,3.16,3.06,Classical,92.67,51,2590.22
37.44,113.33,1.0,Low,Mini,Sunny,0,SemiUrban,90.07,213.15,3.14,3.43,None,21.02,86,1222.43
37.1,124.14,1.5,High,Premium,Rainy,0,Urban,113.39,103.77,3.38,3.12,Pop,78.82,83,2675.27
18.58,71.51,1.0,Medium,Mini,Rainy,0,Urban,117.39,217.63,4.47,3.18,Rock,17.86,26,946.61
5.42,26.7,1.0,Medium,Sedan,Sunny,1,Urban,119.96,75.26,4.99,4.91,Pop,55.94,68,574.26
39.41,130.93,1.0,Low,Mini,Sunny,0,Urban,105.26,173.8,4.62,3.91,Rock,20.05,51,1343.1
33.72,130.59,2.0,Medium,Mini,Sunny,0,Airport,99.2,180.25,3.85,3.4,Classical,29.77,54,2851.13
5.86,8.38,1.0,High,Mini,Sunny,0,Airport,111.52,170.88,4.29,4.93,Classical,53.18,96,689.92
36.91,119.98,1.0,Low,Mini,Rainy,0,Urban,112.09,239.18,3.95,3.95,Classical,31.95,85,1428.86
34.93,117.83,1.0,Low,SUV,Sunny,0,SemiUrban,101.38,238.63,3.49,4.37,None,99.72,73,1407.82
21.23,60.33,1.2,Medium,Sedan,Foggy,0,Urban,106.97,226.59,4.23,4.91,Classical,64.46,45,1234.41
24.06,107.76,2.0,High,Mini,Foggy,0,Airport,114.65,207.91,4.06,4.86,None,83.64,97,2623.26
16.56,75.84,1.0,Medium,Sedan,Sunny,0,Airport,95.68,276.1,4.08,4.93,None,19.68,21,1119.93
3.14,1.32,1.2,Medium,Sedan,Rainy,0,SemiUrban,90.61,193.91,3.13,4.68,Pop,13.02,32,646.94
14.07,55.57,1.0,Medium,Premium,Sunny,0,Airport,106.19,137.08,3.24,4.4,Pop,28.02,75,1163.0
32.31,109.16,1.0,High,Sedan,Rainy,0,Urban,109.93,64.8,4.0,3.42,Classical,81.45,70,1341.29
1.18,-5.07,1.0,Low,SUV,Rainy,1,Airport,107.25,183.95,3.72,3.37,None,19.84,74,598.28
14.01,56.65,1.0,Low,Mini,Rainy,1,Urban,107.89,106.94,3.85,3.71,None,24.56,2,786.1
16.53,37.67,1.2,Low,Mini,Sunny,1,SemiUrban,101.79,146.74,,4.8,Pop,74.31,44,812.69
21.96,85.54,1.0,Low,Sedan,Rainy,1,Airport,109.54,62.49,4.42,3.49,Rock,80.09,98,1036.59
36.87,106.24,1.5,Low,Sedan,Rainy,0,SemiUrban,91.28,210.22,3.36,3.42,Rock,54.75,8,2063.22
,33.97,2.5,Low,Sedan,Rainy,0,Urban,94.54,271.67,4.88,4.15,Rock,14.42,55,2129.99
,55.45,1.0,Medium,Sedan,Sunny,0,SemiUrban,103.34,131.29,3.94,3.46,Pop,83.47,90,827.53
29.76,119.01,1.0,Low,Sedan,Rainy,0,Urban,118.29,251.22,3.68,4.16,Pop,58.21,38,1333.01
18.64,60.09,1.5,Medium,Premium,Rainy,0,Urban,109.33,81.58,3.04,,None,93.22,31,1738.79
9.76,24.71,1.0,High,Premium,Foggy,0,Airport,100.66,230.78,3.71,3.71,Pop,20.65,94,1099.45
18.65,45.13,1.0,Low,Sedan,Sunny,0,Airport,103.74,69.94,4.25,3.91,Pop,14.62,43,825.51
6.49,38.99,1.0,Low,Sedan,Sunny,1,Airport,115.37,114.66,4.59,3.93,Rock,22.57,19,769.1
7.88,21.45,2.0,Low,Sedan,Rainy,0,Urban,,140.06,,3.24,Rock,19.02,16,1329.44
20.44,58.27,1.2,Medium,Mini,Sunny,0,Urban,91.44,89.2,4.15,3.22,Classical,80.55,2,1038.57
17.34,77.86,1.0,Medium,Premium,Rainy,1,Urban,102.51,96.12,3.87,3.3,Classical,9.52,33,1137.46
36.68,119.39,1.0,High,Mini,Sunny,0,SemiUrban,101.64,224.73,4.05,4.51,Rock,81.17,85,1384.76
15.13,50.87,1.0,Medium,Sedan,Rainy,0,Urban,117.0,73.94,4.92,4.54,Classical,64.58,33,835.13
23.64,100.91,1.0,High,Mini,Rainy,0,Airport,,283.48,4.93,3.86,Classical,91.69,28,1280.85
25.66,77.89,1.2,Medium,Sedan,Sunny,0,Airport,91.94,242.09,4.61,3.05,Rock,46.63,12,1404.83
1.51,7.58,1.5,Low,Mini,Rainy,0,SemiUrban,100.64,139.18,3.33,3.03,None,26.99,19,604.75
26.88,85.38,1.0,Low,SUV,,1,Airport,91.32,207.19,4.87,4.92,Pop,90.22,68,1334.99
7.94,48.51,1.0,Medium,Mini,Rainy,0,Urban,114.97,229.85,4.3,3.46,Pop,0.72,63,820.75
38.48,90.96,1.0,High,SUV,Sunny,0,Urban,107.71,198.62,,3.34,Rock,91.8,77,1466.81
6.8,22.56,1.0,Low,Premium,Rainy,0,Airport,104.08,204.56,4.12,3.17,Rock,62.48,22,1091.37
17.17,85.41,2.5,Low,SUV,Sunny,0,Airport,100.8,278.99,,,Classical,16.16,23,2983.48
,19.78,1.0,High,Sedan,Sunny,1,Urban,,270.27,3.96,4.45,None,29.31,33,691.26
39.88,145.79,1.0,Low,Mini,Rainy,0,Urban,113.64,278.45,3.86,4.92,Rock,59.01,8,1524.47
20.59,79.85,1.0,Medium,SUV,Sunny,0,Urban,95.4,271.3,4.79,4.69,None,9.71,19,1222.19
24.22,57.69,1.2,Low,SUV,Sunny,0,Airport,92.14,221.35,3.91,3.05,Classical,5.74,14,1440.94
3.62,26.51,2.0,Low,Mini,Rainy,1,Airport,106.85,172.94,3.44,4.63,Rock,51.89,22,1309.84
,85.47,1.0,Medium,Sedan,Sunny,0,Urban,115.77,171.85,3.46,4.93,None,3.35,40,1249.86
9.19,41.5,1.0,Medium,Mini,Rainy,0,Airport,106.87,242.89,3.26,4.05,None,77.1,81,841.96
36.02,122.73,1.0,Low,Sedan,Sunny,0,SemiUrban,113.88,280.99,4.11,3.33,Classical,69.69,99,1436.61
,16.5,1.5,Medium,Mini,Rainy,0,Airport,116.78,72.01,3.65,3.46,Classical,92.75,18,1104.41
8.44,27.42,1.2,Low,Sedan,Sunny,1,Airport,92.31,269.21,4.15,4.68,Classical,82.57,22,913.68
2.43,24.81,1.2,Medium,Sedan,Sunny,0,Urban,107.68,262.42,4.86,4.93,Rock,6.35,14,785.73
19.41,,1.2,Low,Mini,Sunny,1,Airport,114.98,71.9,4.91,4.91,None,20.2,93,999.52
,90.87,2.0,Medium,SUV,Sunny,0,Urban,109.31,214.14,3.61,,Classical,20.05,71,2360.75
3.56,18.66,1.0,High,SUV,Rainy,1,Airport,107.75,292.97,3.44,4.23,None,44.22,29,931.65
31.25,135.72,1.2,Low,Sedan,Rainy,1,Airport,113.64,262.91,3.11,4.34,None,54.66,62,1903.9
18.68,,1.2,Low,SUV,,0,Airport,111.22,65.71,3.55,3.85,None,46.28,20,1251.62
21.45,58.05,1.2,High,SUV,,1,Urban,105.05,281.3,,4.88,None,22.71,25,1421.74
18.19,53.16,1.0,Medium,Sedan,,0,Airport,91.32,93.27,4.21,4.64,Pop,91.51,36,941.6
16.63,56.98,1.0,Medium,Mini,Sunny,0,Airport,108.4,68.12,3.2,3.27,None,3.7,77,880.97
22.83,,1.0,Low,Sedan,Sunny,0,SemiUrban,96.4,106.96,3.49,3.26,Rock,3.02,38,1016.39
7.05,12.59,1.0,High,SUV,Sunny,0,Urban,97.62,170.81,3.08,4.12,Rock,75.9,9,761.81
8.1,37.8,1.2,High,Sedan,Rainy,1,Urban,110.39,253.81,4.55,4.07,None,28.49,90,1237.86
103.83,222.41,1.0,Low,Sedan,Rainy,0,Airport,103.59,116.78,3.54,3.04,Classical,74.37,82,7185.54
37.9,111.36,1.2,Medium,Premium,Sunny,0,Airport,111.5,147.56,4.14,3.91,Rock,29.92,10,2046.51
15.56,39.99,2.0,High,Mini,Sunny,0,SemiUrban,101.78,85.27,3.92,4.9,Classical,56.59,18,1430.78
11.56,33.78,1.0,Medium,Mini,Rainy,0,Urban,,122.89,3.95,3.89,Rock,86.55,24,729.18
26.12,100.72,1.0,Medium,SUV,Rainy,1,SemiUrban,102.81,275.52,4.33,4.34,None,18.76,7,1388.39
16.94,55.54,2.0,Low,Mini,Sunny,0,Urban,104.81,220.2,3.82,4.41,None,71.73,19,1550.46
1.99,23.47,1.2,Low,Mini,Foggy,1,SemiUrban,93.79,218.48,3.5,3.06,Pop,81.14,86,553.13
7.09,19.27,1.0,Medium,SUV,Sunny,0,Airport,105.11,112.46,3.82,3.56,Pop,97.38,13,757.05
28.92,92.18,1.0,Medium,Sedan,Rainy,1,Urban,97.19,86.55,4.65,4.88,Classical,19.08,65,1153.06
26.7,89.02,1.2,Medium,Sedan,Sunny,0,Urban,112.89,271.86,4.12,4.02,None,50.11,67,5126.42
2.06,18.56,1.2,Low,Sedan,Foggy,0,Airport,111.42,285.91,4.95,4.96,Rock,29.4,43,819.22
9.66,51.61,1.2,Medium,Mini,Sunny,1,Urban,90.48,63.4,4.57,4.79,Classical,43.57,42,754.52
10.01,34.06,1.2,Medium,Sedan,Rainy,0,Airport,104.81,182.54,4.65,3.56,Rock,6.65,2,1080.87
27.2,51.65,1.5,Medium,Sedan,,1,Airport,91.36,159.95,4.57,3.53,Pop,89.38,78,1667.07
1.77,,1.0,High,Mini,Sunny,0,SemiUrban,107.08,234.6,,,Pop,32.08,16,2403.76
5.06,25.64,1.5,Low,SUV,Rainy,0,Airport,117.05,125.45,4.61,4.02,Rock,98.89,10,1203.1
32.2,97.61,2.5,Medium,Mini,Foggy,0,Urban,116.02,205.14,4.26,4.79,None,44.04,64,3145.62
7.96,35.23,1.0,Medium,Mini,Foggy,1,Urban,97.31,70.65,3.45,,Pop,35.41,12,565.38
26.46,48.77,1.5,Low,Mini,Rainy,0,Urban,94.2,255.74,3.19,4.57,Pop,50.4,63,1520.6
10.29,39.88,1.0,Low,Sedan,Rainy,0,Airport,113.73,109.67,4.0,4.16,Classical,13.99,51,775.5
4.88,10.99,1.0,Low,SUV,Foggy,1,Airport,106.39,128.48,4.17,3.46,None,84.63,41,698.52
10.48,25.87,2.0,High,Sedan,Sunny,1,Urban,102.71,144.56,3.7,3.84,Classical,80.79,66,1399.12
29.17,115.2,1.0,Medium,Mini,Sunny,0,SemiUrban,114.31,101.65,4.26,3.83,None,82.33,63,1052.05
34.37,88.37,1.0,Medium,Mini,Sunny,0,Airport,97.58,252.22,3.3,4.98,Rock,41.48,3,1394.08
33.38,,1.2,Low,Sedan,Sunny,1,Urban,96.74,67.17,4.61,4.1,Pop,35.87,57,1505.41
16.49,54.96,1.0,High,Mini,Foggy,0,Urban,108.36,283.38,3.8,3.15,Rock,95.88,25,944.88
27.06,,1.2,Low,Mini,,1,Urban,98.18,282.65,4.45,4.15,Classical,56.78,56,1343.37
8.99,25.47,1.0,Medium,Sedan,Sunny,0,Urban,102.8,256.84,4.71,4.13,Pop,88.89,34,580.88
12.43,32.19,1.0,High,SUV,Rainy,0,Urban,103.64,288.04,3.48,3.96,Classical,25.96,98,981.73
35.96,90.94,1.0,Low,SUV,Foggy,0,Urban,96.15,240.29,4.09,,Rock,54.46,87,1413.79
1.51,-5.09,1.2,Medium,SUV,Rainy,0,Urban,91.85,190.65,3.25,3.5,None,67.44,34,708.65
4.33,10.22,1.2,Low,Mini,Rainy,1,SemiUrban,113.0,230.41,3.09,3.41,Classical,9.82,6,624.94
9.11,34.55,1.2,Low,Sedan,Sunny,0,Urban,113.51,50.99,3.08,3.18,Classical,88.38,7,769.23
2.03,9.46,1.2,Medium,Sedan,Sunny,0,Urban,107.95,221.36,4.9,3.76,Classical,44.17,93,693.44
8.08,32.68,1.0,Low,Mini,Sunny,1,Airport,94.46,60.51,3.09,4.44,None,79.68,24,627.89
,81.05,1.5,Medium,Sedan,Sunny,1,Urban,104.29,271.91,4.21,4.16,Rock,79.89,4,1744.19
17.44,54.2,1.0,Low,Mini,Sunny,0,Urban,95.34,274.13,3.11,3.03,Classical,68.14,37,793.71
35.81,102.17,1.0,Medium,Mini,Rainy,0,SemiUrban,,78.58,4.43,4.67,Pop,37.99,25,1253.2
32.88,99.46,1.5,Low,Mini,Sunny,0,SemiUrban,110.92,219.91,3.98,3.8,Rock,56.15,43,1792.6
14.33,45.58,1.0,Medium,Premium,Sunny,0,SemiUrban,90.94,217.04,,4.41,Pop,80.62,50,1046.52
11.12,49.12,1.2,Low,SUV,Sunny,1,SemiUrban,90.05,174.52,4.21,4.53,Classical,10.26,67,967.34
15.81,42.45,1.0,High,Sedan,Foggy,0,Urban,119.51,56.26,3.67,3.95,None,81.76,84,930.0
24.02,45.08,1.2,Medium,Mini,Rainy,1,SemiUrban,91.2,78.53,3.3,4.58,Pop,28.69,4,1064.28
11.45,31.63,1.0,Medium,Mini,Sunny,1,Urban,115.98,214.82,4.48,4.22,Classical,37.8,32,765.59
25.34,86.72,2.5,High,Sedan,Sunny,0,Urban,118.67,182.4,3.76,4.59,Classical,28.34,87,2978.96
16.97,,1.0,Low,Sedan,Foggy,0,SemiUrban,99.24,61.56,3.94,4.37,Pop,98.22,53,801.46
22.53,84.62,1.2,Low,SUV,Foggy,0,SemiUrban,106.2,179.39,3.08,3.33,Pop,71.31,79,1408.83
18.01,47.92,2.0,Low,Mini,Sunny,0,SemiUrban,109.42,262.31,4.13,3.48,Pop,99.8,79,1476.85
12.48,35.5,1.2,Low,Sedan,Sunny,1,Urban,105.61,272.62,4.03,3.85,Pop,9.61,66,870.37
37.99,122.77,1.2,High,Premium,Foggy,1,Urban,96.41,224.25,4.5,3.76,Rock,96.84,77,2118.26
30.78,100.52,1.2,Low,Mini,Rainy,0,Airport,107.44,215.66,3.96,3.62,Pop,22.65,94,1623.9
6.46,,1.2,High,Sedan,,0,Urban,97.76,242.28,4.69,3.93,Rock,1.86,12,896.4
34.87,125.22,1.5,Medium,Mini,Sunny,1,SemiUrban,,83.35,3.7,4.04,Rock,21.62,15,1768.4
20.01,66.33,1.0,Low,Mini,Foggy,0,Urban,105.17,97.55,4.49,4.82,Rock,18.41,77,815.7
35.89,102.06,2.0,High,SUV,Sunny,0,SemiUrban,101.16,171.43,3.48,3.6,Rock,74.74,65,2917.81
32.19,79.46,1.2,High,Sedan,Rainy,0,SemiUrban,90.82,162.76,4.73,3.11,Pop,67.17,94,1597.1
17.58,66.36,1.5,High,Sedan,Sunny,1,SemiUrban,118.49,96.09,3.7,3.63,Pop,35.57,71,1443.28
1.88,9.44,1.0,Medium,Mini,Rainy,0,Airport,91.19,219.56,4.47,4.43,Classical,18.52,71,569.48
11.48,55.66,2.0,Low,SUV,Rainy,0,Urban,,235.27,4.61,3.76,Pop,35.95,16,2020.85
22.12,75.52,1.0,Low,Mini,Sunny,1,Airport,95.69,117.71,3.33,3.39,Pop,96.57,47,940.77
25.71,98.76,1.5,Medium,Mini,Sunny,0,SemiUrban,94.26,128.23,4.6,3.77,Rock,30.17,81,1586.32
11.06,32.38,1.0,Low,SUV,Sunny,1,Airport,92.07,114.33,3.58,4.44,Classical,68.74,76,849.96
6.43,36.21,1.2,Medium,SUV,Foggy,0,Airport,102.77,119.65,4.19,3.19,Pop,33.54,99,1043.26
33.56,101.87,1.2,Medium,SUV,,1,Airport,107.61,141.17,4.04,4.39,Rock,80.58,15,1777.6
39.39,93.15,1.0,Low,Sedan,Sunny,1,Urban,117.11,160.27,4.17,3.27,Pop,57.59,86,1421.2
21.5,83.34,1.2,Medium,Mini,Sunny,0,SemiUrban,113.51,171.05,4.58,4.96,Classical,66.61,92,1153.89
7.7,35.48,1.0,High,SUV,Rainy,0,Airport,94.79,171.23,,3.89,Pop,3.79,27,1003.36
11.62,26.07,1.2,Low,Sedan,Sunny,0,Airport,95.03,204.32,3.5,3.78,Pop,73.57,32,881.18
1.72,15.09,1.5,Low,Mini,Sunny,0,SemiUrban,90.24,136.03,3.38,4.17,Pop,26.9,54,471.46
36.66,99.82,1.0,Low,Mini,Sunny,1,Urban,110.63,175.85,3.17,3.29,Pop,64.38,52,1255.75
,7.9,1.2,Low,Mini,Foggy,1,SemiUrban,90.52,176.52,4.41,3.67,Pop,41.91,56,572.01
23.48,51.77,1.2,Low,Mini,Foggy,0,SemiUrban,94.16,74.17,3.95,4.14,None,32.06,60,1064.07
11.69,45.34,1.0,Low,Mini,Sunny,1,Urban,109.04,207.34,3.3,3.14,Classical,35.06,37,637.44
22.61,73.77,2.5,Low,Mini,Sunny,0,SemiUrban,94.51,119.54,3.97,3.51,Rock,11.65,26,2110.41
26.41,67.22,1.2,Medium,Mini,Sunny,0,Airport,94.6,61.74,4.97,3.99,Classical,13.33,6,1280.24
33.36,91.99,1.0,Low,Mini,Rainy,0,Urban,,211.78,,4.35,Classical,11.78,52,1292.66
9.05,35.66,1.0,Low,Mini,Sunny,0,SemiUrban,101.56,62.1,4.74,3.62,Pop,67.41,76,410.36
1.43,14.96,1.2,High,Mini,Sunny,0,Urban,90.24,160.47,3.18,4.25,Pop,28.05,33,561.7
6.34,11.53,1.0,Medium,Mini,Sunny,0,Airport,112.38,205.29,4.8,3.5,Pop,95.99,91,696.57
36.1,149.5,1.0,Low,Mini,Foggy,0,Airport,113.21,299.65,4.12,3.87,Pop,82.05,94,1470.49
35.08,84.08,1.0,High,Sedan,Rainy,0,Urban,101.0,178.78,4.08,3.84,Pop,34.52,63,1317.5
24.3,89.3,1.2,Low,Sedan,Rainy,0,Urban,113.94,129.55,3.28,3.07,Pop,51.59,9,1342.96
24.42,59.28,1.2,Low,Mini,Rainy,0,Urban,98.54,173.0,3.91,4.88,Pop,78.5,71,1130.63
26.94,109.43,1.0,High,Mini,Rainy,0,Airport,119.57,98.93,3.97,4.51,Classical,14.62,57,1298.03
7.84,,1.2,Low,SUV,Rainy,1,Airport,101.93,159.49,3.28,4.17,Pop,18.26,29,1016.81
36.66,84.24,2.5,High,Sedan,Sunny,1,Airport,,268.27,3.67,3.65,Pop,37.87,22,3779.93
17.33,66.65,2.5,High,Sedan,Sunny,1,Airport,99.67,84.03,4.76,4.65,Classical,52.24,34,2568.11
15.94,61.14,2.0,Low,Sedan,Rainy,0,SemiUrban,103.52,182.54,3.07,4.41,Rock,12.71,73,1791.41
21.24,65.49,1.5,Low,Mini,,1,Airport,,205.2,,3.28,Rock,46.66,36,1522.03
2.83,6.09,1.0,Low,Sedan,Sunny,0,Urban,100.43,128.25,4.56,4.13,None,19.62,73,385.39
7.49,25.54,1.0,Low,Sedan,Sunny,0,Urban,109.7,233.98,4.94,3.53,Pop,87.91,58,689.72
29.78,113.64,1.0,High,Mini,Foggy,1,SemiUrban,94.38,215.93,4.32,4.45,Rock,93.52,62,1315.98
4.23,5.32,1.2,Medium,Sedan,Rainy,0,SemiUrban,104.51,166.0,3.08,3.84,Classical,73.56,69,668.42
24.52,73.01,2.0,Low,SUV,Rainy,0,SemiUrban,98.19,210.02,4.44,3.51,Pop,13.7,28,2338.58
10.57,39.68,1.0,Medium,Mini,Rainy,0,Urban,117.6,260.07,4.46,4.84,None,68.76,9,783.04
16.18,48.89,1.2,Low,Mini,Sunny,0,SemiUrban,114.74,200.1,4.07,,Pop,53.94,73,967.7
12.26,48.91,1.2,Low,Mini,Sunny,0,SemiUrban,104.62,192.2,3.76,4.64,Classical,84.95,33,727.52
14.87,32.38,1.0,Low,Mini,Sunny,0,Urban,103.61,205.36,3.88,3.19,Pop,38.15,55,693.42
,84.38,1.2,Medium,Mini,Sunny,0,Urban,115.02,218.89,4.89,4.51,Classical,98.06,38,1423.32
12.59,38.0,1.0,Low,Mini,Rainy,0,Airport,110.71,150.79,4.77,3.16,None,80.11,69,864.36
,83.56,2.5,Medium,Mini,Sunny,1,SemiUrban,110.5,259.2,3.57,3.21,Pop,20.23,49,2542.27
19.57,47.85,1.2,Low,SUV,Sunny,1,Urban,106.45,280.98,3.15,3.33,None,66.96,11,1202.11
26.88,80.06,1.2,Medium,Sedan,Sunny,1,SemiUrban,,205.47,4.49,4.38,None,51.87,72,1327.67
37.54,,1.0,Low,Sedan,Sunny,0,Airport,95.68,271.68,4.07,3.77,Rock,73.54,29,1596.87
29.57,67.76,1.2,Low,Mini,Sunny,1,SemiUrban,115.86,236.16,4.28,4.69,Rock,37.56,75,1298.45
9.38,36.25,1.0,Medium,Mini,Sunny,0,SemiUrban,105.62,155.74,4.89,4.49,None,1.35,45,575.12
2.22,22.25,1.0,Medium,SUV,Sunny,0,Airport,108.64,174.0,4.89,4.53,None,38.76,48,693.02
11.23,51.62,1.0,Low,Mini,Sunny,0,SemiUrban,118.87,192.53,4.66,4.86,Pop,65.82,29,621.06
24.21,97.77,1.0,Medium,Mini,Sunny,1,Airport,102.74,284.77,3.53,4.19,Classical,13.42,13,1155.98
3.01,15.79,1.2,Low,SUV,Sunny,1,Airport,110.04,212.02,4.6,4.71,Rock,93.86,31,921.67
20.36,82.06,1.0,Medium,Mini,Sunny,1,Airport,105.66,177.14,4.69,3.51,Pop,33.67,49,971.12
24.28,90.29,2.0,Medium,Mini,Sunny,1,SemiUrban,117.95,80.85,3.0,4.84,None,59.0,66,2017.27
14.04,47.59,1.0,High,Premium,Sunny,0,SemiUrban,,216.72,3.82,4.88,None,11.07,71,1194.59
31.07,98.99,1.0,Medium,Mini,Rainy,0,Urban,97.68,188.68,3.63,3.78,Pop,2.49,58,1179.85
5.16,32.04,2.0,Low,Sedan,Sunny,0,SemiUrban,104.48,285.0,4.69,3.67,None,52.35,51,1284.79
,7.58,1.0,High,SUV,Foggy,0,SemiUrban,117.5,135.51,3.22,3.6,Rock,47.26,89,664.59
29.4,90.14,1.0,Medium,Mini,Sunny,0,Airport,105.02,248.86,4.24,3.96,Rock,99.78,59,1141.58
20.32,57.0,1.0,High,SUV,Sunny,1,Airport,94.38,120.63,4.02,4.32,Pop,82.45,77,1131.49
27.85,66.95,1.5,Low,Sedan,Sunny,0,SemiUrban,106.25,92.94,4.85,4.01,Classical,70.29,60,1383.57
17.96,40.41,1.5,Medium,SUV,Sunny,0,SemiUrban,101.63,53.05,3.95,4.06,Pop,64.05,92,1250.58
,39.64,1.0,Medium,Mini,Sunny,0,SemiUrban,109.49,273.86,3.15,3.12,Classical,94.5,22,638.09
32.94,127.27,1.2,Medium,Premium,Sunny,0,Urban,97.24,161.15,4.78,4.79,Rock,89.31,88,1931.08
32.18,109.9,1.2,High,Sedan,Rainy,0,Urban,99.67,120.3,4.2,3.35,Rock,9.92,50,1712.4
28.09,92.42,2.0,Medium,Sedan,Rainy,0,Airport,105.5,150.79,4.34,4.44,Rock,31.46,65,2664.36
11.61,47.3,1.0,Medium,SUV,Sunny,0,SemiUrban,,227.96,4.44,3.61,None,21.44,46,845.37
24.02,77.66,1.5,Low,Sedan,Sunny,0,Airport,96.32,148.32,4.66,,None,66.98,31,1608.02
15.08,53.16,1.0,Low,Mini,Rainy,0,Urban,114.04,106.43,4.48,3.01,Classical,85.4,32,743.25
4.57,12.91,1.0,Low,Mini,Sunny,1,Urban,118.18,71.95,3.51,4.63,Pop,94.82,18,487.02
36.78,141.78,1.0,Low,Mini,Sunny,0,Urban,119.09,205.43,4.92,4.92,None,99.57,90,1391.51
6.34,33.3,1.5,Low,Sedan,Sunny,0,Airport,118.12,293.17,3.29,3.25,Rock,86.27,24,1205.84
38.06,93.61,1.2,Low,SUV,Sunny,1,Urban,118.26,208.7,3.83,3.38,Rock,34.05,82,1746.13
18.39,48.48,1.2,Medium,Sedan,Sunny,0,SemiUrban,114.63,286.72,4.06,3.14,Classical,20.16,56,1191.12
8.22,14.47,1.2,Medium,Sedan,Sunny,0,Airport,112.07,269.5,3.11,3.16,Rock,27.29,39,957.97
22.13,43.6,1.2,Medium,SUV,Sunny,1,Urban,96.96,88.96,3.25,4.1,Pop,69.82,2,1197.47
35.04,127.41,1.5,Medium,Mini,Sunny,0,Airport,103.25,269.76,3.38,3.33,Rock,64.76,89,2172.14
29.56,82.86,1.0,Medium,Sedan,Sunny,0,Airport,101.94,50.27,,3.44,None,83.98,77,1293.53
32.46,77.33,1.0,Low,Mini,Sunny,0,Airport,111.91,177.41,4.2,3.9,Pop,26.74,80,1253.99
26.69,113.31,1.0,High,Mini,Sunny,0,Urban,104.26,180.68,,3.96,Classical,56.47,50,1183.17
28.0,97.37,1.0,Low,Sedan,Sunny,1,Urban,100.81,231.71,4.47,3.58,Rock,90.66,76,1219.54
34.12,132.48,1.5,High,Mini,Sunny,0,SemiUrban,114.42,239.01,3.91,4.96,Classical,6.98,94,2083.84
10.74,,1.2,Medium,Mini,Sunny,0,SemiUrban,112.5,107.92,3.32,3.23,Rock,36.05,23,699.25
20.09,60.69,1.5,Low,Sedan,Sunny,1,SemiUrban,101.06,270.51,4.12,3.38,Classical,8.03,90,1386.48
,45.33,1.0,Low,Sedan,,0,SemiUrban,102.58,94.78,3.77,3.86,Classical,75.1,66,644.29
39.52,142.42,1.2,Low,Sedan,Sunny,0,SemiUrban,116.8,290.37,4.3,3.58,Classical,5.49,68,1845.03
37.82,148.33,1.0,Low,Premium,Sunny,1,Airport,111.98,296.28,4.96,4.67,Classical,94.6,42,1932.47
2.54,7.39,2.0,Low,Sedan,Sunny,1,SemiUrban,110.7,224.2,4.46,3.35,Rock,83.47,58,915.92
28.52,106.13,1.0,Medium,Sedan,Sunny,1,Urban,111.35,212.17,4.02,4.43,Pop,5.71,8,1248.47
37.08,157.43,1.2,Low,Mini,Rainy,0,Airport,93.07,294.8,4.23,3.25,Rock,81.84,92,1910.34
8.04,28.62,1.5,Medium,Sedan,Rainy,0,SemiUrban,106.91,110.5,4.55,3.54,Pop,10.98,56,975.52
23.15,88.03,2.0,High,Mini,Sunny,0,SemiUrban,98.73,210.67,3.46,4.48,Rock,70.1,9,2072.88
36.7,110.16,1.0,Medium,Sedan,Sunny,0,Airport,92.54,151.54,3.27,3.18,None,69.54,47,1442.42
2.32,13.28,1.0,Low,Mini,Sunny,0,Airport,111.93,91.89,4.15,4.82,Pop,96.4,99,512.79
28.2,103.39,1.0,Low,Mini,Sunny,1,Airport,99.13,81.94,4.49,3.64,Classical,45.71,71,1136.13
12.6,46.38,1.0,Low,Sedan,Sunny,0,Airport,99.3,225.09,,3.67,Rock,75.13,58,839.16
37.05,,1.2,Medium,Sedan,Sunny,0,SemiUrban,109.2,107.25,3.39,3.47,None,56.61,44,1751.67
38.87,120.62,2.0,Medium,Mini,Sunny,0,Airport,109.99,199.84,4.28,,Classical,98.04,36,2945.63
37.83,104.22,1.0,Medium,Sedan,Rainy,0,Airport,104.22,109.4,4.35,4.28,Rock,50.25,43,1617.9
19.49,62.06,1.2,Low,Sedan,Foggy,0,SemiUrban,106.69,163.46,,3.09,Rock,94.09,98,1030.72
34.62,90.27,2.0,Low,SUV,Rainy,0,Airport,115.47,235.58,4.17,4.83,None,40.71,80,3173.9
,95.36,1.0,High,Mini,Rainy,0,Urban,,182.03,3.73,,Pop,18.83,24,1363.41
13.44,71.35,1.2,Medium,Sedan,Sunny,0,SemiUrban,,267.87,3.44,4.1,Classical,37.72,84,1058.92
33.33,72.81,2.0,High,Mini,Rainy,0,SemiUrban,109.69,181.57,3.08,3.63,Rock,44.72,7,2534.14
2.44,11.6,2.0,High,Mini,Sunny,0,Airport,108.11,98.56,3.8,3.32,Rock,65.65,50,1063.19
24.25,48.29,1.2,High,Sedan,Foggy,1,SemiUrban,95.58,274.28,4.54,,Classical,61.7,70,1322.11
9.97,37.2,1.0,Low,Mini,Rainy,0,SemiUrban,105.66,154.48,4.51,4.75,Pop,18.64,46,738.62
5.7,,1.0,Low,Sedan,,0,SemiUrban,112.37,266.87,4.88,3.41,Classical,12.64,1,634.86
4.0,36.71,1.2,Low,SUV,Rainy,0,Urban,111.95,108.1,3.04,3.3,Rock,51.88,27,942.82
28.16,125.09,1.0,High,Sedan,Sunny,0,SemiUrban,107.87,209.04,3.35,3.65,Classical,5.91,98,1336.68
14.26,58.75,1.0,Low,SUV,Sunny,0,Urban,93.91,91.32,4.32,3.6,Pop,61.66,46,876.59
29.27,67.32,1.5,Medium,Sedan,Rainy,1,Urban,99.12,70.02,4.08,4.48,Pop,61.36,91,1719.1
3.55,20.3,1.5,High,SUV,Sunny,0,SemiUrban,102.17,299.72,4.44,3.77,Pop,19.97,80,1107.53
13.3,61.9,1.5,High,Mini,Rainy,0,SemiUrban,113.65,52.63,3.78,3.41,Pop,94.48,39,1195.4
22.04,79.15,1.0,Medium,Sedan,Sunny,0,Airport,106.31,197.81,3.71,3.29,Classical,57.42,78,1070.56
31.84,104.96,1.0,Low,Sedan,Sunny,0,Urban,112.0,53.36,4.4,3.99,Rock,99.99,61,1166.1
13.43,51.49,1.5,Low,SUV,Rainy,0,SemiUrban,117.71,187.93,3.82,4.9,Rock,4.3,17,1433.35
25.41,88.41,1.5,Medium,Mini,Foggy,0,SemiUrban,108.72,74.98,3.52,3.83,Classical,75.74,86,1450.75
35.55,97.46,1.5,High,Mini,Sunny,0,Urban,97.11,246.88,3.6,3.07,Pop,25.64,5,1961.67
25.02,102.95,2.5,High,Premium,,0,Urban,94.19,123.18,3.44,3.55,Classical,51.85,89,3582.62
10.09,10.62,2.0,Low,Mini,Sunny,0,SemiUrban,90.02,136.09,3.02,3.66,None,10.49,19,1012.84
,15.65,1.2,Low,Mini,Rainy,0,Urban,95.27,113.08,4.38,4.24,Rock,15.0,50,542.74
34.93,92.91,1.0,Medium,Sedan,Sunny,1,SemiUrban,98.08,78.48,4.47,4.74,Classical,31.83,70,1172.07
1.83,1.58,1.2,Medium,Sedan,Rainy,0,SemiUrban,,175.08,4.58,,None,77.9,6,629.77
35.11,60.76,1.2,Low,SUV,Rainy,0,Urban,110.01,161.92,3.36,3.47,Classical,82.42,89,1737.57
21.63,,1.0,Low,Sedan,Sunny,0,SemiUrban,94.51,184.86,4.83,4.71,Pop,17.98,85,874.99
37.62,141.58,1.5,High,Sedan,Sunny,0,SemiUrban,,206.48,3.66,3.19,Rock,13.08,37,2249.95
32.15,123.01,1.0,High,Mini,Sunny,0,Urban,90.15,72.16,4.79,4.13,None,94.72,64,1280.23
39.92,154.15,1.5,Medium,Sedan,Sunny,0,Airport,97.83,153.38,3.54,3.69,None,72.13,34,2380.13
14.68,52.67,1.0,Medium,Mini,Foggy,0,SemiUrban,91.23,198.14,3.08,3.24,Pop,13.91,69,717.36
30.92,,1.2,Low,Mini,Sunny,0,SemiUrban,111.29,130.78,,3.39,None,8.11,20,1370.47
16.68,70.46,2.0,Medium,SUV,Sunny,0,Urban,100.63,97.85,4.06,3.54,Rock,38.59,22,1846.93
19.72,67.31,1.0,Low,Mini,Rainy,1,Urban,104.4,201.58,4.8,4.43,Classical,11.25,6,995.73
25.47,99.07,1.2,Low,Sedan,Sunny,0,Urban,112.84,229.6,4.34,4.98,Pop,71.07,8,1353.23
35.07,133.56,1.0,Low,SUV,,0,Urban,115.89,237.65,4.65,3.06,Classical,18.17,29,1598.07
39.38,84.34,2.0,Low,Mini,Sunny,1,Urban,105.5,131.4,4.71,4.6,Pop,49.31,54,2496.45
30.96,125.27,1.5,High,Mini,Foggy,1,Airport,109.49,74.74,3.98,,None,36.63,88,2000.63
17.29,69.43,2.0,High,Sedan,Rainy,0,Airport,112.08,278.9,4.82,3.23,Rock,62.18,23,2567.51
17.43,45.18,2.0,Medium,Mini,Rainy,0,SemiUrban,98.56,221.95,4.45,3.46,None,92.64,65,1710.62
29.77,64.49,1.5,Medium,SUV,Sunny,0,SemiUrban,111.22,287.11,3.22,3.85,Pop,41.95,20,1911.45
10.31,27.66,1.0,Low,Mini,Sunny,0,Airport,109.61,86.39,3.5,4.45,Pop,47.85,11,680.06
5.31,12.64,1.0,Medium,Premium,Sunny,0,Airport,103.29,214.31,3.21,3.48,Rock,86.54,14,936.28
14.83,32.59,1.2,Medium,SUV,Rainy,0,Urban,100.22,99.09,4.17,4.28,Classical,63.25,57,1141.25
12.2,,1.2,Medium,SUV,Sunny,0,SemiUrban,119.21,266.61,3.45,3.55,Classical,5.34,39,1086.28
12.56,24.82,1.5,Low,Mini,Sunny,0,Urban,119.59,179.88,4.88,4.65,Classical,2.85,29,1054.39
30.33,89.02,1.0,Medium,Mini,Sunny,1,Urban,110.85,183.17,4.79,3.61,Classical,93.21,12,3301.83
2.64,14.89,1.0,Low,Mini,Rainy,1,Urban,101.52,282.68,4.59,4.64,Rock,20.2,24,528.74
1.7,11.17,1.2,Low,Sedan,Rainy,0,SemiUrban,,126.01,4.76,3.64,Classical,91.16,72,566.26
39.52,105.51,1.0,Medium,Mini,Sunny,0,SemiUrban,110.38,204.75,4.69,4.1,Pop,43.56,50,1396.24
17.68,61.31,1.2,Low,SUV,Rainy,1,Urban,106.35,86.08,3.35,4.58,None,45.78,35,1235.85
15.99,53.8,1.2,Medium,Sedan,Rainy,1,SemiUrban,93.96,140.79,3.18,3.19,Pop,99.23,33,1035.53
27.51,80.97,1.5,Medium,Sedan,Rainy,0,Airport,118.4,98.69,4.4,3.33,None,51.48,36,1944.45
9.51,40.39,1.0,Low,Sedan,Rainy,0,Urban,96.98,100.33,3.68,4.91,Classical,97.33,59,696.67
38.05,145.31,2.5,High,Sedan,Sunny,0,Urban,101.8,215.27,4.25,3.36,None,63.8,41,3964.4
31.67,131.95,1.0,High,Mini,Foggy,0,Urban,100.27,121.62,,4.79,Pop,77.09,66,1360.2
4.49,9.69,1.0,Low,Mini,Sunny,0,Urban,,112.76,4.72,4.03,Classical,6.56,11,496.53
17.29,56.26,1.2,Medium,Sedan,Sunny,0,Urban,90.74,252.0,3.32,3.22,None,1.44,47,1061.3
35.29,124.54,1.0,Low,Sedan,Rainy,0,Airport,,168.45,4.77,3.95,Classical,72.05,40,1506.92
37.84,133.51,1.0,Medium,Mini,Sunny,0,Urban,112.18,145.0,3.65,,Pop,50.67,83,1339.31
19.23,62.89,1.0,High,SUV,Foggy,0,SemiUrban,90.62,253.79,4.78,3.31,Pop,79.89,55,1195.07
24.92,97.6,1.2,Low,SUV,Sunny,0,SemiUrban,110.63,172.18,3.41,4.53,None,17.88,10,1359.74
7.51,33.8,2.0,Medium,Mini,Sunny,1,Airport,93.89,253.74,3.32,3.23,None,81.62,10,1536.87
39.66,,1.2,High,Sedan,,0,Urban,111.72,129.62,4.23,3.21,None,66.46,41,1867.46
10.04,45.25,1.2,Low,Mini,Sunny,1,Airport,105.16,290.48,4.81,4.15,Pop,25.42,31,1077.58
37.77,153.46,1.0,Low,Mini,Sunny,0,Airport,119.34,280.91,3.97,4.67,None,91.05,8,1548.45
26.34,91.22,1.0,Low,SUV,Sunny,0,SemiUrban,,255.9,3.16,4.23,Pop,96.97,94,1189.67
24.7,51.48,1.0,Low,Premium,Rainy,0,Urban,112.47,103.19,4.74,3.09,Pop,45.97,46,1282.44
,65.69,2.0,Low,Sedan,Sunny,0,Urban,91.24,231.87,4.0,3.87,None,45.13,83,1921.99
10.0,54.0,1.0,Low,SUV,Sunny,0,Urban,118.07,254.4,4.01,4.44,Classical,57.14,69,892.63
7.88,22.99,2.5,Low,Sedan,Sunny,0,Airport,106.87,140.85,3.43,3.53,Pop,71.56,22,1710.63
,41.29,1.0,Low,Sedan,Foggy,0,Urban,99.43,85.09,3.4,4.39,None,70.1,83,576.65
8.27,30.76,1.2,Medium,Sedan,Sunny,0,Airport,93.81,117.41,4.22,3.79,Rock,53.2,94,865.5
31.4,105.94,2.0,High,Mini,Sunny,0,Airport,109.22,196.4,3.86,4.93,Classical,91.85,35,2874.25
14.65,57.88,1.0,High,Mini,Rainy,0,SemiUrban,112.39,112.94,3.3,3.97,None,16.3,6,814.59
3.26,-3.36,1.5,Low,Sedan,Rainy,1,Urban,92.56,215.41,4.95,4.7,Pop,19.91,18,802.01
38.8,161.33,1.0,Medium,Sedan,Sunny,0,Airport,94.94,147.97,3.09,3.7,Rock,72.17,36,1578.8
35.47,112.48,1.0,High,Sedan,,0,SemiUrban,101.56,106.4,3.09,4.48,Pop,74.16,98,1459.54
37.18,104.18,1.0,High,Sedan,Sunny,0,SemiUrban,115.55,203.28,4.96,3.65,Pop,39.36,33,1377.83
39.8,133.61,1.5,High,Mini,Sunny,0,Urban,119.49,68.44,3.44,3.57,Pop,29.89,69,2170.35
,15.1,1.0,Medium,Mini,Sunny,0,SemiUrban,112.35,206.21,3.03,3.35,Classical,4.6,68,561.26
16.45,74.88,1.0,Low,Sedan,Sunny,0,SemiUrban,,293.6,3.8,,Rock,38.68,84,878.09
30.57,100.3,2.5,Low,Mini,Sunny,0,Airport,117.1,227.86,3.44,3.96,Classical,24.78,12,3206.76
28.14,70.01,1.0,Medium,SUV,Sunny,0,SemiUrban,90.8,132.02,4.61,3.72,None,83.41,78,1143.08
7.0,23.46,1.0,Low,Sedan,Sunny,0,Airport,116.91,275.32,3.51,3.11,Classical,48.95,93,2635.39
32.82,106.63,2.5,High,Mini,Rainy,1,Urban,102.31,181.96,4.63,4.32,Classical,56.51,6,3382.55
9.75,28.24,1.0,Low,Sedan,Rainy,0,Airport,,182.1,4.06,4.37,Rock,74.29,62,800.34
9.73,26.43,1.0,High,Sedan,Sunny,0,Airport,92.61,144.58,4.61,3.64,Classical,29.82,81,781.83
21.94,83.07,1.5,Medium,Sedan,Sunny,0,SemiUrban,94.95,63.05,4.23,4.32,Pop,88.83,62,1442.83
24.12,65.38,1.0,Medium,Premium,Sunny,0,Urban,103.52,117.49,4.51,4.76,Rock,39.45,16,1285.77
23.62,93.37,1.0,Low,Sedan,Foggy,0,SemiUrban,91.16,254.58,3.92,3.7,Pop,10.74,95,1075.75
4.57,20.1,1.0,Low,SUV,,0,Airport,101.69,114.94,3.84,4.44,Pop,85.74,85,703.92
35.22,120.26,1.5,Medium,SUV,Rainy,0,Airport,112.56,153.09,3.91,4.69,Rock,92.27,86,2448.39
11.36,47.68,1.0,High,Mini,Sunny,0,Airport,109.64,208.5,4.49,3.88,None,21.81,77,910.9
6.05,27.14,1.0,High,Mini,Sunny,0,Urban,,120.6,3.88,3.31,None,65.25,64,557.13
35.66,,1.0,Low,Sedan,Sunny,1,Urban,90.27,252.96,,3.08,Pop,68.83,91,1440.3
38.27,89.76,1.0,Low,SUV,Sunny,1,Urban,98.09,274.68,4.62,4.48,Classical,24.49,7,1486.23
34.62,109.62,1.2,Low,SUV,Rainy,0,SemiUrban,113.29,65.42,3.83,4.05,None,42.82,55,1661.35
32.57,117.84,1.0,Low,SUV,Rainy,0,SemiUrban,100.22,193.65,3.89,3.35,Pop,39.75,88,1405.57
26.55,66.39,1.2,High,Sedan,Rainy,0,SemiUrban,101.32,137.36,3.16,,None,62.78,20,1507.06
22.48,92.55,1.2,Low,Sedan,Foggy,0,SemiUrban,92.23,188.58,3.73,3.85,Pop,48.88,92,1268.16
4.39,24.46,1.0,Medium,Sedan,Sunny,1,Urban,108.05,186.71,4.65,3.86,None,67.6,74,559.74
16.93,64.22,1.0,Medium,Mini,,1,Urban,108.66,52.5,4.34,4.95,None,9.15,17,831.48
15.53,52.99,1.0,Low,Mini,Rainy,1,Airport,102.93,212.12,3.26,3.28,Rock,28.88,82,956.18
11.13,44.46,1.0,Medium,Sedan,,0,Urban,112.82,103.98,3.94,3.37,None,5.25,22,741.37
29.21,108.68,1.2,Medium,Sedan,Rainy,0,SemiUrban,116.31,189.78,4.85,4.91,None,55.33,81,1566.98
,57.21,1.2,Low,Sedan,Sunny,0,SemiUrban,112.52,273.85,3.46,3.19,Rock,42.03,58,1177.69
4.16,11.86,1.0,Medium,Mini,Sunny,0,SemiUrban,106.33,98.07,4.65,4.63,None,96.82,62,427.0
9.59,50.26,1.2,Low,Mini,Sunny,1,Urban,118.07,117.54,4.13,4.66,Pop,30.42,2,776.32
27.65,,2.5,Medium,Sedan,Sunny,0,Urban,101.47,65.91,3.71,3.44,Classical,27.64,23,2818.04
3.97,14.99,1.0,High,Premium,Sunny,0,Urban,109.64,172.94,4.94,3.72,None,35.39,96,907.47
34.2,97.71,1.2,Medium,SUV,Sunny,0,Urban,107.26,267.52,4.44,4.82,Pop,48.03,13,1719.14
,106.02,1.5,Medium,Sedan,Rainy,1,SemiUrban,115.25,186.2,3.63,4.27,Pop,61.26,66,1721.84
19.74,62.6,1.0,Medium,SUV,Sunny,0,Urban,104.99,138.12,3.39,,None,35.83,43,1112.17
24.1,93.96,1.5,High,Mini,Sunny,0,Airport,106.6,276.45,4.76,4.64,Pop,66.98,65,1895.4
33.16,111.14,2.5,Low,SUV,Sunny,0,Airport,103.61,183.07,4.18,4.03,Rock,71.98,86,3651.09
,59.69,1.0,Medium,Sedan,Rainy,0,Urban,94.22,293.42,3.07,3.13,Classical,74.17,59,966.0
27.44,73.71,1.5,Medium,SUV,Sunny,1,Airport,116.59,237.56,3.86,4.08,Classical,84.54,6,2066.48
23.06,82.98,1.0,High,Mini,Sunny,0,Urban,115.85,277.83,3.89,3.06,None,15.32,70,1151.32
11.41,23.96,1.0,Low,SUV,Rainy,1,Airport,111.07,212.08,4.55,3.65,None,74.66,37,1010.77
35.27,123.99,1.2,High,Sedan,Sunny,0,Urban,100.43,297.34,3.48,3.26,None,29.57,63,1803.86
32.1,95.31,1.0,Medium,Mini,Rainy,0,Urban,100.65,181.36,3.92,3.84,Pop,72.65,10,1225.14
26.68,79.34,1.2,Low,Mini,Sunny,1,Urban,91.08,210.15,3.16,3.19,None,2.97,85,1155.54
34.17,141.19,1.0,Medium,Mini,Sunny,1,SemiUrban,92.33,83.55,3.25,3.8,Classical,21.35,72,1328.33
104.46,279.09,1.5,Low,Sedan,Rainy,1,Airport,105.41,284.18,4.59,3.07,Classical,48.15,43,9666.35
28.63,70.59,1.2,Low,Mini,Foggy,0,Airport,91.49,133.75,4.05,3.63,None,59.25,74,1364.04
33.64,121.97,1.2,Low,Sedan,Rainy,0,Urban,92.98,216.26,3.77,3.8,Classical,94.68,1,1652.14
28.2,84.41,1.0,Low,SUV,Sunny,1,SemiUrban,97.54,140.13,3.53,3.43,None,24.66,60,1216.21
27.53,81.68,1.0,Medium,Premium,Sunny,1,SemiUrban,101.21,271.3,4.93,4.92,Rock,52.6,79,1438.18
25.13,90.9,1.0,Low,Mini,Sunny,1,SemiUrban,104.68,77.59,3.94,3.58,None,49.26,5,863.51
30.36,81.4,1.5,Low,Mini,Rainy,1,SemiUrban,99.74,275.37,4.13,4.22,Rock,69.27,96,1796.71
7.19,28.75,1.0,Medium,Mini,Sunny,0,Airport,118.22,206.43,4.97,3.56,Pop,24.35,19,770.45
35.35,94.25,1.2,Low,Mini,Foggy,0,SemiUrban,118.53,289.13,4.51,4.59,Pop,92.83,68,1535.68
35.0,124.16,1.0,Low,SUV,Sunny,1,Airport,91.68,175.9,3.76,4.37,Classical,99.48,64,1492.11
2.14,17.73,1.2,Low,Sedan,Sunny,0,Urban,119.56,173.31,4.11,4.57,Rock,88.46,99,600.42
33.21,78.89,1.2,Medium,Sedan,Sunny,1,Urban,95.19,139.69,3.79,3.33,None,70.47,28,1409.36
6.03,32.43,1.0,Low,Mini,Rainy,0,Urban,99.94,132.25,4.11,3.7,Classical,67.33,37,488.76
14.07,,1.2,Low,Sedan,Sunny,0,SemiUrban,115.11,80.83,4.29,3.4,Classical,75.01,9,844.57
30.0,101.91,1.0,Medium,Premium,Sunny,0,Airport,110.63,131.82,4.95,4.41,None,55.92,27,1592.57
7.27,,1.5,Low,Sedan,,0,Airport,91.75,202.28,4.46,4.36,Rock,23.6,4,1138.82
32.9,125.8,1.5,Medium,Premium,Sunny,1,SemiUrban,113.24,71.1,4.39,4.95,None,88.97,28,2379.4
33.45,72.92,1.2,Low,Mini,Sunny,1,Airport,109.9,96.49,3.19,4.8,Pop,65.67,97,1363.47
20.79,52.66,2.0,High,Mini,Sunny,0,SemiUrban,118.51,264.99,3.64,4.87,Classical,7.89,77,1939.69
1.25,7.18,1.5,Medium,Premium,Foggy,0,SemiUrban,117.3,72.82,3.56,4.16,Classical,49.71,69,1127.42
12.19,,1.2,High,Sedan,Foggy,0,SemiUrban,119.26,110.32,3.2,3.3,Pop,44.79,22,986.38
25.06,91.14,1.0,Medium,Mini,Sunny,0,Airport,103.65,50.95,4.74,,None,9.49,18,1111.56
39.27,141.08,1.2,Medium,Mini,Sunny,0,SemiUrban,111.2,229.7,4.63,4.75,None,36.57,88,1723.23
25.64,113.27,1.0,High,Sedan,Rainy,1,SemiUrban,118.86,262.71,4.58,3.83,Rock,20.78,13,1314.23
11.13,45.21,1.2,Low,Sedan,Rainy,1,Urban,90.06,269.88,3.35,4.11,Classical,4.43,64,987.61
25.73,95.96,1.2,Medium,SUV,Sunny,0,Urban,113.67,275.05,4.2,3.2,Rock,2.21,68,1598.0
22.06,70.83,1.2,Low,Mini,,0,SemiUrban,91.62,150.91,4.05,3.74,None,27.88,3,959.46
31.41,101.11,1.2,Medium,Sedan,Rainy,1,SemiUrban,119.97,189.88,4.23,4.61,None,9.17,75,1637.68
15.51,51.73,1.2,Low,Sedan,Foggy,0,Urban,90.42,219.44,4.57,4.95,Classical,84.22,46,3033.84
30.68,116.4,1.0,Medium,Sedan,Rainy,0,Urban,106.64,278.66,3.19,3.97,Classical,97.58,79,1446.0
22.11,49.39,1.0,High,Sedan,Sunny,1,Airport,105.63,249.11,3.38,3.57,Classical,46.38,20,1210.63
38.56,137.23,1.2,Low,Sedan,Rainy,0,Airport,99.14,172.27,3.56,4.55,Rock,58.99,11,1968.25
14.33,73.83,1.0,High,Mini,Sunny,0,Urban,111.97,177.43,3.94,,Classical,94.95,9,851.71
25.67,104.19,1.5,Low,Sedan,Sunny,0,Airport,97.71,134.08,4.17,4.27,None,75.04,34,1806.53
,127.9,1.0,Low,Mini,Sunny,0,Airport,98.72,52.91,3.61,3.97,None,50.92,67,1318.03
5.0,37.38,1.0,Medium,Mini,Rainy,1,Airport,95.41,86.09,3.22,4.79,Classical,42.59,8,666.31
37.55,158.38,1.2,Low,Mini,Sunny,0,SemiUrban,111.42,132.91,4.01,4.35,Classical,74.66,77,1666.17
27.83,49.81,1.2,Medium,Mini,Rainy,0,Urban,95.1,201.48,3.12,3.0,None,32.21,38,1294.01
3.65,23.83,1.0,Low,Sedan,Rainy,1,Airport,116.93,228.51,3.73,4.94,Pop,74.99,78,790.47
12.74,24.96,1.0,Medium,Mini,Sunny,0,Urban,98.64,272.75,3.09,4.43,Rock,7.21,35,701.45
28.62,102.49,1.0,Medium,Sedan,Sunny,0,SemiUrban,105.56,188.63,3.44,3.97,Pop,51.47,34,1275.49
3.63,2.96,1.0,High,Premium,Sunny,0,Airport,104.25,148.54,3.22,3.03,Rock,18.11,5,913.22
23.7,55.94,1.0,Medium,Mini,Rainy,0,SemiUrban,111.07,222.85,3.89,3.09,Pop,73.46,78,1023.84
14.49,37.06,1.2,Low,Mini,Sunny,1,SemiUrban,97.02,147.97,,4.94,Rock,96.97,73,823.08
25.22,80.63,2.0,Low,Sedan,Sunny,0,Airport,115.16,77.12,3.11,4.59,Pop,65.51,20,2254.45
2.78,8.48,1.0,High,Mini,Sunny,0,SemiUrban,112.14,51.03,3.6,3.19,None,72.48,65,432.48
34.99,101.8,1.0,Medium,Sedan,Sunny,1,Urban,100.28,227.1,4.79,4.5,Rock,16.35,20,1349.58
38.97,142.33,1.5,Medium,Mini,Sunny,0,SemiUrban,93.61,274.77,4.68,3.35,Pop,54.99,29,2144.79
38.79,112.32,2.0,Medium,Mini,Sunny,0,SemiUrban,105.14,219.52,4.77,3.78,None,77.88,97,2757.66
30.24,87.27,1.0,Low,SUV,Foggy,1,Airport,119.42,56.89,3.78,4.01,None,85.76,45,1432.67
6.07,,1.0,Medium,Mini,Rainy,0,Urban,90.73,104.85,4.76,4.81,Rock,97.56,95,532.14
30.57,82.62,1.0,Medium,Mini,Sunny,1,Urban,115.35,286.59,,3.1,Rock,74.66,15,1294.3
1.96,2.48,1.0,Low,Mini,Sunny,0,Airport,110.99,227.42,4.92,3.27,None,57.36,78,589.43
1.86,0.48,1.2,High,Mini,Sunny,0,Airport,95.5,234.36,3.25,4.54,Pop,81.45,15,751.97
13.62,56.75,2.5,Low,Mini,Rainy,0,Airport,104.29,251.58,4.65,4.99,None,25.79,72,2303.61
20.06,90.28,1.2,Medium,Mini,Sunny,0,Urban,108.83,278.15,3.67,4.55,Pop,87.27,8,1188.74
31.05,123.32,2.5,Low,Sedan,Sunny,1,Airport,110.9,159.8,3.9,4.56,Classical,78.15,94,3469.32
27.65,99.59,1.0,Medium,Sedan,Sunny,0,Airport,117.64,157.54,4.31,4.06,Rock,16.69,47,1198.64
18.39,51.42,2.0,Low,Sedan,Rainy,0,Urban,116.19,55.77,4.52,3.69,Classical,85.13,80,1728.73
11.67,29.36,1.0,Low,Sedan,Sunny,0,Airport,99.85,284.29,4.8,3.28,Pop,83.09,73,855.71
39.89,117.34,1.0,High,SUV,Rainy,0,Airport,93.6,82.63,,3.36,Pop,92.49,57,1757.47
17.62,25.0,1.5,Medium,Premium,Sunny,1,SemiUrban,93.13,162.67,4.54,3.89,None,90.1,99,1590.12
18.6,60.07,1.0,Medium,Sedan,Foggy,0,SemiUrban,119.06,200.01,3.48,4.93,None,32.85,65,925.6
7.38,22.76,1.0,Medium,SUV,Rainy,0,Urban,118.67,298.43,4.02,4.21,None,51.14,30,853.79
32.0,73.02,1.2,Low,Sedan,Rainy,0,SemiUrban,114.59,149.82,3.69,4.73,Pop,80.57,37,1438.45
28.05,109.52,1.0,Low,SUV,Sunny,0,Airport,,217.18,4.73,3.49,Rock,76.96,63,1399.0
9.61,34.09,1.2,Low,Sedan,Sunny,0,Urban,98.23,288.17,3.99,3.79,Classical,80.72,64,861.09
4.21,19.12,1.0,Medium,SUV,Foggy,0,Airport,114.77,192.87,4.71,4.46,Classical,23.28,84,912.65
27.54,86.46,1.5,High,Sedan,Foggy,0,SemiUrban,105.07,183.59,4.95,3.14,Classical,79.36,89,1867.81
26.53,92.42,1.0,Low,Sedan,Sunny,0,SemiUrban,113.98,193.26,3.58,3.55,Classical,10.16,3,1197.81
11.66,48.79,1.2,Medium,Sedan,Sunny,0,SemiUrban,108.32,254.47,3.06,4.13,Classical,48.37,34,1035.53
38.08,76.09,1.0,Low,SUV,Sunny,0,Airport,115.39,60.64,3.43,4.4,Rock,5.6,71,1376.48
6.89,26.97,1.5,Low,Premium,Sunny,0,Urban,101.92,240.03,4.28,3.87,Classical,45.31,90,1361.18
17.86,63.28,1.2,Medium,Mini,Sunny,1,Airport,119.67,93.06,4.62,4.73,Pop,24.53,3,1123.54
,150.9,1.0,Low,Sedan,Sunny,1,SemiUrban,96.58,241.81,4.5,4.17,Classical,51.91,20,1459.36
17.37,62.53,1.0,Medium,Mini,Sunny,0,Urban,110.18,250.01,4.61,4.3,Pop,71.3,80,883.59
25.9,95.78,1.0,Low,Mini,Sunny,1,Airport,114.08,206.54,4.85,3.54,Rock,3.1,9,1141.87
16.51,67.23,1.2,High,SUV,Foggy,0,Urban,107.57,159.78,3.45,3.66,None,26.34,73,1380.36
11.69,52.78,1.2,Medium,Sedan,Sunny,1,Airport,98.71,233.12,3.1,,Rock,14.97,96,1143.17
39.38,102.08,1.0,Low,Mini,Sunny,0,SemiUrban,106.84,54.76,3.66,3.15,Classical,18.36,39,1213.91
16.96,55.31,1.2,Low,Sedan,Foggy,0,Urban,105.14,212.18,4.71,4.93,Rock,58.2,37,1124.85
35.87,144.72,2.0,Low,Sedan,Rainy,1,Airport,95.7,108.08,4.46,4.1,Pop,6.4,78,2969.95
9.97,36.74,1.0,Low,Mini,Sunny,1,Urban,112.9,215.11,3.07,3.24,None,70.6,67,548.6
9.31,18.59,1.0,Medium,Mini,Sunny,1,Airport,98.02,84.44,3.31,3.62,None,23.3,96,706.85
2.21,-0.76,1.2,High,Sedan,Sunny,0,Airport,114.96,94.89,4.86,4.27,Rock,96.0,25,759.33
26.42,71.81,1.2,Low,Mini,Rainy,1,Urban,96.43,162.95,3.99,4.72,Pop,93.46,64,1271.13
15.37,53.4,1.0,Medium,Mini,Rainy,0,Airport,105.07,182.49,4.28,3.13,Classical,73.19,5,891.6
34.71,105.98,1.0,Low,Mini,Sunny,0,Urban,110.86,154.08,3.19,3.91,None,78.74,35,1143.57
19.46,86.23,1.0,Medium,SUV,Sunny,0,SemiUrban,119.87,202.77,4.15,3.14,Classical,71.91,88,1155.2
,115.0,1.2,Low,Mini,Sunny,0,Airport,98.13,63.37,4.69,3.92,Pop,72.64,82,1532.95
8.24,25.01,1.2,High,SUV,Sunny,0,Airport,109.07,98.33,4.8,4.44,Rock,18.02,85,1115.81
34.88,90.74,1.0,Medium,Sedan,Sunny,0,SemiUrban,94.6,50.92,3.9,4.55,None,92.63,85,1209.86
31.29,119.48,1.0,High,Mini,Foggy,0,Urban,114.59,191.52,4.17,3.55,Rock,80.16,17,1401.29
31.07,79.65,1.0,Low,Sedan,Rainy,1,Airport,115.84,222.66,4.46,3.53,Classical,57.28,10,1378.2
33.95,111.03,1.5,Medium,Sedan,Sunny,1,Urban,116.64,170.9,3.8,4.98,Rock,16.62,67,2029.76
30.68,68.71,1.0,Medium,SUV,Sunny,1,Urban,118.37,165.31,3.58,3.23,Rock,77.6,3,1354.12
25.42,99.06,1.2,Medium,SUV,,1,Airport,100.67,156.43,3.18,4.29,None,90.85,53,1593.35
6.12,24.42,1.5,Low,Mini,Sunny,1,Airport,109.99,133.99,3.39,4.47,Rock,47.19,55,983.31
2.27,,1.5,High,SUV,Rainy,1,SemiUrban,99.47,197.07,4.97,4.55,None,8.59,95,1032.08
36.91,112.45,1.2,High,Mini,Sunny,0,Urban,114.11,51.53,4.74,4.33,Classical,96.76,68,1585.31
25.05,98.19,1.0,Low,Mini,Sunny,0,SemiUrban,102.47,198.87,3.69,3.83,Pop,17.08,25,919.97
32.06,108.47,1.5,Medium,Mini,Sunny,0,SemiUrban,106.65,172.47,4.66,3.24,Rock,79.42,58,1788.61
19.78,78.69,1.5,Low,Sedan,,1,SemiUrban,93.99,206.38,4.53,4.14,Classical,98.42,43,1561.73
5.58,22.14,1.5,High,Mini,Rainy,0,Urban,115.51,263.61,4.94,4.18,Classical,29.19,58,1104.69
5.88,29.76,1.0,Medium,Sedan,Rainy,1,Urban,104.49,257.18,3.08,4.3,Rock,9.94,19,776.97
27.74,76.7,1.0,Low,SUV,Sunny,0,SemiUrban,109.21,251.78,4.16,4.85,Rock,81.08,67,1262.71
17.78,73.37,1.2,Low,SUV,Rainy,0,SemiUrban,110.08,152.87,4.4,3.88,Classical,6.95,83,1276.73
8.82,20.5,2.0,Low,SUV,Rainy,0,SemiUrban,98.23,147.49,4.66,4.92,None,52.82,31,1494.91
20.17,64.31,1.5,Low,Mini,Sunny,1,Urban,113.85,101.72,4.61,3.43,None,73.06,67,1219.35
3.5,18.92,1.5,Low,Sedan,Rainy,0,SemiUrban,114.99,57.92,3.55,3.51,Pop,64.09,8,792.54
23.7,68.57,1.2,Medium,SUV,Rainy,0,Airport,105.47,176.29,4.41,3.25,Classical,56.58,95,1558.3
11.49,34.12,1.0,Medium,Mini,Sunny,0,Airport,117.07,293.68,4.62,3.15,Pop,25.03,34,887.11
32.1,75.8,1.2,Medium,SUV,Sunny,1,SemiUrban,94.83,238.04,4.03,3.93,Classical,31.61,64,1556.95
13.1,47.49,1.5,Medium,Mini,Rainy,0,Urban,,186.87,4.0,4.27,Classical,35.86,41,1229.35
18.75,59.45,1.2,Low,Sedan,Sunny,0,SemiUrban,91.33,124.51,3.88,3.79,Classical,65.56,72,981.27
1.45,11.95,2.0,Low,Sedan,Foggy,0,Airport,101.96,80.46,3.42,4.1,Classical,67.98,64,1083.24
3.83,14.77,1.0,Medium,SUV,Sunny,0,SemiUrban,119.91,115.95,4.67,,None,17.51,27,706.82
16.31,50.05,1.0,Low,Sedan,Sunny,1,SemiUrban,103.9,183.56,4.0,3.09,Classical,2.28,21,777.59
19.72,57.5,2.0,Low,SUV,Foggy,0,Airport,102.58,206.01,3.27,3.35,Pop,7.38,93,2353.9
24.4,97.13,1.0,Low,Mini,Sunny,0,Urban,110.63,141.48,,3.54,None,68.33,40,985.29
12.37,37.65,1.2,Medium,Sedan,Sunny,1,Airport,91.46,76.23,4.69,4.27,Rock,9.49,11,955.32
28.1,67.37,2.0,High,Sedan,Sunny,1,SemiUrban,100.61,115.73,3.85,4.73,Pop,31.25,64,2246.18
34.54,80.25,1.0,Medium,Sedan,Rainy,1,Urban,105.99,114.26,4.56,3.36,Rock,55.06,76,1341.16
31.41,99.62,1.5,Low,Sedan,Sunny,0,Urban,104.52,183.78,,3.45,Pop,55.15,96,1802.94
2.55,2.94,1.0,High,Premium,Sunny,0,Urban,109.27,75.83,4.94,4.43,Rock,53.76,52,767.18
,53.75,1.5,Low,Mini,Foggy,1,Airport,94.17,122.05,3.17,4.91,Pop,91.97,37,1467.74
5.09,13.41,1.0,Medium,Mini,Sunny,0,Urban,102.08,135.9,4.76,3.71,Rock,44.36,89,418.68
10.44,33.07,1.2,Low,Premium,,1,Urban,109.01,181.81,5.0,3.64,Rock,16.6,83,1251.8
39.48,134.95,1.2,High,Sedan,Sunny,0,Airport,,124.68,3.58,3.72,None,5.45,49,2041.95
6.56,24.14,1.2,Medium,Sedan,Sunny,0,Urban,108.39,87.46,4.62,3.34,Pop,51.38,31,647.5
20.46,67.44,1.2,Medium,Mini,Rainy,1,Airport,118.75,56.37,4.83,3.98,Classical,60.56,57,1207.18
25.11,87.81,2.0,Medium,Mini,Sunny,0,Airport,117.91,93.25,4.91,4.09,Pop,57.75,37,2261.79
,71.51,1.5,Medium,Mini,,0,Airport,111.77,256.18,,3.31,Rock,19.19,65,1804.95
22.83,99.75,2.5,Low,Mini,Rainy,0,SemiUrban,95.33,137.57,4.24,3.45,Classical,4.27,55,2491.36
1.38,23.3,1.0,Medium,Sedan,Sunny,0,SemiUrban,113.53,184.74,3.21,3.4,Pop,87.67,92,596.5
13.73,62.94,1.2,Medium,SUV,Rainy,0,Urban,103.4,172.51,3.94,4.21,Rock,44.5,32,1205.13
21.19,53.44,1.0,Medium,SUV,Sunny,1,Urban,,119.07,3.79,4.42,None,10.61,82,1015.6
4.43,21.72,2.5,Low,Mini,Rainy,0,Airport,108.34,260.87,3.04,3.61,Pop,66.03,55,1773.71
14.67,37.72,1.0,Low,Mini,Sunny,0,Urban,96.53,284.66,3.57,4.53,None,65.27,77,784.69
2.29,18.65,1.0,Medium,Sedan,Rainy,0,Urban,99.37,103.1,4.49,4.82,Rock,61.29,7,491.14
4.06,23.39,1.0,Medium,Mini,Sunny,1,Urban,99.57,251.86,3.61,4.04,Pop,23.23,38,501.01
16.48,53.21,1.0,Low,SUV,Rainy,0,Urban,98.29,238.95,3.07,4.82,Rock,85.01,15,1056.74
6.18,12.95,2.0,Low,Sedan,Sunny,0,SemiUrban,113.15,259.57,4.54,4.25,Rock,8.79,31,1221.07
23.13,66.31,1.0,Medium,Premium,Sunny,0,SemiUrban,100.1,152.22,4.62,3.39,Pop,11.69,19,1225.42
27.89,109.43,2.0,Low,Mini,Rainy,0,Urban,95.87,221.57,3.05,3.51,Rock,38.49,98,2400.21
96.66,146.26,1.0,Medium,Mini,Foggy,0,Urban,107.88,97.5,4.67,4.18,Pop,89.96,46,5692.14
8.81,24.54,2.0,Medium,Mini,Sunny,1,Urban,103.94,292.03,4.59,3.45,Pop,82.25,42,1338.64
7.53,20.37,1.2,Low,Mini,Rainy,0,Airport,90.67,230.67,4.24,3.01,None,90.89,75,830.06
5.08,4.79,1.0,High,Sedan,,1,SemiUrban,98.37,69.13,3.09,,Pop,70.07,21,458.93
25.82,98.65,1.0,Low,SUV,Sunny,0,Urban,91.15,269.5,4.89,3.1,None,62.16,44,1248.91
28.55,74.66,1.0,High,Mini,Foggy,0,Airport,113.01,289.77,3.2,4.8,Classical,78.37,9,1370.07
2.23,18.65,1.0,Medium,Mini,Foggy,1,SemiUrban,118.53,133.41,4.44,4.37,Rock,19.98,31,401.86
37.51,91.76,1.0,Medium,Mini,Sunny,0,SemiUrban,105.01,184.72,4.53,3.06,Rock,11.14,17,1219.43
3.03,12.49,1.0,High,Sedan,Sunny,1,SemiUrban,106.74,297.98,4.89,3.1,None,93.04,7,798.34
22.11,60.06,1.0,Medium,Sedan,Sunny,0,Urban,115.35,162.74,4.9,3.06,Rock,83.76,62,925.78
28.65,69.48,1.2,High,Sedan,Sunny,1,SemiUrban,90.57,216.43,3.56,4.59,Classical,42.15,88,1403.98
34.97,84.9,1.0,Medium,Sedan,Sunny,1,Urban,94.87,163.11,3.46,4.57,Pop,77.81,20,1295.53
28.85,115.4,1.5,Medium,Sedan,Sunny,0,Urban,109.63,68.92,3.82,4.48,None,51.0,18,1849.73
32.27,83.64,2.5,Medium,Sedan,Sunny,0,SemiUrban,112.25,177.39,4.87,3.3,Classical,1.63,24,3097.5
14.24,62.53,1.0,Low,SUV,Sunny,0,Urban,108.79,256.69,4.45,4.97,Pop,1.51,81,962.49
32.78,74.18,1.2,High,Mini,Foggy,0,Airport,118.18,60.38,4.82,4.69,Pop,47.29,9,1602.37
4.12,10.02,1.0,Medium,Mini,Sunny,0,Airport,101.77,160.25,3.44,4.29,Pop,58.63,38,556.56
35.9,124.08,1.0,Medium,Mini,Sunny,0,Airport,106.65,255.57,3.14,4.36,Classical,82.28,62,1484.17
22.36,65.27,1.5,High,Mini,Rainy,0,SemiUrban,118.69,138.36,,,Classical,58.97,32,1509.31
32.87,138.33,1.0,High,Mini,Foggy,0,Airport,116.99,294.35,3.14,4.14,None,59.31,5,1649.6
18.64,77.04,1.0,Low,Mini,Sunny,0,SemiUrban,90.92,145.8,4.68,3.69,Classical,99.67,8,823.69
26.1,83.16,1.0,Medium,Mini,Rainy,0,Urban,100.56,245.79,4.74,4.43,Classical,0.16,63,1156.76
21.53,83.02,1.5,Medium,SUV,Foggy,1,Urban,112.17,111.39,4.83,3.67,None,34.85,39,1790.88
29.53,68.87,1.2,Medium,Sedan,Sunny,0,SemiUrban,90.03,133.09,3.82,4.9,None,92.95,55,1271.58
4.18,0.46,2.5,High,Mini,Rainy,0,SemiUrban,115.89,230.26,3.93,4.94,None,38.3,94,1465.04
3.35,22.26,2.0,High,SUV,Sunny,0,Urban,105.06,64.26,3.38,3.51,Rock,24.04,43,1247.02
10.64,43.33,1.0,Medium,Sedan,Foggy,0,SemiUrban,92.6,73.45,3.88,4.65,Classical,43.83,64,636.88
7.22,22.7,1.0,Low,Mini,Sunny,0,SemiUrban,103.27,116.69,3.31,3.2,None,76.78,22,416.55
35.0,92.42,1.0,Medium,Premium,Rainy,0,Urban,104.78,112.7,4.24,3.51,Pop,76.28,28,1552.87
9.55,4.74,1.2,Medium,Mini,Sunny,1,Airport,101.01,66.51,3.03,3.53,None,33.34,67,675.97
,162.61,1.2,Low,SUV,Rainy,0,Urban,103.63,292.97,3.86,4.25,Pop,11.77,47,2103.43
14.14,44.15,1.0,Medium,Premium,Sunny,0,Urban,116.74,123.38,4.97,4.84,Pop,96.44,59,1117.4
8.1,28.0,1.0,Low,Sedan,Foggy,0,SemiUrban,99.72,230.63,4.99,3.59,Rock,23.04,19,751.58
31.8,76.06,1.0,Medium,Sedan,Rainy,0,SemiUrban,118.83,148.26,4.55,3.85,None,92.73,12,1256.8
26.69,107.0,2.0,Medium,SUV,Sunny,1,Urban,110.61,297.74,3.6,3.78,None,40.32,36,2786.75
20.43,46.76,2.0,Low,Mini,Sunny,1,Urban,116.88,85.09,3.4,3.76,None,98.78,72,1589.47
22.66,73.12,1.0,Medium,Mini,Rainy,0,Airport,96.27,143.58,3.07,4.15,None,24.82,3,1089.51
29.05,88.82,1.0,Low,Sedan,Sunny,0,Urban,104.76,157.93,,4.35,Classical,66.9,69,1149.75
9.91,52.0,1.0,Medium,SUV,Rainy,1,Urban,106.96,229.33,3.92,3.8,Rock,82.02,86,960.23
39.86,132.62,2.0,Medium,Sedan,Sunny,0,Urban,92.56,174.0,3.16,4.61,Rock,40.6,61,2995.67
39.02,93.13,2.5,Medium,Premium,Sunny,1,Airport,104.81,237.58,4.74,4.18,Rock,14.75,53,4543.32
26.36,85.66,1.0,Medium,Mini,Sunny,0,Urban,115.83,260.31,4.3,,None,9.73,60,1017.03
8.78,36.68,1.0,Medium,SUV,Sunny,0,Airport,91.57,122.3,3.76,3.74,Pop,22.57,61,982.98
,52.6,1.0,Low,SUV,,0,Airport,109.27,250.98,4.71,4.93,Rock,5.49,11,1309.75
3.82,15.21,1.2,Medium,Sedan,Rainy,0,Urban,119.66,172.88,3.82,4.21,Rock,86.81,14,685.54
2.2,-2.91,1.2,Medium,Premium,Sunny,1,Airport,105.82,69.13,4.7,4.0,None,70.41,42,950.25
11.05,33.63,1.2,Low,Mini,Sunny,0,SemiUrban,99.1,124.26,3.99,3.49,None,65.21,54,665.29
19.04,,2.5,Low,Premium,Sunny,0,Airport,107.55,250.73,4.27,4.07,Pop,69.57,15,3189.68
34.86,102.06,1.0,Low,SUV,Rainy,1,SemiUrban,106.24,147.23,,3.16,Pop,63.56,60,1442.43
29.36,110.06,1.5,Low,Mini,Rainy,0,SemiUrban,93.15,73.32,3.52,3.8,None,3.57,82,1581.7
29.97,80.7,1.0,Medium,Sedan,Sunny,1,SemiUrban,,209.59,4.3,4.73,Pop,57.61,86,1118.06
17.59,78.61,1.0,Medium,Sedan,Foggy,0,Urban,110.08,262.58,3.82,3.86,Rock,41.3,1,1137.97
14.49,65.04,1.5,Medium,Mini,Rainy,1,Urban,107.78,83.21,3.27,4.68,Pop,15.81,26,1160.46
15.47,44.83,2.0,Low,Mini,Foggy,0,Airport,100.33,185.75,3.31,3.08,Classical,66.61,90,1742.51
39.52,96.64,1.5,High,Mini,Sunny,0,Urban,119.36,101.94,4.42,3.28,None,42.79,67,2049.94
2.56,9.96,1.5,Medium,Sedan,Sunny,0,Airport,109.34,134.44,4.37,4.47,None,25.68,49,884.08
34.81,101.01,1.5,Medium,Sedan,Rainy,1,Urban,96.92,153.48,4.44,4.49,Rock,73.22,52,2025.32
,56.36,1.0,Low,SUV,Sunny,0,Airport,104.14,51.31,4.44,4.29,Classical,6.03,55,1124.39
18.11,33.73,1.5,Medium,Mini,Sunny,1,Urban,111.35,138.93,4.92,4.84,None,36.57,82,1212.48
29.29,101.74,1.5,Medium,Sedan,Sunny,0,Airport,110.16,127.35,4.94,4.06,Pop,27.8,98,2076.39
19.98,79.37,1.2,Medium,Mini,,0,SemiUrban,97.39,217.09,3.87,4.45,None,12.18,93,1136.53
35.06,84.97,1.2,High,Sedan,,1,Airport,109.44,270.03,4.55,3.54,Classical,13.01,12,1858.23
36.13,84.05,1.5,Medium,SUV,Sunny,0,SemiUrban,99.99,76.31,,4.23,Classical,21.53,63,2033.39
17.45,,1.5,High,Mini,Rainy,1,SemiUrban,103.73,170.7,3.35,4.55,Pop,2.03,23,1242.68
11.8,42.81,1.0,Low,Mini,Sunny,1,Airport,110.07,119.17,4.56,4.4,Pop,59.64,16,717.07
24.1,95.94,1.5,Low,Sedan,Sunny,0,SemiUrban,107.43,296.88,4.69,4.62,Rock,51.11,19,1695.95
36.58,,1.5,Low,Mini,Rainy,1,Urban,111.38,245.09,3.08,3.81,Classical,85.69,13,2189.86
9.22,28.89,1.0,Medium,Sedan,Sunny,1,Airport,101.46,79.46,4.05,3.57,Pop,79.56,77,680.44
25.3,94.11,1.5,Medium,Mini,Foggy,0,Urban,112.56,142.21,3.5,3.55,Pop,97.78,49,1680.03
25.63,78.16,1.0,Medium,Mini,Sunny,0,Urban,90.47,77.79,4.87,4.61,Pop,2.26,11,860.93
29.59,83.9,1.0,Low,Sedan,Rainy,0,Airport,95.64,246.76,3.17,4.71,Rock,50.07,3,1361.57
6.13,24.37,1.2,Low,SUV,Sunny,0,Urban,119.2,171.77,4.32,3.42,Rock,16.84,42,791.06
28.92,90.51,2.0,Low,Sedan,Sunny,0,Airport,92.6,211.82,4.3,3.74,Pop,46.95,16,2529.17
36.45,162.86,1.0,Low,Mini,Rainy,1,Airport,109.86,193.72,3.24,4.84,Classical,18.38,32,1563.04
8.01,34.67,1.5,Low,Mini,Foggy,0,Urban,117.5,95.65,4.53,3.03,None,7.34,64,801.48
10.26,63.16,1.2,Low,Premium,Rainy,0,Airport,115.79,53.25,3.54,3.7,Pop,83.0,31,1324.41
38.88,150.05,2.0,Low,SUV,Rainy,0,Airport,117.38,267.56,4.38,4.23,Rock,43.18,81,3732.19
8.06,38.43,1.5,Medium,Mini,Sunny,0,Airport,119.52,73.09,3.5,3.29,Pop,68.51,29,1044.06
34.32,122.1,2.0,Low,SUV,Rainy,0,Urban,100.72,247.87,3.78,4.37,Classical,11.17,30,3117.52
20.2,65.72,1.5,Low,Premium,Sunny,1,Airport,99.9,97.87,3.66,3.58,None,57.55,23,1899.42
10.64,51.66,1.5,Low,Mini,Sunny,0,SemiUrban,93.63,263.19,4.21,4.89,Classical,82.84,95,980.0
34.96,102.31,1.0,High,Sedan,Sunny,0,SemiUrban,96.04,198.44,4.24,3.15,Rock,89.15,20,1342.21
18.37,69.79,1.0,Medium,Sedan,Sunny,0,SemiUrban,109.59,149.79,4.04,4.73,Classical,30.28,20,922.19
21.08,74.13,1.0,High,Mini,Rainy,1,Urban,99.93,214.59,3.3,4.2,Pop,91.15,65,1116.99
15.01,36.18,1.5,Medium,Mini,Sunny,0,Urban,100.23,118.44,4.29,4.24,Pop,48.74,16,1088.62
24.13,76.24,1.0,High,Mini,Sunny,1,Urban,109.38,154.65,,3.03,Pop,24.67,25,975.37
7.38,14.96,1.0,Low,SUV,Sunny,0,Airport,93.14,255.94,3.86,4.81,Pop,55.07,96,803.95
16.25,77.57,2.0,Low,SUV,,1,Airport,91.68,52.24,4.97,4.7,None,68.82,37,2129.21
38.81,137.6,1.5,Medium,Mini,Sunny,1,Urban,,108.49,4.69,,Rock,8.24,53,2085.04
11.07,41.67,2.0,High,Sedan,Sunny,0,Urban,,235.32,3.55,3.97,Classical,69.36,34,1734.31
26.61,70.02,1.0,High,Sedan,Sunny,1,SemiUrban,101.55,229.86,3.44,3.58,Classical,75.72,73,1149.53
13.68,41.48,1.0,Medium,Sedan,Sunny,1,SemiUrban,107.79,90.91,4.14,3.66,None,43.1,32,764.46
31.17,69.02,1.0,Low,SUV,Sunny,0,SemiUrban,97.14,295.75,3.17,,Classical,89.6,14,1297.9
6.1,26.79,1.0,Low,Sedan,Sunny,1,SemiUrban,101.03,219.12,3.96,3.16,None,22.2,4,539.21
38.82,169.54,1.0,Low,Mini,Sunny,0,Urban,91.09,142.84,3.91,3.16,Pop,19.04,62,1478.11
18.7,73.37,1.0,Low,Mini,Sunny,0,Urban,98.21,137.72,4.99,4.63,Pop,62.65,20,821.36
10.21,27.24,1.0,Low,Sedan,Foggy,0,SemiUrban,90.49,180.67,3.06,3.76,Pop,45.96,18,730.08
3.87,7.29,1.2,Low,Sedan,Sunny,0,SemiUrban,102.72,59.03,4.75,4.96,Pop,41.76,99,441.93
7.62,25.82,1.0,High,Sedan,,0,SemiUrban,105.59,228.64,4.87,3.17,Pop,62.68,21,810.93
21.27,72.11,1.0,Low,Sedan,Sunny,0,Urban,104.86,67.1,4.3,4.87,Classical,36.53,46,938.1
14.14,47.32,1.5,Low,SUV,Sunny,1,Urban,100.22,213.25,4.08,4.3,Classical,95.81,99,1322.08
33.33,79.15,1.5,Low,Sedan,Sunny,1,Urban,96.21,250.44,3.29,3.62,Pop,90.14,86,1827.33
17.8,84.56,1.5,Low,Premium,,0,Airport,103.63,276.32,4.37,3.53,Classical,31.01,50,2044.86
10.7,,1.2,Low,Mini,Rainy,0,Urban,,86.91,4.49,4.91,None,19.23,32,829.69
25.07,64.66,2.5,Low,SUV,Sunny,0,Airport,,236.37,4.38,3.68,None,17.77,4,3113.43
28.56,99.81,2.0,High,Mini,Sunny,0,Urban,99.38,295.82,3.16,4.05,Pop,77.88,37,2515.21
7.51,,1.2,Medium,Sedan,,1,Urban,119.23,66.95,4.57,4.91,None,60.47,26,810.47
7.54,18.14,1.0,Low,Sedan,Sunny,0,Airport,103.04,57.06,3.46,3.41,None,54.1,80,535.14
2.43,7.72,1.0,Medium,Mini,Rainy,0,SemiUrban,108.4,103.11,3.52,3.36,None,65.61,35,405.81
29.72,102.71,1.5,Low,Premium,Rainy,1,SemiUrban,114.11,101.26,3.78,3.43,Classical,73.83,16,2291.82
26.89,101.91,1.2,Low,Mini,Sunny,1,Airport,100.78,129.87,4.32,3.47,Rock,22.6,17,1312.42
19.51,47.52,2.0,Low,Sedan,Rainy,0,Airport,96.25,280.89,4.13,4.41,Classical,97.97,9,2235.0
33.92,95.54,1.2,Low,SUV,Sunny,0,Airport,98.19,220.77,4.41,3.34,Pop,35.44,79,1811.69
32.42,105.07,2.5,Medium,Mini,Rainy,0,Urban,115.16,52.68,4.32,3.08,Rock,7.82,53,3036.02
23.83,61.98,2.0,Medium,Premium,Rainy,0,Airport,118.03,173.84,4.4,4.44,Pop,83.47,64,3023.94
34.86,99.98,2.5,Low,Sedan,Sunny,1,Urban,93.85,268.93,3.6,4.93,None,53.12,28,3255.69
9.03,29.39,1.0,Medium,SUV,Rainy,0,Airport,110.84,183.59,4.37,4.09,Classical,1.8,86,1016.08
5.36,23.42,1.0,Low,Sedan,Rainy,0,Airport,91.05,98.56,4.59,3.73,Rock,60.79,30,685.15
11.52,44.1,1.5,Low,Sedan,Sunny,0,Airport,116.25,288.49,3.11,3.06,Rock,62.01,74,1412.79
3.23,5.28,1.5,Low,Mini,Rainy,1,SemiUrban,115.7,126.84,4.88,4.14,Pop,67.52,58,600.46
21.72,66.88,1.0,Medium,SUV,Sunny,0,Airport,113.24,137.52,3.1,3.66,Classical,59.57,20,1232.15
37.53,97.39,1.5,Low,Mini,Sunny,0,Urban,114.73,139.07,4.51,4.3,None,26.68,66,1761.1
2.53,2.41,1.2,Medium,Sedan,Sunny,0,SemiUrban,108.13,148.68,4.29,4.91,Classical,99.9,6,623.82
5.76,27.93,1.0,Medium,Mini,Sunny,0,SemiUrban,94.42,227.19,3.64,3.04,None,46.76,56,486.77
18.64,74.24,1.2,High,Mini,Sunny,0,SemiUrban,117.44,128.64,3.96,4.38,None,38.81,55,1152.37
37.42,121.79,2.0,Low,Mini,Sunny,0,SemiUrban,94.23,166.26,4.84,4.35,Rock,0.38,41,2568.8
,53.85,1.2,Low,SUV,Sunny,0,SemiUrban,96.76,115.87,4.71,4.19,Classical,56.88,3,941.23
20.78,51.89,1.5,Low,Sedan,Foggy,0,SemiUrban,102.98,176.98,3.73,4.45,Pop,48.8,94,1333.41
2.62,7.13,1.0,High,Sedan,Sunny,0,Airport,104.94,286.84,3.78,3.75,None,94.68,93,722.11
6.79,26.08,1.5,Medium,SUV,Sunny,0,Airport,92.89,122.4,,3.25,Pop,31.95,60,1220.13
39.48,158.89,2.0,High,Sedan,,0,SemiUrban,112.85,254.11,3.84,3.01,Rock,67.94,43,3349.2
38.64,,1.2,Medium,Mini,Sunny,1,SemiUrban,94.12,104.74,4.31,3.8,Pop,63.02,35,1628.39
1.19,13.98,1.0,Medium,Sedan,Rainy,0,Urban,,86.17,3.9,4.61,Classical,79.03,63,589.58
38.12,132.84,1.2,Low,Premium,Sunny,0,Urban,103.56,72.78,4.45,4.18,None,79.53,72,1980.33
25.93,59.42,2.0,High,Mini,Sunny,1,SemiUrban,114.33,294.97,4.61,3.3,Rock,0.37,34,2146.14
,107.92,1.0,High,Sedan,Sunny,0,Urban,98.87,192.6,3.64,3.64,None,86.83,69,1460.09
18.73,41.47,1.0,Low,Sedan,Sunny,0,Urban,115.1,178.57,4.32,4.33,Classical,11.8,34,854.14
21.11,73.9,1.0,Low,Mini,Rainy,1,Airport,97.57,51.8,4.09,4.85,None,5.27,54,941.08
,73.78,1.2,Medium,Premium,,0,Airport,107.23,171.07,3.21,4.72,None,80.72,73,1653.1
27.01,83.11,1.2,Low,Mini,,0,Urban,104.58,215.68,3.58,4.26,Pop,8.47,81,1243.1
6.45,41.53,2.0,High,Mini,Sunny,1,Airport,100.58,152.49,3.24,3.44,Rock,4.51,65,1431.21
2.17,18.13,1.0,Medium,Premium,Rainy,1,Urban,90.35,82.23,4.61,4.74,Pop,24.22,37,883.23
13.01,36.54,1.2,Medium,Sedan,,0,Airport,101.94,116.92,4.4,,Classical,52.38,61,1090.99
,114.38,2.0,Medium,Mini,Rainy,0,SemiUrban,93.55,228.53,4.61,4.82,Rock,87.03,92,2485.5
8.87,31.85,1.0,Medium,Mini,Foggy,0,SemiUrban,96.75,168.83,4.28,4.13,Pop,91.8,27,581.79
27.26,101.86,1.2,Low,SUV,Foggy,0,Urban,110.65,169.83,4.04,4.74,Pop,45.34,89,1628.8
,114.0,1.5,High,Mini,Sunny,0,Urban,107.14,59.6,3.95,4.59,None,59.05,87,2013.1
4.66,24.62,1.0,High,Sedan,Sunny,0,Urban,105.81,182.33,3.67,4.24,Rock,92.39,70,591.28
27.23,91.53,1.0,Medium,Mini,Rainy,0,Airport,106.92,156.18,4.75,4.96,None,77.39,88,1253.56
18.31,67.42,1.2,Medium,Premium,Sunny,1,Urban,93.6,269.91,3.93,3.49,Rock,62.21,11,1545.26
,110.11,1.0,Medium,SUV,Sunny,0,Airport,94.94,145.21,3.43,4.25,Rock,24.49,59,1503.18
7.91,39.39,1.0,Medium,Sedan,Sunny,0,SemiUrban,106.28,202.31,4.49,3.05,None,47.06,35,723.19
28.01,109.6,2.5,High,Sedan,Rainy,1,SemiUrban,102.2,283.97,3.67,3.9,Classical,85.91,17,3528.71
33.69,91.3,1.2,Low,SUV,Sunny,0,SemiUrban,103.9,191.55,3.45,4.67,Classical,31.08,14,1594.78
37.84,92.47,2.0,Low,Premium,Rainy,1,Airport,116.37,57.45,4.58,3.47,Pop,14.52,22,3468.71
27.65,116.03,1.0,High,SUV,Rainy,0,Airport,95.55,75.4,3.89,4.5,Pop,15.44,26,1478.37
20.39,50.96,2.0,Low,SUV,Sunny,0,SemiUrban,117.32,291.71,3.41,4.52,Pop,77.25,92,2086.23
25.1,88.61,1.5,Medium,Mini,Sunny,1,Airport,115.72,188.02,4.34,4.27,None,16.49,98,1694.89
34.89,86.45,1.5,Low,Mini,Sunny,0,Airport,117.05,97.32,4.63,4.79,Classical,4.5,63,1902.9
,76.85,1.0,High,SUV,Sunny,0,Urban,109.24,191.94,3.8,3.9,Classical,85.42,50,1171.25
2.19,1.99,1.2,Medium,SUV,Sunny,1,Airport,115.92,289.35,3.47,3.42,Rock,93.39,51,963.08
37.31,89.08,1.2,High,SUV,Sunny,0,Airport,119.74,61.21,3.05,4.3,Pop,98.63,98,1958.04
27.89,83.07,1.5,High,Mini,Rainy,0,Urban,104.14,181.78,4.74,4.9,Classical,36.55,46,1812.77
27.38,85.48,1.5,Low,Sedan,Sunny,1,SemiUrban,115.85,84.04,3.9,4.26,Classical,90.95,74,1622.2
9.41,49.1,1.0,Medium,Sedan,Rainy,1,SemiUrban,117.11,161.69,4.78,4.76,Classical,15.43,77,713.98
26.7,115.37,2.0,Medium,SUV,Sunny,0,Urban,99.29,213.64,4.41,4.73,Pop,99.29,99,2679.45
16.36,36.55,2.0,High,Mini,Rainy,0,SemiUrban,103.28,164.79,3.99,3.01,None,1.7,60,1795.72
26.4,55.81,1.2,Low,SUV,Sunny,0,SemiUrban,107.21,290.7,4.4,3.15,None,34.63,21,1387.1
5.16,30.7,1.0,High,Mini,Sunny,0,SemiUrban,100.47,196.15,3.62,,Classical,74.47,21,619.11
26.66,71.52,1.5,Low,Sedan,Sunny,0,SemiUrban,99.66,290.9,3.39,4.71,None,60.19,48,1663.24
39.98,,1.2,High,Sedan,Sunny,0,Airport,,128.6,3.3,3.77,Pop,39.97,3,1847.41
2.88,15.21,1.5,Medium,Sedan,Sunny,0,SemiUrban,102.72,55.28,4.83,4.78,Classical,7.76,37,708.0
39.11,89.28,1.5,Medium,Sedan,Sunny,1,Airport,97.57,88.64,4.49,,Pop,95.2,7,2127.84
16.87,76.22,1.0,Low,Premium,Sunny,0,Airport,104.2,67.89,4.87,3.83,Rock,85.4,63,1270.78
34.96,92.14,1.2,Low,Mini,Rainy,1,SemiUrban,113.36,234.74,4.53,3.65,Classical,7.55,10,1553.88
31.51,123.35,1.2,Low,Sedan,Foggy,1,Urban,108.73,97.46,3.77,3.88,Pop,75.25,90,1555.14
23.11,50.97,2.0,Medium,Mini,Sunny,0,Airport,101.39,239.27,4.88,3.92,Classical,16.66,26,1992.9
29.8,90.17,1.0,Medium,SUV,Sunny,0,Urban,94.69,184.39,4.18,3.96,None,96.36,61,1391.86
35.26,148.81,1.0,Medium,Sedan,Rainy,1,SemiUrban,114.72,104.2,4.87,3.57,Pop,6.65,9,1475.41
16.76,,2.0,Low,Sedan,Sunny,0,SemiUrban,105.34,203.36,3.42,3.77,None,18.36,24,1644.99
13.75,45.48,1.0,Medium,SUV,Rainy,0,Urban,119.14,52.86,3.75,4.21,None,77.27,43,996.95
27.04,68.37,1.2,High,Sedan,Sunny,0,Airport,97.58,133.68,3.75,3.02,Pop,1.71,70,1533.89
32.51,101.85,1.0,Medium,Mini,Sunny,0,Airport,95.27,246.17,3.01,4.09,Pop,87.64,15,1255.8
30.73,119.32,1.2,Low,Premium,Sunny,0,Airport,90.24,237.3,4.38,3.04,Pop,26.11,42,2046.91
,74.95,1.2,High,Sedan,Sunny,0,Airport,92.48,247.67,4.8,4.21,None,86.12,70,1706.01
17.99,69.69,1.0,High,Sedan,Rainy,0,SemiUrban,101.56,196.89,4.84,3.76,Rock,47.17,59,1098.93
32.9,115.39,2.5,High,Sedan,Sunny,1,Airport,95.95,193.32,4.59,3.93,Classical,5.68,28,3790.22
,23.55,1.0,High,SUV,Sunny,0,SemiUrban,91.14,151.84,3.51,4.62,Classical,54.01,8,684.79
22.24,68.55,1.0,Medium,Mini,Sunny,0,Airport,96.76,287.13,3.77,4.34,Pop,72.18,1,1096.58
1.22,14.13,1.0,Low,Mini,Rainy,0,SemiUrban,111.86,287.37,3.66,4.86,Rock,53.52,63,520.86
13.66,29.75,1.2,Medium,Mini,Sunny,1,Airport,112.07,52.17,3.9,3.49,Pop,90.05,55,952.48
15.29,47.72,1.0,Medium,Sedan,Foggy,1,Urban,94.49,290.56,3.91,3.79,Pop,75.3,52,892.09
16.45,54.41,1.0,Low,Mini,Rainy,0,Airport,118.09,267.64,4.78,3.44,Pop,12.4,83,1007.65
28.12,87.49,2.0,Low,Sedan,Rainy,1,Airport,94.77,201.5,3.21,3.36,Pop,4.61,74,2507.84
16.15,56.48,1.0,Low,Mini,Sunny,1,Urban,92.68,131.13,4.51,4.33,Classical,36.17,37,711.61
18.5,69.43,1.0,Medium,SUV,Sunny,0,SemiUrban,94.89,155.19,4.15,4.31,Classical,70.41,71,1032.69
10.26,45.51,1.0,Low,Sedan,Sunny,1,Airport,94.22,262.05,4.38,3.98,Pop,85.71,32,811.77
,51.2,1.0,Medium,Mini,Sunny,1,Urban,108.95,86.92,4.79,3.29,Rock,86.07,37,660.73
9.86,45.15,1.0,High,Mini,Rainy,0,Airport,94.69,205.2,4.88,4.13,Classical,6.79,60,919.22
3.85,27.7,1.0,Low,SUV,,1,SemiUrban,109.03,107.72,3.02,4.02,None,80.53,11,670.35
24.53,89.81,1.0,High,SUV,Sunny,0,Airport,98.3,144.54,4.71,4.14,Pop,28.79,77,1410.06
27.06,90.27,1.0,Medium,SUV,Rainy,1,SemiUrban,97.45,51.25,3.36,3.9,Classical,91.84,96,1220.08
25.16,64.36,1.0,Low,Mini,Sunny,0,SemiUrban,116.92,292.35,3.31,3.16,Rock,49.64,20,1087.61
19.08,60.08,1.2,Low,Premium,,0,Urban,96.43,77.15,4.82,3.82,Classical,15.14,25,1407.38
15.81,,1.2,Low,Sedan,Sunny,1,Airport,,240.87,4.88,3.63,Rock,99.28,69,1126.59
34.67,146.06,1.0,Low,Mini,Sunny,1,Airport,99.11,190.4,3.79,3.54,Pop,20.44,28,1428.85
21.24,62.63,2.0,High,Sedan,Rainy,1,Urban,119.74,257.0,3.12,4.33,Pop,27.37,71,2357.35
19.69,,1.5,Medium,Sedan,Sunny,0,SemiUrban,119.43,178.92,4.63,4.34,Classical,52.85,87,1538.42
2.0,10.68,2.5,High,Mini,Rainy,0,Urban,114.83,296.1,4.69,4.95,Pop,2.65,22,1637.98
14.31,37.29,1.0,Medium,SUV,Sunny,1,Urban,116.04,201.75,3.42,4.27,Classical,82.63,4,980.14
15.83,59.12,1.2,Medium,SUV,Foggy,0,Urban,114.7,204.1,4.97,3.6,Pop,45.2,87,1255.04
,55.42,1.0,Low,Mini,Rainy,1,SemiUrban,108.89,280.2,4.57,4.07,None,35.11,35,873.23
23.63,105.68,1.5,Medium,SUV,Rainy,1,SemiUrban,114.27,114.5,3.89,4.27,Classical,44.0,19,1899.32
21.81,53.77,1.0,Medium,Sedan,Sunny,0,Airport,108.85,140.72,3.91,3.82,None,96.92,16,1064.67
24.71,73.17,1.0,Low,Sedan,Sunny,0,Urban,115.26,216.25,3.68,4.28,None,49.25,69,1057.12
30.83,91.8,1.2,High,SUV,Sunny,0,Urban,118.07,85.28,4.49,4.64,None,75.29,42,1618.45
32.71,77.9,1.2,Medium,Sedan,Sunny,0,Airport,112.6,252.4,4.24,4.26,Pop,1.52,9,1686.05
29.01,86.46,1.2,High,Sedan,Sunny,0,SemiUrban,118.94,197.97,,3.34,Classical,75.55,33,1485.99
38.27,153.56,1.0,Medium,Mini,Rainy,0,SemiUrban,103.45,238.74,4.07,3.65,Rock,9.48,19,1518.95
1.71,12.15,1.0,Low,Sedan,Sunny,1,Airport,117.76,297.57,3.1,,None,79.37,92,652.94
8.64,29.99,2.0,Medium,Sedan,Sunny,0,Airport,96.79,294.22,4.75,3.72,Rock,91.84,38,1738.05
,3.2,2.0,Low,Sedan,Rainy,0,Airport,90.94,161.91,3.9,4.66,Classical,23.4,34,1066.85
26.25,74.55,1.2,Medium,Sedan,Sunny,1,Airport,93.84,120.28,4.46,3.28,None,27.72,83,1403.98
36.02,,1.2,Medium,Sedan,Rainy,0,Urban,94.81,208.58,3.5,4.97,None,80.81,72,1583.9
10.5,54.67,1.0,Low,Sedan,Sunny,0,SemiUrban,114.73,227.84,3.51,3.42,Rock,78.47,29,784.16
37.15,154.68,1.0,Medium,Sedan,Sunny,0,Urban,102.03,123.68,3.73,4.92,None,79.3,70,1450.4
3.35,19.91,1.0,Low,Mini,Sunny,0,SemiUrban,97.0,120.34,3.69,3.1,Rock,80.8,70,417.93
37.44,79.43,1.2,Low,Mini,Sunny,0,SemiUrban,,103.74,3.56,4.15,None,34.53,76,1418.07
14.71,39.2,1.5,High,Sedan,Sunny,0,SemiUrban,96.06,277.36,3.64,3.36,Pop,95.04,74,1360.19
4.96,21.67,1.2,Medium,Mini,Sunny,0,Airport,92.34,75.41,3.28,4.29,Rock,89.84,1,654.77
19.95,81.72,1.0,Low,Mini,Foggy,1,SemiUrban,103.99,111.6,3.03,4.8,Rock,12.77,75,907.1
11.01,39.11,1.0,Medium,Mini,Rainy,1,SemiUrban,92.08,206.1,4.95,3.6,Pop,4.22,1,724.08
12.11,22.96,1.0,Medium,Mini,Sunny,0,Airport,98.37,166.89,3.15,3.8,None,91.8,96,656.69
12.98,65.1,1.5,Low,Mini,Rainy,1,Airport,,80.18,3.71,3.09,Pop,21.48,54,1317.96
32.32,91.25,1.0,Medium,Mini,Foggy,1,Urban,101.24,122.38,4.67,4.15,Classical,74.11,80,1155.05
22.03,71.39,1.2,Medium,Mini,Sunny,0,Airport,92.62,152.03,3.01,4.21,Rock,66.23,99,1165.84
13.14,54.83,1.2,High,Mini,Foggy,0,Urban,102.09,289.67,4.56,4.24,None,72.49,67,1037.19
24.8,46.27,1.0,Medium,Mini,Foggy,0,Airport,105.39,148.94,3.84,4.83,Classical,61.78,33,1085.2
28.93,123.9,1.0,Low,Mini,Rainy,0,Urban,97.51,78.95,3.43,,None,28.63,84,1179.74
11.63,38.05,1.2,Low,SUV,Sunny,0,SemiUrban,,293.09,3.3,3.94,Pop,59.4,16,955.62
17.13,48.12,1.0,Medium,Mini,Rainy,0,Airport,112.85,158.5,4.67,3.59,None,53.19,80,1059.46
5.75,36.53,1.2,Low,Sedan,Sunny,0,Urban,92.04,84.93,3.57,3.49,None,30.63,90,590.59
8.06,47.32,1.5,High,Mini,Foggy,0,SemiUrban,118.71,202.77,3.95,,Classical,34.81,58,1112.98
27.56,87.13,1.0,Low,Mini,Sunny,1,SemiUrban,90.23,252.14,3.72,4.88,Pop,64.72,59,1090.11
8.08,27.16,1.2,Low,Sedan,Rainy,1,Urban,109.54,227.63,4.74,3.5,Pop,83.58,61,879.93
21.48,96.46,2.0,Low,Sedan,Sunny,0,SemiUrban,94.01,127.89,3.29,3.17,None,59.43,55,1929.83
28.65,115.79,1.2,Medium,Mini,Sunny,0,Urban,106.41,109.74,4.97,3.82,Classical,43.76,29,1310.7
5.17,18.65,2.5,Medium,Mini,Foggy,1,SemiUrban,95.62,270.72,3.04,3.53,Pop,12.26,49,1433.47
23.13,99.64,1.0,Low,Mini,Rainy,1,SemiUrban,91.03,98.47,3.4,3.58,Classical,1.81,42,1004.89
11.01,40.03,1.5,High,SUV,Sunny,1,Airport,115.79,239.19,3.95,3.91,Rock,8.77,51,1530.35
38.55,112.8,1.2,Low,Mini,Foggy,0,SemiUrban,102.72,55.75,3.35,4.63,Classical,6.81,48,1500.36
19.86,62.2,2.0,Low,Mini,Rainy,0,SemiUrban,98.26,154.89,3.5,4.67,Rock,16.47,25,1760.56
32.43,111.2,1.0,Low,SUV,Foggy,1,Airport,118.42,296.23,4.97,3.97,Rock,90.38,74,1564.42
22.46,76.43,1.0,High,Mini,Sunny,1,Airport,92.46,208.47,,4.68,None,15.08,41,1190.44
2.69,11.03,1.0,Medium,Mini,Foggy,1,Airport,100.46,127.66,3.09,3.33,Pop,19.32,52,499.25
25.69,116.42,2.0,Medium,Mini,Rainy,1,SemiUrban,95.32,224.94,3.95,3.53,Classical,61.27,38,2411.83
38.1,90.84,1.0,Low,Mini,Foggy,0,Airport,119.74,138.33,4.16,3.32,Classical,53.89,61,1403.65
24.46,101.71,2.0,Medium,Mini,Sunny,0,Urban,106.38,284.71,3.66,4.84,Pop,83.64,5,2314.96
32.95,135.74,1.0,Medium,SUV,Sunny,0,SemiUrban,114.37,108.73,4.78,4.51,Rock,22.97,7,1469.89
35.48,123.63,1.0,Low,SUV,Rainy,0,Urban,94.91,130.0,4.62,4.54,Rock,48.34,71,1447.42
9.9,32.27,1.0,Low,Sedan,Sunny,1,Urban,99.13,222.19,3.81,4.37,Rock,10.91,79,696.37
9.27,31.71,1.2,High,Sedan,Rainy,1,Urban,108.59,248.82,4.51,3.03,Pop,58.72,77,1093.16
24.83,,1.5,Low,Sedan,Foggy,0,SemiUrban,,194.12,4.06,3.42,Rock,60.23,38,1754.49
17.03,82.04,1.0,Medium,Sedan,Rainy,0,SemiUrban,105.0,122.32,4.63,4.75,None,84.78,10,1004.35
33.75,81.76,2.0,Low,SUV,Sunny,1,Urban,117.95,193.27,3.98,3.96,None,33.03,78,2704.85
36.1,133.6,1.0,Medium,Sedan,Sunny,0,SemiUrban,117.91,104.79,3.22,4.49,None,29.79,64,1422.9
14.78,47.74,1.2,Low,Mini,Sunny,1,SemiUrban,,64.36,3.62,3.43,Classical,95.23,11,753.15
,32.63,1.5,Low,Mini,Rainy,0,Urban,,279.92,4.25,3.13,Classical,45.01,5,1099.47
31.44,112.62,1.0,Medium,SUV,Sunny,0,SemiUrban,95.95,170.28,4.92,4.66,Rock,28.92,29,1352.53
11.72,39.21,1.0,High,Mini,Sunny,0,Airport,119.36,170.06,4.76,3.47,None,60.61,54,978.73
33.08,135.22,1.0,High,SUV,Sunny,0,SemiUrban,105.6,236.2,,3.44,None,14.32,79,1550.03
17.53,34.9,1.0,Low,Sedan,Rainy,0,SemiUrban,,190.01,4.09,3.8,Classical,38.62,8,828.34
27.03,65.89,2.0,Low,Sedan,Sunny,0,Urban,115.34,163.57,3.37,,Pop,45.9,10,2100.55
4.73,30.15,2.5,Medium,Mini,Sunny,0,SemiUrban,102.61,248.65,3.04,4.25,None,88.34,13,1331.52
25.33,56.25,1.5,Medium,Mini,Sunny,0,Urban,109.08,168.76,,4.85,Rock,72.67,73,1544.91
18.62,83.89,1.5,Medium,Sedan,Sunny,1,Airport,115.31,278.18,4.54,4.51,Classical,39.12,46,1708.95
23.88,60.42,1.0,Medium,Sedan,Sunny,0,Airport,99.28,126.56,3.5,4.05,Classical,46.52,17,1091.65
7.55,30.33,1.0,Medium,Sedan,Sunny,1,Urban,107.34,58.4,3.58,3.29,None,94.22,99,502.26
29.74,67.2,1.5,Medium,Sedan,Sunny,1,Urban,91.68,87.3,3.24,3.27,Pop,83.7,15,1682.37
34.65,91.71,1.2,Low,Mini,Sunny,0,Urban,97.04,254.79,4.42,3.26,Pop,11.75,66,1524.8
9.45,33.73,1.2,Medium,SUV,Foggy,0,Airport,94.16,281.55,3.57,4.97,Pop,35.88,57,1266.37
4.73,21.48,1.5,Medium,SUV,Sunny,0,Airport,109.33,68.77,4.26,4.62,None,46.3,78,1107.31
1.92,18.12,1.0,High,SUV,Foggy,0,Urban,97.64,277.18,,3.17,None,20.18,71,820.86
26.04,104.34,1.0,Low,Sedan,Rainy,0,Urban,112.8,285.92,4.99,3.61,Classical,12.88,1,1256.07
24.68,77.04,1.5,Low,Mini,Rainy,0,Urban,112.83,238.58,4.89,3.64,Rock,31.75,27,1663.38
22.32,89.07,1.2,High,Mini,,0,SemiUrban,113.53,240.27,3.79,3.63,Rock,66.17,11,1322.84
10.05,30.67,1.5,Medium,Sedan,Rainy,0,SemiUrban,93.98,50.38,4.6,3.01,Classical,95.88,19,967.01
16.25,43.92,1.0,High,Sedan,Rainy,0,SemiUrban,105.78,105.68,3.81,3.86,Rock,97.53,88,918.53
24.18,111.56,1.0,Medium,Sedan,Sunny,1,SemiUrban,110.37,103.66,3.54,4.71,Classical,87.58,29,1042.26
20.37,62.36,1.0,High,Sedan,Sunny,0,SemiUrban,99.68,195.37,3.03,3.22,Rock,71.08,71,1063.55
39.52,116.85,1.5,Low,SUV,Sunny,1,SemiUrban,97.8,214.23,4.44,3.13,Classical,7.49,23,2189.74
6.32,20.18,1.2,Low,Mini,Sunny,0,Urban,111.54,275.42,3.56,4.3,None,1.59,13,634.14
28.11,90.19,1.0,High,SUV,Sunny,0,Airport,100.54,172.0,3.96,4.55,None,2.38,98,1371.11
16.77,31.59,1.2,High,Mini,Foggy,1,SemiUrban,97.47,175.26,3.33,3.49,Classical,9.99,3,1036.5
17.7,60.32,1.2,Medium,Mini,Rainy,0,SemiUrban,106.89,63.57,3.13,4.81,None,46.36,65,936.06
28.99,109.94,1.0,Medium,SUV,,1,Urban,108.61,299.36,4.49,4.36,Classical,1.85,67,6278.28
28.01,91.21,1.0,High,SUV,Sunny,1,Airport,113.3,286.4,3.59,3.95,Classical,35.53,13,1519.49
39.66,158.71,1.0,Low,SUV,Rainy,0,SemiUrban,91.23,67.99,3.51,4.6,Classical,95.19,53,1586.4
6.01,27.31,1.0,Medium,SUV,Sunny,0,Airport,95.23,189.42,3.52,3.65,None,56.1,47,793.77
5.06,14.7,1.2,Low,SUV,Rainy,1,Urban,113.32,136.96,3.21,3.54,None,60.58,26,754.22
29.25,111.53,1.0,Low,Sedan,Sunny,1,SemiUrban,105.96,157.08,3.06,3.52,Pop,49.06,82,1011.84
23.56,96.15,1.0,Medium,Sedan,,0,Airport,,212.92,3.37,3.37,Rock,98.16,52,1196.29
11.69,29.66,1.0,High,Mini,Rainy,0,Airport,103.46,154.93,4.6,4.76,Pop,16.7,93,830.51
4.1,-2.87,1.0,Medium,Mini,Sunny,0,SemiUrban,103.78,173.9,4.96,3.78,Rock,97.56,98,466.85
4.34,12.08,2.5,High,Sedan,Sunny,1,Urban,101.33,118.27,4.03,4.75,Classical,46.7,77,1435.66
35.87,131.26,1.0,Low,Sedan,Rainy,1,Airport,110.74,70.59,4.61,4.77,Classical,92.53,71,1401.0
,30.53,1.2,Low,Mini,Sunny,0,SemiUrban,107.71,238.79,3.51,3.26,Rock,64.06,3,612.53
13.61,,1.0,Low,Sedan,Rainy,1,SemiUrban,101.78,144.6,4.37,3.08,Rock,20.25,42,830.59
9.84,27.24,1.5,Low,Premium,Rainy,1,Airport,95.63,271.65,4.78,4.94,Rock,79.61,91,1673.27
14.84,61.12,2.0,Low,Sedan,Sunny,0,Airport,90.07,286.25,4.23,3.42,Rock,13.31,23,1962.63
3.71,20.45,1.0,Low,Premium,Sunny,0,Airport,92.74,72.09,4.4,3.76,None,81.18,60,709.62
,70.18,1.5,Medium,SUV,Rainy,0,SemiUrban,93.24,221.09,3.2,3.26,Classical,3.52,46,1725.45
3.64,21.73,1.0,Low,Sedan,Sunny,0,SemiUrban,107.08,255.03,3.71,4.89,None,14.28,22,527.51
32.21,79.29,1.0,Medium,Mini,Rainy,1,Urban,112.78,211.76,3.06,3.18,Classical,35.91,1,1287.66
10.11,50.47,1.0,High,Mini,Sunny,0,Airport,103.71,132.17,3.33,4.61,Classical,6.51,62,805.77
,48.72,1.0,Medium,Sedan,Rainy,1,Urban,102.43,121.13,3.6,4.72,Classical,81.84,11,1084.71
35.32,150.42,1.0,High,Sedan,Sunny,0,Urban,93.96,165.56,4.91,4.85,None,45.15,55,1496.49
26.38,67.22,1.0,High,Mini,Rainy,0,Urban,117.03,114.74,3.08,3.92,Pop,61.89,68,1173.47
21.79,44.64,1.0,Low,SUV,Rainy,0,Airport,112.06,273.93,3.9,4.12,Classical,10.12,60,1302.84
13.65,54.56,1.5,Medium,Sedan,Sunny,0,Urban,102.51,62.26,4.54,4.02,Rock,0.69,75,1188.9
13.99,35.9,1.0,Medium,Mini,Rainy,0,Urban,92.91,78.17,4.01,4.08,None,98.13,56,680.68
27.11,110.12,1.0,Low,SUV,Sunny,1,SemiUrban,115.38,201.63,4.17,3.48,Pop,14.42,62,1227.11
39.77,123.88,1.2,High,Mini,Sunny,1,Airport,95.09,214.58,4.87,4.15,Rock,83.0,17,1934.79
26.81,72.01,1.0,Medium,Mini,Sunny,0,SemiUrban,110.2,234.01,4.3,3.52,None,64.06,64,1047.72
22.75,,1.0,Low,Mini,Rainy,0,Urban,100.19,118.9,4.52,4.17,Pop,80.55,18,1006.22
29.5,81.28,1.0,Medium,Mini,Foggy,0,SemiUrban,115.79,123.61,3.08,4.65,Pop,60.24,53,1017.77
19.14,67.53,1.2,Medium,SUV,,1,Urban,107.61,153.41,4.59,3.01,Rock,38.91,90,1293.98
3.35,8.3,1.0,Medium,Sedan,Sunny,0,SemiUrban,96.82,108.62,3.84,4.73,Pop,52.88,4,405.05
22.93,52.15,2.0,Low,Sedan,Rainy,0,Airport,90.38,144.31,3.04,3.89,Classical,53.44,82,2155.53
38.35,79.85,1.0,Medium,Sedan,Sunny,0,Urban,96.37,224.23,4.7,4.22,Pop,17.84,47,1447.14
7.84,22.79,1.0,Medium,Sedan,Sunny,0,Airport,100.96,174.65,4.91,3.51,Classical,63.92,63,865.78
27.91,58.97,1.0,High,Sedan,Sunny,0,Airport,111.25,291.65,4.21,5.0,Pop,17.49,51,1252.93
8.84,27.9,2.5,High,SUV,Foggy,1,Urban,96.48,194.9,4.78,4.23,Rock,54.16,11,2206.74
21.9,73.9,1.2,Medium,Sedan,Sunny,0,Airport,97.85,132.15,3.39,4.95,Pop,67.22,10,1396.94
4.77,22.84,1.0,Low,SUV,Sunny,0,Urban,103.05,95.45,4.21,4.55,Pop,81.15,9,638.25
18.56,56.15,1.0,Low,SUV,Sunny,1,Urban,91.29,104.97,3.9,4.75,Pop,54.34,31,881.36
30.49,133.57,1.2,Low,Mini,Rainy,1,SemiUrban,113.05,54.01,3.07,3.52,Pop,61.45,91,1440.61
14.56,58.56,1.0,Medium,Sedan,Sunny,0,Urban,92.36,160.54,4.25,4.29,None,72.73,7,859.48
26.93,94.98,1.2,Low,SUV,Rainy,0,SemiUrban,112.11,290.0,4.15,3.71,Pop,36.29,83,1625.11
32.02,130.98,1.2,Medium,SUV,Sunny,1,Urban,98.04,244.33,3.09,4.64,Pop,4.68,44,1817.73
37.16,102.02,1.0,Low,Mini,Sunny,1,Airport,103.8,125.17,3.42,4.95,Rock,29.58,32,1308.79
10.15,33.71,1.0,Medium,Mini,Rainy,0,SemiUrban,102.31,249.69,3.58,3.43,Classical,11.84,50,714.08
16.57,38.31,1.5,Low,Sedan,Sunny,0,Urban,97.6,282.94,3.39,4.47,Rock,76.01,17,1272.8
6.94,27.67,1.2,Low,Mini,Rainy,0,Urban,97.67,218.17,,4.49,Rock,81.4,98,753.69
39.71,108.06,1.5,Medium,Mini,Rainy,0,Airport,118.47,177.95,4.06,3.7,Classical,96.87,31,2392.0
37.15,99.3,1.0,Medium,Mini,Rainy,1,Urban,99.16,83.97,3.73,3.29,Rock,60.15,31,1259.18
22.06,81.95,1.2,Medium,Mini,Rainy,0,Airport,95.49,69.92,3.87,3.64,Classical,47.63,83,1369.19
33.84,119.91,1.0,Medium,Mini,Rainy,0,SemiUrban,97.51,104.73,4.93,3.34,Pop,94.09,62,1363.25
21.32,61.8,1.0,High,SUV,Rainy,0,Airport,110.86,215.83,,4.77,Pop,91.95,4,1347.94
25.32,88.58,1.2,Low,Mini,Foggy,0,Urban,99.27,88.69,3.37,4.65,Classical,64.17,57,1176.44
4.48,21.69,1.5,Low,Sedan,Sunny,0,Airport,95.15,183.29,4.08,4.53,Classical,77.38,94,932.18
30.46,73.8,1.0,Medium,Sedan,Foggy,1,Airport,,159.15,4.96,,Pop,19.87,98,1260.58
5.98,5.97,1.5,High,SUV,Sunny,0,Airport,93.53,207.14,4.48,3.8,Classical,51.49,11,1236.78
33.22,98.88,1.2,Medium,Mini,Sunny,1,Urban,101.96,63.02,4.64,4.81,Rock,34.07,21,1333.69
31.5,71.59,1.0,Medium,Mini,Rainy,1,Urban,115.87,295.05,4.47,4.62,Classical,82.36,22,1246.33
28.64,106.32,2.0,Low,SUV,Sunny,1,Airport,101.19,222.48,,4.81,Rock,89.01,28,2862.26
2.41,,1.2,Medium,SUV,Sunny,0,SemiUrban,105.42,230.43,3.59,,Rock,40.13,31,724.55
12.82,47.04,1.2,Medium,Sedan,Sunny,0,Urban,113.67,54.06,4.08,3.57,Pop,47.88,58,873.68
11.26,35.3,1.2,Medium,Mini,Sunny,0,SemiUrban,105.48,69.87,3.12,4.3,Pop,23.08,56,602.08
15.05,27.77,1.2,Medium,Mini,Sunny,0,Urban,91.42,221.96,3.8,4.36,Rock,87.8,33,837.14
4.42,19.75,1.5,Low,Mini,Sunny,0,Airport,96.45,77.41,3.42,4.41,Pop,13.88,48,771.1
37.54,137.85,1.0,Low,Mini,Sunny,0,Airport,116.83,273.84,4.3,3.77,Pop,91.71,20,1534.46
22.6,104.49,1.0,Low,Mini,Rainy,0,Airport,114.07,205.36,3.2,4.03,Rock,61.71,2,1229.27
12.92,63.46,2.0,Medium,Mini,Rainy,0,SemiUrban,112.82,67.77,4.57,,Rock,24.51,59,1560.65
16.48,54.51,1.5,Low,Mini,Sunny,0,SemiUrban,106.42,203.41,4.14,4.2,Classical,42.61,67,1273.32
18.44,66.14,1.0,Medium,SUV,Foggy,0,SemiUrban,100.6,250.68,3.75,3.93,Pop,10.16,93,1144.03
24.42,111.1,1.0,Medium,Sedan,Sunny,0,Airport,110.83,250.23,3.28,3.38,Rock,59.44,74,1354.05
21.11,88.35,1.2,Low,Mini,Sunny,1,Airport,109.9,150.29,4.34,,Classical,80.7,78,1143.18
36.86,117.38,1.0,Medium,Premium,Foggy,0,Urban,109.28,165.02,,3.7,Pop,65.2,57,1571.35
20.38,76.01,1.0,High,SUV,Sunny,1,Airport,105.11,234.03,4.7,4.31,Pop,16.51,72,1273.49
39.69,171.21,1.0,Medium,Mini,Foggy,0,SemiUrban,97.78,268.54,3.26,4.61,Pop,55.22,63,1578.46
34.21,85.18,1.2,Medium,Mini,Sunny,1,Urban,,248.39,4.96,3.82,Pop,82.78,66,1460.16
9.13,29.98,1.0,Medium,Mini,Rainy,0,SemiUrban,105.36,199.03,3.64,4.67,Rock,86.07,14,660.55
37.29,130.41,1.2,Low,Sedan,Sunny,1,Airport,96.48,231.23,3.48,3.35,Classical,74.51,74,1776.21
5.54,,1.2,Low,Mini,Rainy,0,SemiUrban,96.9,213.09,3.74,4.27,None,36.53,26,681.92
32.88,62.53,1.2,Low,Mini,Sunny,1,Airport,113.76,194.29,3.85,3.86,None,97.95,63,1431.54
15.84,46.48,1.0,Low,Sedan,Sunny,0,Airport,99.59,279.92,4.17,,Classical,81.67,27,908.01
35.24,70.06,1.0,Medium,Sedan,Sunny,1,SemiUrban,119.21,211.97,4.1,3.46,Rock,84.14,85,1321.04
34.85,95.88,1.0,Low,Mini,Sunny,0,SemiUrban,103.09,145.5,3.34,3.48,Rock,85.04,30,1154.58
32.43,138.37,1.2,High,Sedan,Sunny,0,Airport,108.26,293.59,3.56,,None,73.21,78,1980.66
31.81,,1.2,High,Mini,Foggy,0,SemiUrban,105.12,287.42,4.48,4.68,Pop,50.43,5,1439.55
12.88,35.34,1.0,Medium,Sedan,Rainy,0,Urban,104.79,245.14,3.43,4.1,Classical,44.61,15,869.26
4.16,14.59,1.5,Medium,Mini,Rainy,0,Urban,116.7,58.19,4.39,4.14,Rock,76.11,56,738.85
16.72,60.52,1.5,Low,Sedan,Rainy,0,Airport,92.79,232.15,4.51,4.42,Rock,48.59,62,1571.12
7.77,28.53,1.0,Medium,Sedan,Rainy,1,Urban,100.37,57.48,4.51,3.58,Classical,90.03,58,587.2
28.1,79.61,1.0,High,Mini,Rainy,0,Airport,98.58,68.4,4.48,3.76,None,22.83,56,1219.34
14.5,48.63,1.5,Low,Mini,Foggy,0,Airport,99.78,138.13,3.52,4.7,Classical,77.94,12,1276.33
39.05,,1.5,Low,Mini,Foggy,1,SemiUrban,117.38,129.05,3.84,3.1,Classical,23.93,11,1890.64
26.0,80.66,2.5,Low,Mini,Sunny,0,Airport,92.1,190.95,3.94,4.03,Pop,46.93,13,2783.87
33.08,96.31,1.0,Medium,Mini,Sunny,1,Urban,98.5,110.97,4.9,4.07,None,8.54,76,1132.92
6.17,17.66,2.0,Low,Mini,Rainy,0,SemiUrban,112.13,99.8,3.66,4.1,Classical,49.62,19,975.79
34.62,90.59,1.0,Medium,Mini,Sunny,0,Urban,97.16,216.65,4.88,4.52,Classical,52.73,99,1287.25
,85.14,1.0,Medium,Mini,Sunny,0,Urban,114.99,160.84,4.75,3.9,None,18.03,52,1253.77
20.0,78.14,1.2,Low,SUV,Rainy,1,Urban,99.9,63.24,4.53,4.69,Classical,32.49,46,1295.94
24.64,64.71,1.0,Medium,SUV,Rainy,1,Airport,93.4,160.6,4.37,,None,21.21,59,1332.75
30.83,102.32,1.2,Low,Mini,Rainy,0,SemiUrban,105.58,239.68,3.99,3.68,Rock,43.0,95,1492.85
7.82,18.93,1.0,Low,Sedan,Foggy,0,Airport,105.34,66.66,3.24,,Classical,63.79,28,697.61
20.6,62.78,2.0,Low,Premium,Rainy,1,SemiUrban,,278.95,3.97,3.65,None,14.21,71,2612.83
16.55,69.21,1.2,Medium,Sedan,,0,SemiUrban,111.54,169.12,3.05,3.38,Classical,39.46,16,1131.82
6.71,21.43,2.0,High,SUV,Sunny,0,SemiUrban,94.25,178.01,3.98,4.1,Pop,54.66,2,1455.4
15.33,,1.0,Low,SUV,Sunny,0,Airport,96.4,124.86,4.26,4.9,Rock,79.77,32,881.89
3.66,,1.2,Low,SUV,Sunny,1,Urban,106.87,211.75,3.8,4.56,Classical,62.24,6,761.04
2.01,-0.76,1.0,High,Mini,Sunny,0,SemiUrban,116.72,55.36,3.25,3.87,Classical,82.37,87,352.1
6.27,36.13,1.2,Medium,Mini,Sunny,0,SemiUrban,90.62,234.64,4.39,4.01,Pop,6.98,94,639.02
38.56,,1.5,Low,Mini,Rainy,0,Urban,114.68,74.79,4.68,5.0,Pop,18.62,14,2103.69
22.43,,1.0,Medium,Sedan,Rainy,1,Urban,112.62,161.16,4.28,4.44,None,92.55,57,1024.69
38.67,80.48,1.0,High,Sedan,Rainy,0,Urban,94.85,86.78,4.16,3.2,Classical,66.24,16,1424.67
17.87,52.51,1.5,Low,Mini,Foggy,0,Airport,101.19,92.37,,4.22,Classical,41.17,61,1312.45
13.16,40.17,1.2,Low,Mini,Sunny,0,Urban,117.18,166.12,4.34,4.88,Pop,36.26,13,843.87
20.74,81.51,1.0,Low,Sedan,Sunny,0,Airport,94.39,66.33,3.63,3.39,Pop,74.78,69,933.78
18.14,30.85,1.2,Medium,Mini,Sunny,0,SemiUrban,93.34,87.47,4.16,4.55,Classical,88.72,74,816.63
5.12,,1.2,Low,Sedan,Rainy,1,Urban,112.06,185.91,3.67,3.83,Classical,53.36,94,728.96
25.99,109.63,1.2,High,Sedan,Sunny,0,SemiUrban,104.13,224.02,4.23,3.29,None,13.26,60,1529.77
9.43,37.73,1.0,Medium,Sedan,Sunny,0,SemiUrban,98.52,139.86,3.93,4.68,Pop,86.79,15,713.55
25.16,81.0,1.2,Medium,Mini,Sunny,0,Urban,95.16,266.46,3.46,4.28,Rock,40.28,51,1374.54
26.36,82.37,1.2,Low,SUV,,0,Airport,111.67,90.23,3.54,3.03,Pop,89.18,96,1615.53
6.93,31.96,1.5,High,Mini,Sunny,0,SemiUrban,103.19,190.15,4.45,4.66,Classical,76.9,70,978.63
3.39,8.4,2.0,Medium,SUV,Foggy,1,SemiUrban,97.18,72.33,3.34,4.07,Classical,32.5,20,1062.76
31.45,121.03,1.0,Medium,SUV,Sunny,0,Airport,118.3,91.87,3.58,4.25,Rock,11.17,69,1485.32
18.93,52.93,1.0,High,Sedan,Sunny,1,SemiUrban,106.83,277.19,4.45,4.13,None,50.97,55,1007.64
3.27,10.07,1.0,High,Sedan,Sunny,1,Urban,100.6,298.2,3.06,3.78,Pop,8.07,64,686.88
39.8,124.22,1.0,Medium,Mini,Sunny,0,Airport,111.59,299.37,3.01,3.27,Pop,82.79,8,1556.41
3.25,3.77,1.0,Medium,SUV,Sunny,0,Urban,104.89,250.11,3.79,4.44,Classical,5.65,74,682.69
28.11,100.87,1.5,Low,Mini,Sunny,0,Urban,90.28,99.9,4.9,4.37,Pop,94.27,29,1502.82
,89.04,1.5,High,Sedan,Sunny,0,Urban,115.22,121.52,3.09,4.72,Rock,49.71,80,2090.1
10.33,23.39,1.0,High,Mini,Sunny,0,SemiUrban,91.99,72.26,4.79,4.23,Rock,48.3,51,464.12
6.55,22.74,1.0,Low,SUV,Sunny,1,SemiUrban,119.68,63.51,4.13,3.09,Pop,84.27,7,660.48
5.73,18.44,1.0,Medium,SUV,Sunny,1,Airport,100.49,233.15,3.2,3.82,Rock,54.7,82,856.89
12.83,38.97,2.0,Medium,Sedan,Sunny,0,SemiUrban,105.75,185.1,4.66,3.21,Pop,42.25,31,1465.68
,24.48,2.0,Low,Sedan,Sunny,0,Urban,119.99,215.15,3.09,4.19,Classical,20.39,93,1200.73
27.99,88.22,1.0,Medium,Mini,Sunny,0,Airport,98.08,195.02,4.03,3.41,Classical,72.96,2,1227.12
3.43,21.26,1.2,Low,Sedan,Rainy,0,Airport,103.88,52.96,4.24,4.89,None,50.01,84,754.05
20.87,56.5,1.0,Medium,SUV,,0,Urban,112.65,129.94,4.36,3.31,Classical,50.6,71,1119.34
39.87,147.64,1.0,Low,Sedan,Sunny,0,SemiUrban,104.01,222.8,3.47,4.67,Pop,25.47,26,1427.16
32.74,88.73,1.0,Medium,Sedan,Sunny,0,Airport,100.01,265.3,3.54,4.22,Classical,14.36,55,1502.31
24.99,62.73,1.2,Low,SUV,Foggy,0,SemiUrban,93.62,88.6,,3.62,Classical,31.63,50,1318.47
12.94,61.57,1.0,Low,Mini,Sunny,0,Airport,105.39,79.49,3.71,4.58,None,80.53,14,775.22
,73.53,1.0,Low,SUV,Rainy,1,Urban,106.55,289.72,4.05,4.93,None,62.67,53,1284.03
21.55,57.13,1.0,Medium,Sedan,Sunny,0,Urban,96.98,291.81,,3.29,Classical,35.21,22,1079.64
17.62,67.33,1.0,Low,Mini,Rainy,1,Airport,100.02,237.51,3.36,4.68,Pop,29.57,48,1084.25
6.1,24.79,1.2,Medium,Sedan,Rainy,1,Urban,98.96,64.79,3.81,4.62,Rock,0.37,15,731.63
35.58,123.43,1.0,Medium,SUV,Sunny,0,Urban,102.82,207.56,3.09,4.52,None,3.08,41,1458.97
18.54,67.42,2.0,Medium,Sedan,Sunny,0,Urban,113.95,82.1,,3.54,Pop,48.04,20,1850.49
8.59,42.15,1.0,Medium,Sedan,Foggy,1,SemiUrban,99.98,261.35,4.67,4.54,None,25.63,90,819.68
15.34,61.23,1.0,Low,SUV,Rainy,0,Airport,98.17,125.79,4.85,3.16,Pop,93.68,48,1038.32
17.15,63.92,1.0,Low,SUV,Sunny,0,SemiUrban,115.2,168.77,3.04,3.21,Classical,55.72,21,1036.18
33.27,101.68,1.0,Low,Premium,Sunny,1,Urban,114.33,96.71,3.64,3.61,Rock,90.2,31,1398.07
29.61,94.34,1.0,Medium,Mini,Sunny,1,Urban,113.8,231.28,4.87,3.51,Rock,20.31,46,1108.13
31.0,77.85,1.0,Medium,Sedan,Rainy,0,Airport,112.28,175.55,4.44,3.95,None,12.29,33,1348.21
1.43,9.24,2.0,Low,SUV,Sunny,1,Airport,116.66,226.46,3.02,4.13,Rock,83.32,40,1489.14
17.23,68.09,1.2,Medium,Sedan,Rainy,1,SemiUrban,111.4,129.93,3.22,3.6,Rock,60.94,69,1168.12
19.77,56.62,2.0,Low,Sedan,Sunny,0,Airport,95.08,144.21,4.47,4.39,None,70.92,94,1965.2
1.75,13.62,1.0,Low,Sedan,Rainy,0,SemiUrban,90.99,274.13,4.36,3.01,Pop,55.21,33,577.82
11.13,29.57,1.2,Medium,Mini,Sunny,0,SemiUrban,95.46,113.56,4.75,3.46,Classical,35.75,60,670.95
30.65,82.22,1.0,Low,Mini,Rainy,0,Airport,100.94,275.76,4.51,3.71,Rock,28.85,23,1428.9
6.35,24.92,1.5,Medium,Mini,Sunny,0,Airport,91.59,68.94,4.89,3.79,Classical,9.53,21,831.36
21.88,65.23,2.5,High,Sedan,Sunny,0,Airport,112.71,89.72,4.09,3.73,Classical,7.97,39,2793.38
9.39,53.46,1.5,Low,Mini,Rainy,0,Airport,109.24,215.79,3.53,3.02,None,45.01,31,1284.56
1.47,-6.27,1.0,Medium,SUV,Sunny,1,SemiUrban,111.54,298.54,3.26,4.88,Rock,29.25,94,550.2
10.41,41.95,1.0,High,Mini,Sunny,1,Airport,92.87,283.45,3.01,4.53,Rock,57.91,71,815.48
39.06,113.95,1.0,Low,Mini,Sunny,0,Urban,99.86,177.1,3.25,3.01,None,70.87,20,1282.9
32.26,110.31,1.0,Low,Premium,Rainy,0,Urban,103.78,181.96,,3.7,None,65.46,65,1527.11
38.42,147.01,1.0,Low,Sedan,Sunny,0,Airport,108.08,193.36,3.81,3.88,Pop,88.31,16,1538.91
20.03,,1.0,Medium,Mini,Sunny,0,Urban,114.08,248.07,4.58,3.43,None,73.47,37,978.54
5.28,29.6,1.0,Medium,SUV,Sunny,0,SemiUrban,119.31,187.7,3.66,4.83,Pop,39.43,24,737.32
22.37,79.0,1.0,Medium,Sedan,,0,Urban,92.47,79.44,3.71,4.46,Pop,36.07,45,977.97
18.72,65.8,1.0,Medium,Sedan,Sunny,1,Airport,109.25,259.57,4.23,4.73,None,6.04,34,1091.56
33.93,88.73,1.5,Medium,SUV,Sunny,0,Urban,94.05,271.33,4.87,4.48,None,55.15,84,2115.59
4.83,11.44,1.0,Low,Mini,Sunny,0,Urban,99.0,279.5,4.18,3.71,Rock,67.85,83,518.49
,55.0,1.0,High,Mini,Sunny,1,Airport,113.16,155.15,3.46,3.95,Classical,31.83,8,977.03
6.85,31.3,1.2,Low,SUV,Sunny,1,SemiUrban,119.82,105.32,3.78,,Classical,84.64,75,826.64
13.66,,1.2,Low,Mini,Sunny,0,SemiUrban,105.79,79.85,4.85,3.84,Rock,36.16,96,778.48
29.76,83.5,1.0,High,SUV,Sunny,0,Airport,100.59,181.16,4.61,4.6,Classical,35.72,67,1432.81
19.56,,2.0,High,Mini,Rainy,0,Urban,96.42,119.36,3.07,4.5,Rock,31.73,58,1850.87
15.66,,1.0,Medium,Mini,Sunny,0,SemiUrban,113.48,156.82,3.51,4.57,Classical,9.41,51,732.87
16.38,33.13,1.0,Low,Sedan,Sunny,0,Airport,117.11,74.75,4.21,3.54,Pop,99.34,40,823.27
18.92,57.17,1.0,High,Sedan,Sunny,0,SemiUrban,115.46,99.81,4.48,3.2,Pop,48.35,19,934.57
31.62,74.54,1.0,Medium,Mini,Foggy,0,Airport,105.29,159.6,3.24,3.92,Classical,93.97,63,1281.49
35.79,81.41,1.2,Medium,Mini,Foggy,1,SemiUrban,107.67,94.64,4.03,3.96,None,57.48,90,1525.38
38.26,88.89,1.0,High,Premium,Sunny,1,Airport,115.1,106.3,4.12,4.25,Classical,86.85,52,1757.39
31.69,131.27,1.0,Low,SUV,Sunny,0,SemiUrban,117.87,54.98,3.24,3.19,Pop,60.23,4,1301.37
13.3,40.86,2.0,Medium,Mini,Sunny,0,Airport,118.17,68.26,3.88,3.08,Rock,64.81,89,1594.82
27.84,83.53,1.0,Medium,Sedan,Sunny,0,Urban,110.69,79.11,3.01,4.49,Pop,95.07,33,1059.91
18.07,52.55,1.2,Medium,Sedan,Sunny,0,Airport,95.75,214.14,4.4,4.28,Pop,76.21,78,1204.04
10.93,45.93,1.0,Low,SUV,Foggy,0,Urban,99.39,87.5,,3.44,Rock,17.82,71,869.52
33.79,109.93,1.0,Low,Sedan,Sunny,0,Airport,97.99,270.15,,4.68,Pop,65.81,26,1431.92
,7.54,1.0,Medium,SUV,Sunny,0,Urban,95.2,246.35,4.58,3.7,Pop,33.92,16,637.37
36.17,131.44,1.5,Low,SUV,Sunny,1,Airport,97.52,254.32,3.83,3.96,Pop,40.66,51,2438.76
19.0,61.07,1.5,Low,Sedan,Sunny,0,Urban,116.1,138.03,4.39,3.25,None,86.87,12,1385.66
25.85,99.04,1.0,Low,Mini,Foggy,1,Airport,113.11,64.43,4.31,4.95,None,85.32,95,1147.22
26.71,97.17,1.0,Low,Sedan,Sunny,0,SemiUrban,91.31,69.12,3.3,4.45,Rock,35.33,88,1023.72
,139.17,2.0,Low,SUV,Sunny,1,SemiUrban,94.43,222.43,3.34,3.48,Classical,90.75,8,2941.79
25.83,105.77,2.0,Low,Sedan,Sunny,1,SemiUrban,119.54,280.79,4.32,4.9,None,47.38,12,2455.43
24.94,74.48,1.2,High,SUV,Rainy,0,SemiUrban,96.78,93.82,3.48,3.76,None,28.53,36,1522.43
3.6,28.55,1.2,Low,SUV,Sunny,1,Airport,109.03,266.07,3.88,3.85,Pop,4.39,78,911.79
21.22,90.07,1.5,Medium,Mini,Sunny,1,SemiUrban,96.17,213.25,4.64,3.33,Rock,30.99,83,1387.83
6.86,30.32,1.0,Medium,Sedan,Sunny,0,Airport,97.01,219.17,3.55,3.85,Rock,76.65,74,773.29
29.76,84.24,1.2,Medium,Sedan,Sunny,1,Urban,104.96,224.41,3.69,4.95,Classical,48.06,80,1440.08
20.98,85.39,1.2,Low,Mini,Sunny,0,SemiUrban,104.63,65.56,3.63,3.87,Pop,21.54,75,1022.33
27.53,73.33,1.5,High,Sedan,Sunny,0,SemiUrban,109.39,200.96,4.49,4.4,Pop,47.69,48,1769.42
2.63,24.19,1.0,Medium,Mini,Sunny,0,SemiUrban,95.05,170.82,3.64,4.96,Classical,90.9,33,416.31
4.31,17.46,1.2,Low,SUV,Rainy,0,SemiUrban,97.88,259.15,3.77,,Classical,29.28,8,829.14
28.94,64.85,1.2,Medium,SUV,Rainy,1,Airport,108.72,157.03,4.11,3.57,Classical,68.73,27,1693.73
3.81,3.36,1.5,Low,Mini,Foggy,0,SemiUrban,92.92,177.38,4.02,3.69,Classical,13.27,30,606.8
3.78,30.05,1.2,Low,Sedan,Sunny,0,SemiUrban,117.28,195.12,3.55,3.47,None,87.33,12,618.83
1.47,4.87,2.0,Medium,Sedan,Sunny,0,Airport,95.36,196.68,4.22,4.89,Classical,50.88,92,1115.47
38.3,93.68,2.0,Low,SUV,Sunny,1,Urban,,149.99,3.71,4.79,Classical,28.51,13,8063.65
29.76,77.26,1.0,Medium,Sedan,Rainy,0,Airport,93.26,91.56,3.92,4.27,Classical,85.26,73,1342.27
14.78,53.19,1.0,High,Mini,Sunny,0,Urban,110.55,112.85,3.75,3.16,Pop,14.2,89,827.88
12.56,48.82,1.2,Low,Mini,Sunny,1,Urban,99.81,153.1,4.57,4.58,Classical,35.28,25,826.25
14.64,59.48,2.0,Low,Mini,Sunny,0,Airport,92.21,204.93,4.08,4.64,Rock,16.89,44,1739.36
31.21,76.98,1.0,Medium,SUV,Rainy,0,SemiUrban,107.78,163.63,4.98,4.5,Rock,87.14,80,1373.08
26.79,88.97,1.2,Medium,Sedan,Foggy,0,Airport,119.42,247.91,3.99,3.34,None,43.79,74,1635.86
8.22,20.86,1.0,Medium,Premium,Sunny,0,SemiUrban,,193.76,4.78,3.56,Classical,29.37,89,924.27
7.79,32.27,1.0,High,Sedan,Rainy,0,Airport,111.09,135.67,4.15,4.63,Pop,85.59,6,829.07
4.84,19.13,1.2,High,Sedan,Sunny,0,Urban,90.38,174.28,4.79,3.89,None,90.36,40,753.46
26.75,111.2,1.2,Medium,SUV,Sunny,1,Airport,115.8,139.83,4.33,3.48,Pop,9.7,59,1742.84
30.81,126.31,1.2,Low,SUV,Sunny,1,Urban,116.9,57.58,3.24,4.28,Classical,60.2,31,1488.58
11.34,28.97,2.0,Medium,Mini,Sunny,0,Airport,91.14,120.27,3.19,4.19,Rock,55.51,1,1432.12
1.82,25.2,1.0,Medium,Mini,Rainy,1,Airport,93.67,162.72,4.53,4.04,Rock,83.37,14,566.8
4.2,8.92,1.0,Medium,Mini,Sunny,0,SemiUrban,103.54,113.82,4.37,,Classical,50.48,78,367.43
38.75,124.14,2.0,Low,SUV,Sunny,0,Airport,102.06,229.89,3.9,4.55,Classical,9.22,78,3296.42
,45.23,1.2,Medium,SUV,Sunny,0,SemiUrban,98.83,265.53,3.86,4.14,None,97.25,47,1153.15
31.0,88.81,1.0,Medium,Mini,Sunny,0,Airport,95.94,124.24,4.32,4.73,None,54.75,96,1213.08
25.36,102.92,1.5,Low,Mini,Foggy,0,Urban,106.47,56.05,4.11,4.66,Pop,63.6,55,1496.6
15.9,46.39,2.0,High,Sedan,Rainy,0,Airport,113.14,268.88,3.41,4.89,Classical,5.2,89,2388.19
9.02,,1.2,High,Sedan,Rainy,1,SemiUrban,118.11,194.35,4.75,4.48,Classical,80.11,16,1015.85
5.73,26.61,1.5,Medium,Sedan,Sunny,0,SemiUrban,99.03,51.45,4.41,3.28,Rock,90.39,52,715.27
24.99,58.61,1.0,Medium,Premium,Sunny,0,Airport,111.1,174.98,4.3,3.73,Pop,28.99,74,1425.93
31.21,104.01,1.0,Low,SUV,Rainy,0,Urban,113.65,74.19,3.95,4.51,Pop,28.74,53,1390.63
26.11,95.09,2.0,Medium,Mini,Sunny,0,Airport,104.34,218.48,4.89,3.27,Pop,20.38,48,2404.27
21.68,56.46,1.2,Medium,Mini,Sunny,0,SemiUrban,,183.46,3.02,4.35,None,54.52,14,998.77
2.64,2.48,1.0,Medium,Mini,Sunny,0,Airport,90.69,278.3,4.4,3.66,Rock,2.14,90,474.21
38.77,161.11,1.2,Low,Mini,Rainy,0,SemiUrban,117.01,148.76,4.97,3.47,None,12.8,41,1752.56
32.15,79.91,1.2,Medium,SUV,Rainy,1,Airport,116.78,280.91,4.18,4.09,None,61.19,96,2049.2
12.42,29.17,1.0,High,Mini,Sunny,0,SemiUrban,94.11,259.12,4.19,,Rock,48.51,49,747.78
39.22,109.01,1.2,Low,Sedan,,0,Airport,103.18,238.11,,4.39,Pop,74.48,51,1986.15
24.47,92.79,1.0,Low,Sedan,,0,Airport,105.48,159.5,3.05,3.81,Classical,74.25,12,1202.43
23.71,68.0,1.0,Medium,Mini,Sunny,0,Airport,,153.57,3.23,,Classical,43.45,9,1035.61
30.17,119.52,1.2,Medium,Mini,Rainy,0,Urban,116.87,148.66,4.69,3.17,None,67.55,82,1488.65
32.66,105.65,1.0,Low,SUV,,0,SemiUrban,111.39,62.92,4.31,3.88,None,86.0,66,1300.66
26.6,65.46,1.0,High,SUV,Foggy,0,Urban,93.71,201.51,4.97,4.57,None,59.71,5,1348.88
6.0,11.55,2.0,Low,Mini,Sunny,1,Urban,117.8,249.48,3.81,4.42,Rock,96.84,66,957.46
14.19,57.27,1.2,High,Sedan,Sunny,1,Urban,91.39,236.01,3.89,4.08,Rock,99.37,86,1032.5
37.2,78.01,1.2,Low,Sedan,Rainy,0,Airport,107.87,195.71,,3.38,Pop,51.32,2,1680.21
9.76,21.39,1.0,Low,Sedan,Sunny,0,SemiUrban,105.68,139.31,3.36,4.18,None,26.04,66,620.09
15.51,42.14,1.0,High,Sedan,Rainy,0,SemiUrban,92.17,223.7,,4.35,Classical,78.8,89,920.86
17.85,78.01,1.2,High,SUV,Sunny,1,Urban,110.88,182.22,4.72,4.12,Pop,17.41,21,1417.16
18.14,73.86,1.0,High,Mini,Sunny,0,Urban,118.88,259.94,4.61,4.51,Rock,77.39,28,989.59
24.9,81.66,1.2,Low,Mini,Sunny,1,Urban,103.75,118.34,4.14,3.75,Classical,44.37,59,1143.77
37.78,156.27,1.0,Medium,SUV,Rainy,0,Urban,105.42,75.52,3.72,3.79,Rock,77.87,45,1709.31
10.39,34.6,1.2,Low,SUV,Sunny,1,SemiUrban,101.52,50.8,4.27,4.88,Rock,29.8,76,761.72
5.74,31.81,1.0,Low,Mini,Rainy,1,Urban,116.26,235.76,3.35,4.82,Rock,45.46,52,649.68
8.7,58.51,1.0,Low,Sedan,Sunny,0,Airport,117.83,199.83,3.87,3.36,None,83.61,45,833.49
35.59,92.83,2.5,Low,Mini,Sunny,0,Urban,101.91,64.98,4.01,3.49,None,33.96,30,2856.48
26.19,110.39,2.5,High,SUV,Sunny,0,SemiUrban,116.73,259.98,3.92,4.13,None,40.7,77,3483.57
12.15,48.69,1.0,Low,Sedan,Foggy,0,Airport,96.13,169.3,3.84,4.12,Pop,57.52,89,944.32
32.82,140.9,1.5,Medium,Mini,Rainy,0,SemiUrban,103.74,165.33,3.75,3.16,Classical,64.19,68,1994.52
34.59,119.51,1.2,Medium,Sedan,Sunny,1,Airport,97.56,221.14,4.16,4.83,Pop,18.88,15,1713.38
34.01,124.53,1.0,Low,Sedan,Foggy,1,Urban,96.72,208.67,,4.55,Rock,61.18,32,1473.44
,132.07,1.0,High,Mini,Foggy,1,Airport,115.71,109.68,4.18,,Rock,48.16,1,1518.56
10.84,52.41,1.0,Low,SUV,Sunny,1,SemiUrban,111.43,211.18,4.04,4.38,Classical,79.07,57,836.17
30.45,103.93,1.2,High,Mini,Sunny,0,Airport,92.01,264.55,3.71,3.33,Pop,65.23,92,1692.59
18.96,53.51,1.2,High,Sedan,Sunny,0,Airport,112.72,147.94,4.57,3.73,Pop,49.94,54,1324.59
33.84,118.22,2.0,High,Sedan,Sunny,0,Airport,107.19,122.44,3.09,3.65,Classical,85.96,22,3006.88
29.41,126.16,1.5,Medium,SUV,,0,SemiUrban,113.61,65.03,3.54,4.98,Rock,60.02,31,1945.28
,130.36,2.0,Low,Mini,Foggy,0,Airport,107.8,201.28,3.99,3.23,None,46.88,95,2788.83
26.59,52.18,2.0,Low,Sedan,Sunny,1,Airport,101.32,238.84,4.83,4.11,Pop,19.52,8,2325.55
7.92,32.03,1.5,Medium,Mini,Rainy,0,Urban,104.85,291.91,3.14,4.54,Classical,20.61,96,1091.96
22.26,93.78,1.0,Low,SUV,Foggy,1,Airport,94.25,202.99,4.17,3.81,Classical,14.85,92,1306.04
39.4,150.35,1.0,High,Mini,Rainy,0,Urban,99.32,161.98,3.34,4.05,None,82.21,77,1529.03
37.56,82.7,1.2,Medium,Sedan,Sunny,1,Airport,90.67,283.79,3.02,,Pop,3.58,63,1836.12
2.68,5.88,1.2,Low,Sedan,Sunny,0,SemiUrban,102.19,94.7,4.73,3.42,Pop,96.86,99,568.46
7.43,6.95,1.0,Low,Mini,Rainy,0,Airport,92.74,227.1,4.75,4.39,Pop,59.07,15,600.06
6.14,,1.5,Low,Mini,Sunny,0,Airport,109.82,131.83,3.55,4.45,Pop,11.3,77,909.1
29.31,97.8,2.5,Medium,Mini,Rainy,0,Urban,117.38,265.37,4.72,,Pop,81.18,93,3180.03
32.89,139.43,1.2,Low,SUV,Sunny,0,SemiUrban,112.22,236.31,3.75,4.81,Pop,87.57,47,1680.05
,42.47,1.2,Medium,Sedan,Sunny,0,Urban,96.22,133.4,3.09,3.74,Rock,36.8,56,818.54
20.73,61.98,1.5,Medium,SUV,Rainy,1,Urban,105.21,243.71,3.45,4.45,None,36.32,94,1769.73
33.79,113.87,1.0,Low,Mini,Sunny,1,SemiUrban,111.36,272.6,,4.45,Pop,84.66,64,1301.46
29.58,114.55,1.0,Medium,Mini,Rainy,1,SemiUrban,114.17,113.09,3.41,3.93,Pop,48.52,24,1266.01
22.15,91.3,1.5,Medium,SUV,Rainy,0,Airport,98.49,192.92,4.15,4.66,Classical,51.21,15,2014.32
24.02,101.59,1.5,Medium,Sedan,Rainy,0,Urban,104.31,154.91,3.37,4.05,None,89.1,31,1867.57
20.83,66.92,1.0,High,SUV,Sunny,0,Urban,93.13,281.47,3.42,4.25,None,12.92,89,1189.28
12.6,41.84,2.0,Low,SUV,Sunny,0,SemiUrban,111.79,293.07,4.35,3.09,Rock,88.49,64,1801.9
23.04,98.92,1.0,Medium,Premium,Rainy,0,Airport,103.04,75.95,4.74,4.38,Classical,92.67,40,1527.12
27.87,97.93,1.2,High,Mini,Rainy,0,SemiUrban,91.25,187.19,4.5,4.3,Pop,1.35,83,1494.52
35.06,79.61,1.2,Low,Mini,Sunny,0,Airport,105.88,182.72,3.12,4.81,Rock,68.22,39,1564.35
25.82,77.67,1.0,Medium,Mini,Sunny,0,Airport,113.74,267.17,4.85,3.28,Rock,28.24,56,1173.79
30.68,69.29,1.0,Medium,SUV,Rainy,0,Airport,91.33,244.77,,3.38,Rock,56.46,9,1521.96
7.24,32.15,2.0,Medium,Mini,Rainy,0,Urban,102.1,121.78,4.45,3.96,Pop,64.9,2,1287.7
19.0,55.27,1.0,Low,Sedan,Rainy,0,SemiUrban,104.46,180.49,4.46,3.69,Pop,58.36,47,951.44
1.36,3.85,1.0,Medium,SUV,Sunny,0,Airport,119.99,144.54,3.9,3.28,None,67.9,74,700.1
10.62,40.2,1.2,Low,Sedan,Rainy,0,SemiUrban,96.56,138.29,4.13,3.31,Rock,55.79,60,860.12
29.33,93.52,1.0,Medium,Mini,Rainy,0,Airport,114.57,232.74,,4.43,Pop,74.19,14,1417.47
39.68,104.14,2.0,Medium,Sedan,Sunny,0,Urban,94.38,199.85,4.95,4.5,None,53.69,64,2823.42
4.87,13.33,1.0,Medium,Mini,Sunny,0,SemiUrban,118.92,99.73,3.13,4.78,Pop,20.3,47,399.98
,44.71,1.2,Medium,Sedan,Sunny,1,Urban,99.2,205.17,,3.62,Classical,19.91,2,1009.74
32.2,69.82,1.0,Low,Mini,Sunny,0,Airport,94.37,165.92,3.5,3.91,Classical,65.05,99,1170.74
8.96,44.75,1.5,Low,Mini,Rainy,0,Urban,101.45,135.26,3.78,,Rock,50.85,49,941.92
22.65,75.08,1.2,Low,SUV,Sunny,0,Urban,90.46,66.63,4.52,3.25,None,35.84,11,1215.47
,92.35,1.0,Low,Premium,Sunny,0,SemiUrban,93.27,282.17,4.76,3.02,None,56.74,22,1467.1
25.02,59.39,2.5,Medium,Premium,Sunny,0,Airport,104.88,265.42,4.39,3.34,Rock,98.7,9,3767.38
8.33,38.65,1.0,Medium,Mini,Sunny,0,Airport,118.22,125.88,3.24,3.56,None,63.05,49,634.52
14.86,45.73,1.2,Low,SUV,Sunny,0,Urban,103.35,189.09,3.7,4.13,None,69.37,45,1029.4
31.57,83.79,2.5,High,Sedan,Rainy,0,SemiUrban,109.81,266.17,4.22,4.24,Pop,66.9,42,3524.28
22.61,56.2,1.2,Medium,SUV,,0,SemiUrban,111.21,179.86,4.97,4.1,Rock,69.51,44,1476.29
1.2,14.28,1.5,Low,SUV,Rainy,0,SemiUrban,91.1,85.45,3.81,3.06,None,19.53,64,837.56
30.68,121.66,1.0,Low,Premium,Rainy,0,Urban,99.66,168.67,3.61,4.04,Classical,13.11,62,1549.9
2.38,6.9,1.0,Medium,Mini,Sunny,0,Airport,119.91,128.5,3.56,3.9,Rock,78.01,70,558.08
30.08,106.37,1.0,Low,SUV,Rainy,0,Airport,90.21,164.46,,4.54,Pop,24.05,77,1491.04
8.9,38.88,2.5,High,Sedan,Rainy,0,SemiUrban,104.11,262.0,3.34,4.82,Classical,0.91,97,2195.19
38.36,134.08,2.5,Medium,Mini,Rainy,0,SemiUrban,115.12,152.2,4.29,4.33,Classical,29.88,35,3623.14
15.35,48.87,1.0,High,Mini,Sunny,0,SemiUrban,98.65,249.85,,4.42,Rock,46.41,51,874.62
13.75,48.27,1.0,Low,Mini,Foggy,0,Urban,119.9,108.16,4.71,3.78,Rock,26.86,5,767.47
6.81,16.17,1.0,Medium,SUV,Sunny,1,SemiUrban,104.58,198.43,3.26,4.18,Pop,9.35,56,723.31
12.92,65.25,1.0,High,SUV,Sunny,1,Airport,117.42,156.52,4.59,4.09,Pop,25.1,99,1162.04
35.19,105.75,1.0,Low,Sedan,Rainy,0,SemiUrban,105.85,293.27,4.84,4.95,Classical,8.05,38,1413.09
39.86,109.9,1.5,Low,Sedan,Rainy,0,Urban,101.93,50.19,4.57,4.46,Rock,53.61,36,2071.05
15.36,69.26,2.0,Medium,Mini,Rainy,1,Airport,111.3,140.92,4.4,3.55,None,68.53,8,1885.48
18.5,71.3,1.5,High,SUV,Rainy,0,Airport,118.75,253.34,4.03,4.77,Rock,71.3,84,2079.22
29.16,113.61,1.2,Medium,Mini,Sunny,0,SemiUrban,101.28,147.88,4.54,4.07,Rock,78.98,18,1229.67
35.56,121.64,1.5,Medium,Sedan,Foggy,0,Urban,115.95,104.38,4.15,3.32,Classical,5.13,74,2144.8
24.13,95.05,1.5,Medium,SUV,Sunny,0,Airport,109.79,263.32,3.82,4.67,Pop,74.39,50,2016.36
16.27,53.88,1.2,Low,Sedan,Foggy,0,Urban,101.36,197.93,3.99,4.05,Classical,74.61,92,1006.87
17.09,67.52,1.0,Medium,Sedan,Sunny,1,Urban,91.66,189.16,4.31,3.16,None,50.77,60,883.4
28.13,116.87,1.0,Low,Mini,Sunny,0,Airport,99.34,150.21,4.12,3.78,None,60.08,66,1249.16
1.13,2.82,1.2,Low,Mini,Rainy,1,Airport,114.94,89.4,4.34,3.98,Pop,67.67,25,618.76
25.16,65.93,2.5,High,Sedan,Sunny,0,Urban,92.85,193.9,4.96,3.55,Rock,49.7,65,2818.27
14.86,58.09,1.2,Medium,Mini,Sunny,0,SemiUrban,107.17,176.32,3.52,3.59,Classical,99.15,50,915.74
31.97,80.14,2.0,High,Mini,Sunny,1,Airport,105.36,150.52,4.99,3.26,None,4.87,91,2577.36
4.63,21.47,1.0,Low,Mini,Sunny,0,SemiUrban,109.85,69.22,3.11,4.42,Rock,11.35,71,310.82
23.94,47.76,1.5,Low,Sedan,Rainy,1,Airport,118.17,212.74,4.22,3.11,Pop,27.53,98,1770.56
19.76,33.01,2.0,High,Mini,Sunny,1,SemiUrban,112.55,207.93,4.87,3.56,None,57.26,59,1740.8
26.05,79.91,1.2,Low,Sedan,Foggy,1,Airport,,189.77,3.2,3.42,Pop,92.3,42,1440.3
3.53,14.6,2.0,Low,Sedan,Sunny,0,SemiUrban,114.91,82.87,,3.9,Classical,96.35,74,956.88
23.62,94.97,1.2,Medium,Mini,Rainy,0,Urban,,125.71,4.84,4.57,Rock,96.17,35,1335.83
22.9,84.2,1.0,Low,Mini,Foggy,0,Airport,116.87,167.46,4.71,3.6,Rock,95.3,74,1073.75
22.87,64.04,1.0,High,SUV,Sunny,0,SemiUrban,111.73,233.62,4.05,4.75,Pop,86.19,61,1258.29
24.54,67.82,1.2,Medium,Sedan,Sunny,1,Urban,,105.73,3.43,4.73,None,53.33,16,1310.37
27.38,83.67,2.0,High,Mini,Sunny,0,SemiUrban,92.52,250.21,3.18,3.82,Pop,67.35,84,2245.1
32.39,71.97,1.0,High,Sedan,Rainy,1,Airport,90.11,129.79,3.13,4.66,Classical,2.32,57,1422.54
11.52,47.49,1.2,Low,Mini,Rainy,1,Urban,118.67,216.42,4.18,3.6,Classical,2.85,98,938.74
33.18,103.74,1.5,Medium,Mini,Sunny,0,Urban,97.56,284.23,,3.52,Classical,87.19,53,1842.42
20.43,61.34,1.0,Low,Sedan,Sunny,1,Airport,94.95,228.55,3.44,4.74,Classical,36.68,57,1040.17
4.01,22.39,1.0,Low,Mini,Rainy,1,SemiUrban,94.76,67.32,3.98,4.35,Pop,37.49,10,461.13
3.28,22.08,1.0,High,Sedan,Sunny,0,Airport,112.14,144.11,4.06,3.49,Classical,19.15,73,725.93
14.04,28.44,1.0,Low,Mini,Sunny,0,SemiUrban,91.39,194.54,4.79,3.05,Rock,26.0,47,663.54
31.61,80.76,1.0,Low,Mini,Rainy,0,Airport,109.83,218.31,3.25,4.5,Pop,70.96,88,1319.99
28.6,114.8,1.0,Low,Mini,Foggy,0,Airport,107.14,136.21,4.6,3.62,None,86.24,5,1237.83
31.76,136.54,1.0,Low,Mini,Sunny,0,Airport,94.42,157.18,4.54,3.2,Classical,37.63,69,1390.79
21.17,81.16,1.2,Medium,SUV,Sunny,1,SemiUrban,94.06,144.0,4.36,3.58,None,66.37,77,1265.57
18.17,52.82,1.2,Medium,Mini,Rainy,0,SemiUrban,,224.5,3.5,3.87,None,73.2,46,1056.58
6.75,27.68,1.5,Medium,Premium,Sunny,1,SemiUrban,97.79,278.4,3.1,3.44,None,51.61,6,1471.03
13.8,38.75,1.2,High,Premium,Foggy,0,Urban,109.25,244.56,4.57,3.12,Classical,39.91,92,1579.96
17.93,79.6,2.5,Low,Sedan,Foggy,0,Urban,96.21,115.79,4.12,3.67,Pop,60.25,61,2356.55
4.46,15.75,2.0,Low,Sedan,Sunny,0,SemiUrban,,185.03,4.26,4.0,Pop,56.35,5,1025.01
9.6,11.38,2.5,Low,SUV,Rainy,1,SemiUrban,,169.53,4.7,4.59,None,32.03,2,1908.89
24.33,56.14,1.0,Medium,Mini,Rainy,0,Urban,115.86,53.88,3.26,4.56,Rock,33.67,49,911.51
29.69,119.2,2.0,Medium,Mini,Sunny,1,Airport,113.94,284.6,3.41,3.32,Classical,19.91,28,2836.0
39.94,156.05,1.5,High,Mini,Sunny,0,Airport,118.47,166.49,3.84,3.94,Pop,56.8,61,2539.21
37.39,149.08,1.0,Medium,Sedan,,0,SemiUrban,108.37,285.79,3.71,4.73,Classical,93.77,83,1514.53
26.06,92.81,1.0,Low,Mini,Sunny,0,Airport,113.07,216.05,4.9,,Pop,34.05,44,1149.35
17.43,71.9,1.2,Low,SUV,Sunny,1,SemiUrban,113.22,227.05,3.64,3.97,None,67.17,4,1175.41
25.81,70.64,1.0,Medium,Sedan,Sunny,0,Urban,,156.75,4.8,4.0,None,82.31,57,1061.14
31.64,108.03,1.0,Medium,SUV,Sunny,0,SemiUrban,109.42,264.49,4.06,4.66,Classical,96.5,28,1405.02
5.62,28.69,1.2,Low,Mini,Sunny,0,Urban,98.19,96.36,3.19,3.99,Pop,80.45,90,540.85
16.99,,1.2,Medium,Sedan,,0,Airport,95.87,289.79,4.35,3.2,Rock,9.58,86,1497.48
33.75,96.16,2.0,High,Sedan,Sunny,0,SemiUrban,99.2,204.08,4.49,4.38,Rock,7.32,52,2648.26
15.97,48.2,1.2,Medium,Mini,Rainy,0,SemiUrban,112.85,133.09,3.33,4.14,Classical,71.58,22,1048.46
23.3,89.81,1.2,Medium,SUV,Sunny,0,SemiUrban,109.7,234.84,3.84,3.93,Rock,72.99,50,1465.67
23.92,77.14,1.0,Medium,Sedan,Sunny,0,Urban,,236.29,3.3,3.57,Pop,87.92,82,1007.89
8.19,34.78,1.2,Low,Mini,Sunny,0,Airport,115.79,243.64,3.35,3.15,Rock,78.92,10,920.46
15.13,31.74,1.0,Low,Premium,Rainy,1,SemiUrban,119.44,123.37,4.38,4.84,Classical,59.1,53,994.38
14.05,56.52,2.0,Low,Sedan,Rainy,0,Airport,112.72,56.42,3.99,4.68,None,70.09,36,1936.32
2.02,16.29,1.0,Low,Mini,Rainy,0,Urban,91.86,272.3,3.06,4.88,None,61.29,62,549.84
1.94,1.7,1.2,High,Mini,Rainy,0,Airport,108.83,249.38,4.87,4.88,Rock,90.22,9,903.82
33.44,83.96,1.0,Low,Sedan,Sunny,1,SemiUrban,118.13,150.47,4.38,3.35,Pop,45.12,22,1158.52
11.65,47.35,1.5,Medium,Sedan,Rainy,0,SemiUrban,99.39,91.56,3.11,3.64,Classical,18.1,86,1120.66
21.21,65.53,2.5,Medium,Sedan,Foggy,0,Urban,107.56,167.21,4.44,3.96,Classical,18.57,26,2597.36
12.65,49.13,1.0,Medium,Sedan,Rainy,0,Airport,96.81,126.44,4.68,3.81,Pop,2.04,66,926.2
37.69,123.2,1.2,Medium,Mini,Foggy,0,SemiUrban,116.42,98.51,3.81,4.93,Classical,81.75,56,1594.05
11.11,48.55,1.5,Medium,Mini,Sunny,0,Urban,116.1,171.54,4.51,3.59,Pop,58.38,6,966.38
17.76,76.99,2.0,Medium,Sedan,Rainy,0,Airport,100.93,257.42,3.58,3.24,Classical,46.4,14,2390.52
,108.82,1.2,High,Sedan,Rainy,0,SemiUrban,100.49,195.42,,3.93,Pop,74.34,25,1770.17
,89.89,1.0,Low,Mini,Rainy,0,Urban,90.0,171.86,4.94,4.02,Rock,31.61,48,1290.26
8.26,38.99,1.0,Low,Mini,Rainy,0,Urban,99.52,298.52,3.01,3.82,Rock,72.92,90,671.28
32.3,,1.2,Medium,SUV,Sunny,0,Urban,113.44,240.08,4.05,4.58,Classical,85.74,83,1638.72
18.87,55.6,1.0,Low,SUV,Rainy,0,Urban,90.86,82.98,3.2,3.99,None,61.64,40,1001.14
19.84,,1.0,Medium,Sedan,Foggy,0,Urban,96.08,154.21,,3.61,None,97.12,34,904.03
6.21,23.7,1.0,High,Mini,Sunny,0,Airport,111.91,166.24,3.01,3.97,Pop,73.43,6,680.29
4.14,18.15,1.2,Medium,Sedan,Foggy,0,SemiUrban,109.44,202.64,3.12,4.8,Classical,43.86,2,714.93
88.17,135.65,2.5,High,Mini,Sunny,0,Airport,119.6,220.44,4.41,4.72,Classical,62.5,84,15199.33
,52.41,2.0,Low,Sedan,Sunny,0,Urban,101.72,131.38,4.62,4.31,None,12.06,5,1790.2
18.04,64.44,1.2,Low,Sedan,Sunny,0,SemiUrban,94.0,141.85,4.59,4.3,Rock,91.25,91,1050.53
29.45,119.74,1.5,Medium,Sedan,Rainy,1,Urban,109.94,75.87,3.35,4.2,None,65.07,15,1910.19
30.86,78.73,1.0,High,Mini,Sunny,0,Urban,92.37,72.33,3.01,3.46,None,41.05,9,1120.1
7.2,33.58,1.2,Medium,Sedan,Rainy,0,SemiUrban,93.5,239.49,4.5,4.23,Pop,85.35,90,832.15
24.8,109.49,1.0,High,SUV,Sunny,0,Airport,107.04,281.51,3.37,4.2,None,6.12,7,1552.97
6.28,12.26,1.5,High,Sedan,Sunny,1,SemiUrban,104.16,99.21,3.64,4.14,None,53.18,25,958.12
30.3,127.8,2.5,Medium,Sedan,Sunny,0,Airport,97.91,280.78,3.55,4.61,Classical,74.29,37,3677.78
26.62,58.99,2.0,Low,Mini,Sunny,0,Urban,104.34,135.93,4.86,3.09,Rock,70.42,28,1809.43
38.31,137.9,1.2,Medium,Sedan,Sunny,0,Urban,116.05,270.19,4.75,3.91,Pop,1.7,45,1835.18
11.07,35.67,1.5,High,Sedan,Sunny,0,Airport,,56.51,3.91,3.11,None,22.61,1,3269.8
3.23,32.38,2.0,Low,Mini,Sunny,0,Urban,103.64,72.65,4.58,4.59,Classical,86.04,68,797.05
12.01,36.89,1.0,Medium,Sedan,Foggy,0,Airport,99.34,158.68,4.49,3.47,Classical,25.95,38,909.86
11.21,29.34,1.5,Medium,Sedan,Rainy,1,Airport,107.47,261.99,3.94,3.73,Rock,47.91,46,1410.61
10.63,28.2,1.0,Low,Sedan,Sunny,0,SemiUrban,90.09,162.3,3.19,3.66,Rock,98.79,92,535.89
36.34,85.58,2.0,Medium,Mini,Sunny,1,Urban,111.99,259.87,4.55,,Pop,59.72,11,2638.18
10.73,49.97,1.0,Low,Mini,Sunny,0,SemiUrban,114.07,135.19,4.36,3.68,Pop,55.71,24,543.07
11.61,44.7,1.0,High,Premium,Rainy,1,SemiUrban,93.65,83.12,3.31,,Pop,57.86,97,1148.01
30.62,,1.5,Medium,Sedan,Foggy,0,Urban,102.08,281.36,3.97,3.08,Classical,17.95,10,2108.76
18.54,55.33,1.0,High,Mini,Rainy,1,SemiUrban,94.35,69.13,4.59,3.43,Rock,68.83,77,872.09
31.29,120.31,1.0,Low,SUV,Sunny,0,Urban,118.46,226.78,4.54,3.18,Classical,2.33,2,1490.99
3.55,15.35,1.2,Low,Mini,Sunny,0,Urban,114.78,270.75,4.94,4.59,Classical,32.32,34,695.78
20.02,78.07,1.5,High,Sedan,Foggy,1,SemiUrban,90.6,79.99,3.93,4.35,Rock,30.83,73,1426.76
2.31,2.95,1.0,Low,Mini,Sunny,1,Urban,119.11,179.78,4.65,,Rock,7.48,1,290.7
3.44,23.25,1.5,Low,Premium,Sunny,0,Urban,94.25,63.21,3.01,4.06,Classical,33.58,35,1093.86
36.35,139.02,1.5,Low,Mini,Sunny,1,Urban,92.52,164.73,4.29,3.95,Pop,60.27,68,2022.58
6.43,30.1,1.2,Medium,Sedan,Rainy,0,Urban,90.98,246.84,3.56,3.72,Classical,37.7,56,871.29
21.76,59.97,1.2,Low,Sedan,Sunny,0,SemiUrban,113.72,126.0,3.31,4.63,Rock,2.07,27,1156.74
17.03,62.9,1.0,Medium,Mini,Rainy,1,Airport,117.76,108.31,4.48,3.0,None,62.58,93,1053.67
43.65,53.65,1.0,Medium,Mini,,0,SemiUrban,92.87,112.92,3.74,4.03,Classical,30.55,2,2029.41
36.09,124.17,1.0,Medium,Mini,Sunny,0,Airport,119.5,247.81,4.23,3.75,Classical,99.85,3,1516.26
,4.64,1.0,High,Premium,Sunny,0,Airport,99.48,293.43,4.66,3.31,Rock,89.97,54,884.55
26.89,65.75,1.0,Low,SUV,Sunny,1,Airport,110.37,107.08,4.08,4.42,Pop,48.76,18,1209.4
38.57,107.19,1.0,Medium,SUV,Sunny,0,Urban,119.59,67.17,3.88,3.54,Pop,36.82,83,1528.87
22.85,74.23,1.5,Low,Mini,Sunny,0,Airport,90.25,81.47,4.24,3.84,Classical,6.96,10,1481.85
37.54,161.29,1.2,High,Mini,Sunny,1,Urban,106.4,207.06,4.99,3.58,None,0.15,87,7238.34
3.04,2.24,2.0,High,Sedan,Foggy,0,Urban,109.68,219.03,3.25,4.22,None,79.87,48,1299.82
17.33,48.85,1.0,Low,Sedan,Sunny,0,Urban,101.14,162.33,3.54,3.02,None,49.24,20,820.28
11.15,43.82,1.0,Low,Sedan,Rainy,0,SemiUrban,,69.83,4.87,4.31,Rock,31.85,29,638.75
29.5,107.84,1.2,Low,SUV,Sunny,0,Airport,108.63,282.02,,3.83,Rock,56.98,5,1812.22
39.27,122.28,1.0,High,SUV,Sunny,1,SemiUrban,91.41,282.49,4.12,4.43,Pop,30.58,29,1610.19
11.0,46.2,1.5,Medium,Mini,Rainy,1,Urban,117.7,148.39,3.03,4.68,None,38.34,86,1125.99
26.51,,1.2,High,SUV,Sunny,1,SemiUrban,103.86,255.24,4.66,4.03,Classical,7.31,76,1494.93
8.73,28.45,1.2,Low,Sedan,Sunny,0,Urban,117.31,274.65,4.26,4.74,Rock,44.2,13,948.9
23.05,68.25,1.0,Medium,Sedan,Sunny,1,SemiUrban,115.1,177.01,4.05,3.27,None,14.22,89,1049.82
19.09,66.82,1.0,Medium,Sedan,,1,Urban,90.11,200.37,4.93,3.07,Rock,43.06,23,1038.48
38.91,117.01,1.0,High,SUV,Rainy,1,Urban,103.78,233.27,3.27,4.77,None,77.53,94,1694.82
24.73,96.92,1.0,Low,Sedan,Foggy,0,SemiUrban,116.63,272.83,3.69,3.24,Pop,23.56,86,1171.26
14.63,,1.0,Low,Mini,Sunny,0,Urban,101.17,72.28,4.25,3.36,Rock,22.94,45,700.12
5.45,18.58,1.2,High,Sedan,Sunny,1,Airport,99.7,63.24,3.01,3.24,None,71.1,70,714.26
6.9,33.38,1.0,Low,SUV,Sunny,1,SemiUrban,110.57,218.76,4.73,3.34,Classical,53.71,1,772.6
9.79,42.31,1.5,Medium,SUV,Rainy,1,SemiUrban,111.15,61.92,,4.8,Pop,42.03,6,1199.69
10.79,40.07,1.0,Medium,Mini,Foggy,0,Urban,,76.11,3.47,4.7,Classical,4.89,89,654.79
34.17,112.7,1.0,Low,Sedan,Sunny,0,SemiUrban,100.9,155.6,3.62,3.53,Pop,47.03,74,1341.79
22.89,71.15,1.0,Low,Mini,Rainy,0,Airport,91.91,95.56,3.61,4.41,None,40.85,43,1126.08
21.41,87.92,1.0,Medium,Mini,Rainy,0,SemiUrban,117.69,274.71,4.72,4.58,None,16.21,73,1156.22
5.48,23.55,1.0,Low,Sedan,Rainy,0,Airport,99.52,132.89,3.64,3.31,Classical,93.05,82,681.79
34.55,120.46,1.0,Low,Sedan,Rainy,0,SemiUrban,113.87,194.39,3.56,3.46,Pop,40.67,49,1365.64
29.19,60.73,1.0,Medium,Mini,Sunny,0,Airport,100.55,52.46,4.48,3.96,Rock,0.08,32,1184.7
3.64,19.18,1.0,High,SUV,Rainy,0,SemiUrban,104.84,178.36,4.16,4.27,None,96.85,48,699.19
28.61,104.83,1.5,Medium,SUV,Sunny,0,Airport,101.21,252.5,3.72,3.84,Classical,46.62,58,6304.94
22.2,83.15,1.5,High,Sedan,Rainy,0,Urban,92.44,292.09,4.15,4.57,Classical,62.27,34,1880.8
4.19,-5.71,1.0,High,Mini,Sunny,0,SemiUrban,99.88,219.69,4.84,4.98,None,38.5,73,548.9
18.87,42.53,1.0,High,Mini,Foggy,1,SemiUrban,118.67,100.66,3.9,4.73,Classical,78.36,36,840.5
,,1.2,High,Mini,Rainy,1,Airport,93.31,140.76,3.01,4.7,None,31.0,51,1233.0
7.47,38.43,1.5,Medium,Mini,Rainy,0,SemiUrban,106.68,89.22,4.47,3.4,None,45.33,68,845.51
37.88,143.61,2.5,Medium,SUV,Sunny,0,Airport,119.05,134.45,5.0,4.81,Classical,42.44,51,4238.94
34.15,120.06,1.0,Medium,Sedan,Rainy,0,Urban,,190.33,3.1,4.98,None,43.4,95,1407.48
,92.64,1.0,High,Mini,Rainy,0,Airport,92.08,171.84,4.22,4.13,Classical,62.78,87,1240.81
19.03,81.02,1.5,Medium,Mini,Rainy,0,SemiUrban,117.27,268.42,3.8,4.52,None,78.75,6,1616.1
17.06,52.75,1.5,Medium,SUV,,1,Urban,112.07,100.98,4.13,4.2,None,39.15,73,1563.08
26.39,53.24,1.0,Low,Sedan,Sunny,0,Airport,106.36,158.41,3.62,4.98,None,62.84,85,1170.51
22.27,73.02,1.2,High,Sedan,Rainy,0,Airport,,208.02,4.51,4.21,None,6.45,95,1499.63
3.43,17.61,1.0,Medium,Sedan,Sunny,0,Urban,119.25,295.28,3.19,3.95,Pop,7.17,45,721.77
20.99,70.41,1.0,Low,Mini,Sunny,0,SemiUrban,90.63,103.46,3.18,3.31,None,10.64,39,773.96
32.45,110.39,1.2,Medium,Premium,Rainy,0,SemiUrban,98.11,258.27,4.08,4.69,Classical,22.81,89,1994.91
18.91,69.52,1.0,Low,Mini,Rainy,1,SemiUrban,99.5,204.44,3.64,3.41,None,17.8,19,905.06
3.03,20.26,1.5,Low,Sedan,Sunny,0,Urban,93.58,83.47,4.85,,None,47.85,82,707.68
31.66,97.67,1.5,Low,Mini,Rainy,1,Airport,100.72,245.99,3.38,3.49,Pop,26.68,21,2033.56
8.85,34.4,1.5,Low,Sedan,Sunny,1,Urban,101.11,93.73,4.55,,None,68.74,87,913.6
11.09,,1.0,Low,SUV,Sunny,0,Airport,118.76,224.94,4.95,3.09,None,77.97,77,947.43
7.42,34.27,1.0,Medium,SUV,Rainy,0,Urban,103.26,110.15,3.65,3.35,Rock,40.36,69,803.06
13.88,38.55,1.0,High,Mini,Sunny,1,Airport,118.04,167.08,4.84,4.44,Classical,88.47,82,858.47
30.51,89.64,1.2,Medium,Sedan,Sunny,0,Airport,114.3,245.82,3.63,4.18,Classical,58.53,89,1645.38
21.26,75.88,1.2,Medium,Mini,Sunny,0,Urban,112.11,208.57,4.11,,Rock,87.65,55,1253.53
8.99,9.31,1.0,High,Premium,Rainy,0,Urban,99.92,235.09,3.0,,Pop,46.54,12,1078.75
35.24,150.0,1.2,Low,Sedan,Sunny,0,Urban,102.81,250.85,3.53,4.72,Rock,34.28,69,1790.43
35.3,99.18,1.2,Medium,Mini,Sunny,1,Airport,91.34,58.69,3.11,4.27,Pop,53.52,12,1530.5
34.95,130.09,1.0,Low,Mini,Sunny,0,Urban,101.32,170.14,3.06,4.16,None,38.53,1,1357.61
10.31,31.62,1.2,Medium,Mini,Rainy,0,Airport,116.11,296.41,4.99,4.92,None,31.89,49,963.58
18.6,50.66,1.0,Low,SUV,Sunny,1,Airport,113.44,248.83,,4.1,Pop,10.66,29,1136.08
39.41,79.18,1.5,High,Sedan,Sunny,1,Urban,114.25,141.45,3.67,4.62,Classical,47.19,90,2138.83
,107.98,1.2,Low,Mini,Sunny,0,SemiUrban,96.65,121.26,4.36,3.43,Pop,63.91,97,1328.83
2.06,9.74,1.0,Medium,SUV,Sunny,1,SemiUrban,96.3,226.2,4.05,3.66,Rock,79.57,49,580.24
3.54,10.08,1.2,Low,Mini,Sunny,0,Airport,109.9,84.29,4.84,4.32,None,86.85,17,546.96
19.09,57.96,1.5,Medium,Mini,Sunny,0,Airport,109.54,270.68,3.5,4.26,Classical,16.98,99,1570.61
36.46,107.69,1.0,Medium,Mini,Sunny,1,SemiUrban,95.86,70.47,4.02,3.17,Pop,38.62,35,1342.34
22.01,36.12,1.5,Low,Mini,Sunny,0,Airport,111.59,189.78,3.01,3.11,Pop,61.13,63,1380.55
20.41,61.97,1.0,Low,Sedan,Sunny,0,SemiUrban,101.28,261.71,4.45,3.43,Pop,63.58,4,1008.26
5.11,28.5,1.2,Low,Sedan,Sunny,0,Airport,116.6,229.99,4.16,4.07,None,87.01,21,817.74
26.61,92.7,2.0,Medium,Mini,Sunny,1,Airport,100.93,171.39,4.25,4.55,Rock,51.82,35,2218.3
33.06,106.33,1.2,Low,Mini,Rainy,0,Urban,96.9,107.37,4.45,3.78,Classical,54.5,55,1407.86
15.84,52.13,1.0,Medium,Mini,Rainy,0,SemiUrban,95.88,200.09,3.76,3.5,Classical,35.91,73,844.2
31.25,78.58,1.0,Medium,Mini,Sunny,1,Airport,116.95,291.58,3.31,4.18,None,95.7,53,1355.54
38.61,97.74,1.0,Low,Mini,Sunny,0,SemiUrban,115.8,73.84,3.37,3.2,Rock,21.37,72,1145.74
8.95,15.67,1.2,Low,Mini,Rainy,0,Urban,102.78,57.88,4.46,3.34,Rock,72.57,4,636.38
21.41,83.26,1.2,High,Mini,Foggy,0,SemiUrban,,154.89,4.99,3.91,None,52.31,49,1180.27
12.2,32.42,1.0,Medium,SUV,Rainy,0,Airport,98.54,197.8,3.9,4.93,None,26.68,72,961.54
31.92,79.15,2.0,Low,Mini,Sunny,0,SemiUrban,101.55,139.51,3.34,3.65,Classical,19.81,23,2029.1
23.53,50.41,1.0,Medium,Sedan,Sunny,1,Urban,91.33,229.43,3.14,4.7,Pop,58.59,42,1053.3
25.75,103.12,1.2,High,Mini,Sunny,0,SemiUrban,92.02,180.71,3.96,4.95,Rock,4.52,86,1255.54
32.12,111.52,1.2,Low,Sedan,Sunny,0,SemiUrban,117.82,136.78,4.43,4.65,Pop,95.62,66,1526.44
16.44,,1.2,Medium,SUV,Sunny,0,SemiUrban,112.98,248.53,4.2,3.88,None,34.17,36,1297.47
36.69,116.89,1.2,Low,Sedan,Rainy,1,SemiUrban,114.42,74.85,3.58,4.62,Pop,99.85,78,1542.6
,72.71,1.0,Low,Mini,Sunny,1,Airport,104.36,60.02,4.19,3.09,Classical,56.01,22,981.22
7.16,13.12,2.0,Low,Mini,Sunny,1,SemiUrban,100.95,64.21,4.09,4.73,Pop,30.84,33,758.89
28.14,99.48,1.2,Medium,SUV,Rainy,1,Urban,,253.56,3.43,3.98,Rock,23.02,52,1654.87
31.94,85.73,1.2,Medium,Sedan,Sunny,0,SemiUrban,106.74,249.53,3.82,3.9,Classical,76.64,23,1502.14
13.35,58.01,1.2,Medium,Mini,Sunny,0,Urban,112.3,257.69,4.75,4.47,Pop,5.44,23,973.66
34.43,112.92,1.0,Low,SUV,Rainy,1,Urban,95.88,120.93,4.51,4.86,None,77.9,13,1435.89
36.34,91.42,1.5,Medium,Sedan,Foggy,0,Urban,101.67,172.89,4.86,,Classical,63.25,1,1992.28
,39.71,1.2,Low,SUV,Rainy,1,Urban,117.82,129.93,4.78,3.85,Pop,34.77,83,1097.01
39.36,99.04,1.2,Medium,Mini,Sunny,0,Airport,115.31,196.84,3.49,4.3,Rock,56.96,34,1815.1
6.49,22.44,1.5,Low,Mini,Sunny,0,SemiUrban,113.95,261.32,4.72,,Rock,88.57,38,810.25
8.88,39.15,2.0,High,Sedan,Sunny,1,SemiUrban,,54.98,4.23,3.47,Classical,94.79,24,1304.76
8.18,28.45,1.0,Low,Sedan,Rainy,0,Airport,94.97,192.44,4.92,3.04,Rock,93.42,65,786.53
35.87,137.12,1.5,Medium,Mini,Rainy,1,SemiUrban,99.18,100.27,3.39,3.33,None,51.43,69,2011.98
26.52,111.29,1.0,Medium,Sedan,Sunny,0,Airport,99.11,267.51,3.69,3.08,Rock,58.75,7,1357.88
6.93,25.24,1.2,Medium,Sedan,Rainy,0,Urban,93.87,289.25,3.8,3.12,Rock,18.26,62,900.7
18.17,40.62,1.0,High,Mini,Rainy,0,SemiUrban,98.68,257.02,3.05,3.49,Classical,91.92,28,1046.12
25.0,107.46,1.0,Low,Sedan,Sunny,0,Urban,102.84,58.42,3.96,4.45,Classical,6.43,1,1075.03
4.26,2.61,1.0,Medium,Mini,Sunny,0,SemiUrban,91.48,125.69,4.89,3.51,None,48.37,13,395.86
35.41,121.01,1.0,Low,Sedan,Rainy,0,SemiUrban,102.1,107.44,,3.45,Classical,20.89,51,1309.38
32.34,90.44,1.0,Low,Mini,,0,SemiUrban,104.9,256.56,3.4,4.27,Classical,43.68,71,1225.23
20.7,70.57,1.2,High,Sedan,Rainy,0,Urban,91.23,54.52,3.56,4.13,Pop,68.84,50,1236.9
38.72,104.55,1.0,Low,Mini,Sunny,1,Airport,110.23,280.69,4.95,4.02,Classical,42.29,61,1403.63
17.29,73.03,1.5,Low,SUV,Sunny,1,Urban,92.39,196.87,3.12,4.29,Pop,92.54,56,1473.17
39.38,115.9,1.0,Low,Sedan,Rainy,1,Airport,109.44,236.02,3.91,3.71,Pop,64.01,22,1708.18
27.05,117.0,1.0,Medium,Sedan,Rainy,0,SemiUrban,119.82,163.92,4.77,3.03,None,56.79,53,1305.85
,64.79,1.0,High,SUV,Sunny,0,SemiUrban,91.82,226.76,4.39,3.86,None,43.46,21,4169.44
7.47,32.31,1.0,Low,Mini,Rainy,0,SemiUrban,98.17,133.62,4.96,3.73,Rock,34.81,16,495.14
35.4,118.33,1.0,Medium,Sedan,Rainy,0,SemiUrban,93.88,215.04,,4.54,Classical,89.48,58,1550.36
17.67,53.58,2.5,Medium,Mini,Sunny,0,Urban,101.08,157.69,4.5,3.18,Pop,41.84,77,2008.3
7.33,20.4,1.0,Low,Premium,Foggy,0,Airport,115.06,282.98,3.97,4.56,Rock,58.01,15,1077.64
1.49,1.68,1.5,Medium,SUV,Sunny,0,Airport,117.88,282.62,4.25,4.42,Pop,49.23,53,1053.79
22.83,66.65,1.0,Medium,SUV,Foggy,1,Airport,115.19,192.58,4.59,3.67,Pop,60.23,20,1312.7
21.57,54.09,2.0,Low,Mini,Sunny,0,SemiUrban,110.73,243.34,3.59,4.25,Classical,21.45,95,1701.33
29.05,73.66,1.0,High,Mini,Rainy,0,Urban,111.52,235.58,3.92,4.05,Rock,98.26,53,1249.36
35.72,102.99,2.0,Low,Mini,Sunny,0,SemiUrban,93.61,226.6,4.33,3.43,Rock,38.21,23,2458.86
4.1,25.09,1.0,Low,Sedan,Foggy,1,Airport,97.46,293.52,3.54,4.81,None,26.67,85,821.05
29.53,106.99,1.0,High,Mini,Sunny,0,Urban,100.92,269.45,4.31,3.38,Classical,3.77,83,1299.51
8.31,9.39,1.2,Medium,Mini,Sunny,0,Urban,91.5,236.33,3.29,3.28,Pop,84.3,57,670.04
34.47,125.86,1.2,High,Sedan,Rainy,0,SemiUrban,114.65,69.76,3.84,3.82,Pop,65.1,20,1788.31
32.94,108.65,1.0,Medium,SUV,Sunny,0,Urban,97.67,138.76,3.2,4.49,None,29.8,31,1396.32
22.09,91.45,1.0,Medium,Mini,Rainy,0,Urban,91.57,135.83,4.69,,Pop,37.24,48,1055.82
28.7,95.51,1.5,Medium,SUV,Sunny,0,Urban,92.19,178.04,3.61,4.73,None,47.59,9,2007.36
13.26,,1.0,Low,Mini,Sunny,0,SemiUrban,119.08,264.2,4.85,4.16,Pop,41.96,5,676.08
19.38,77.96,1.2,Medium,Mini,Rainy,0,SemiUrban,117.36,217.98,4.58,3.38,None,42.5,14,1221.82
33.04,115.42,1.2,Medium,SUV,Sunny,0,Urban,118.76,242.88,3.63,4.09,None,62.37,39,1839.26
18.91,44.56,1.2,High,Sedan,Rainy,0,SemiUrban,118.7,60.42,4.21,3.47,Rock,84.91,49,1114.24
14.95,42.14,1.0,Medium,SUV,Sunny,0,Urban,113.98,63.39,3.88,,Classical,37.72,10,958.08
20.27,35.86,1.2,Low,Sedan,Sunny,0,Airport,98.28,282.12,4.61,3.31,None,18.02,32,1246.45
33.3,88.59,1.0,Medium,SUV,,1,Airport,99.74,102.39,4.37,4.18,Classical,3.07,64,1477.75
14.07,53.06,1.0,Low,Mini,Sunny,0,Urban,102.06,248.65,4.31,3.02,None,44.87,70,718.38
7.78,23.0,1.2,Medium,Sedan,Rainy,0,Airport,113.55,187.06,4.45,4.91,None,21.34,60,922.77
28.77,60.67,2.0,Medium,Premium,Sunny,0,Airport,117.8,137.42,3.84,,Rock,21.61,27,2936.41
33.21,114.66,1.0,Low,Mini,Sunny,0,Airport,103.21,240.89,3.83,4.86,None,8.8,2,1453.96
4.92,20.22,1.0,High,Mini,Foggy,1,Urban,99.04,291.22,3.7,3.66,Classical,15.37,84,612.58
10.36,24.55,1.2,High,Mini,Sunny,1,SemiUrban,,114.71,3.32,,Pop,44.85,84,704.28
6.54,35.03,1.0,High,SUV,Rainy,0,Urban,97.69,138.07,3.72,4.0,Pop,68.53,41,862.44
14.57,32.57,1.2,Low,Sedan,Foggy,1,Urban,90.21,123.32,4.26,3.62,Pop,44.92,51,914.09
18.56,47.43,2.5,Medium,Sedan,Rainy,0,SemiUrban,97.02,211.16,3.63,3.62,Pop,71.9,67,2381.5
30.2,73.95,2.5,High,SUV,Sunny,1,Urban,98.85,231.07,3.39,3.27,Rock,77.25,97,3448.39
26.39,84.93,1.0,Medium,SUV,Rainy,0,Urban,113.27,169.59,4.91,3.67,None,66.09,61,1317.8
25.22,87.26,1.2,Low,Sedan,Sunny,0,Urban,106.46,103.64,4.16,4.27,Classical,2.49,8,1289.32
14.74,54.5,2.0,High,SUV,Sunny,0,Airport,99.93,130.32,3.06,4.18,Rock,55.14,6,2126.62
33.82,81.3,1.0,High,Sedan,Foggy,0,Urban,,236.84,4.56,4.71,Rock,28.82,57,1472.94
19.38,68.99,1.2,Medium,Sedan,Sunny,0,Urban,113.65,270.91,4.35,3.45,Pop,86.6,56,1256.88
39.19,136.0,1.0,Low,Mini,Rainy,0,SemiUrban,108.3,176.99,3.78,3.32,Pop,90.46,22,1471.49
25.73,109.14,1.0,Low,Mini,Sunny,0,Airport,92.11,112.17,4.39,4.61,Classical,42.08,78,1097.48
5.92,28.68,2.5,Medium,SUV,Sunny,0,Airport,97.23,216.41,4.83,4.61,Pop,75.02,90,2042.1
27.37,96.63,1.5,Medium,Mini,Sunny,0,Urban,98.58,209.85,3.43,4.46,Classical,37.96,50,1720.02
13.68,35.29,1.0,Medium,Mini,Foggy,1,Airport,100.89,277.31,4.06,3.28,Rock,48.55,36,857.34
27.77,76.88,1.5,Low,Sedan,Sunny,0,Airport,90.74,121.25,4.54,4.8,Pop,98.28,37,1743.57
3.72,29.75,1.2,Low,Sedan,Sunny,1,SemiUrban,112.33,254.34,3.17,3.8,Rock,17.28,62,690.02
7.82,33.73,2.0,Low,Mini,Sunny,0,SemiUrban,104.11,217.66,,3.71,Pop,60.46,29,1068.68
34.37,132.48,1.0,Low,SUV,Sunny,0,Airport,116.9,259.99,4.53,3.29,Rock,63.8,65,1550.54
9.86,39.82,1.0,Medium,Sedan,Sunny,0,SemiUrban,105.53,75.73,4.11,3.36,None,84.45,98,628.11
33.64,114.66,1.0,Low,SUV,Sunny,0,Urban,119.64,256.81,4.57,3.19,None,14.84,77,1487.71
11.89,24.11,1.2,Medium,Sedan,Sunny,0,SemiUrban,111.02,169.26,4.34,4.07,Classical,90.47,7,827.57
26.07,90.99,1.0,Medium,Sedan,Sunny,0,Urban,116.61,243.63,3.65,3.76,None,67.92,9,1199.32
28.07,97.48,1.0,Low,Mini,Sunny,0,SemiUrban,119.2,110.81,3.29,3.3,Pop,99.34,81,1104.76
20.99,55.03,2.5,High,Mini,Sunny,0,Airport,104.15,136.92,4.92,4.36,Rock,53.54,86,2617.95
12.91,35.44,2.0,Medium,Mini,Foggy,1,Urban,108.99,153.68,4.15,3.65,None,62.78,11,1453.66
9.29,44.24,1.2,Medium,Mini,Sunny,0,SemiUrban,117.42,187.55,4.42,4.35,Classical,19.1,61,790.11
2.29,9.22,2.0,High,SUV,Sunny,1,SemiUrban,107.26,177.6,4.08,4.6,Pop,40.3,4,1291.12
12.85,44.62,2.0,Low,SUV,Rainy,0,Urban,91.58,109.13,4.49,4.25,Rock,78.53,62,1676.05
26.47,72.96,1.2,Medium,Sedan,Sunny,0,SemiUrban,110.91,275.91,3.31,,Rock,30.19,63,1324.72
37.59,117.25,1.2,Low,Mini,Rainy,1,Airport,118.07,286.11,3.44,3.57,Pop,94.51,40,1950.36
34.98,130.51,2.0,Medium,Mini,Sunny,0,Urban,113.44,109.3,4.71,3.05,Classical,75.31,94,2536.95
30.88,92.37,1.2,Medium,Mini,Sunny,0,Airport,113.74,147.73,3.11,3.71,None,22.28,21,1547.68
,110.73,1.0,Medium,SUV,Sunny,0,Urban,92.38,251.16,3.91,4.68,Classical,91.92,82,1411.72
,77.13,1.0,Low,Sedan,Sunny,0,Urban,112.12,245.67,3.38,4.62,None,23.04,25,1118.04
11.15,30.79,1.0,Low,SUV,Sunny,0,Urban,90.97,293.42,4.14,3.33,Rock,54.29,42,811.37
36.38,100.3,2.0,Medium,Sedan,Sunny,0,Urban,,286.84,3.93,,Pop,59.73,83,2868.56
27.16,113.36,1.2,Low,Sedan,Rainy,0,Airport,117.43,268.75,4.48,4.75,Rock,38.73,49,1777.17
22.86,69.65,2.0,Medium,Sedan,Sunny,0,Airport,119.41,196.65,3.62,4.73,Classical,26.72,29,2296.88
5.33,8.95,1.5,Medium,Mini,Rainy,0,Urban,,134.47,3.84,4.61,None,6.15,61,850.97
18.44,56.96,1.0,Low,Sedan,Rainy,0,Urban,106.21,180.62,3.47,3.48,Pop,85.45,80,938.69
18.95,63.8,1.5,Low,SUV,Rainy,1,Airport,107.36,242.79,3.21,4.95,Pop,16.67,10,1871.16
34.72,77.17,1.0,Low,Sedan,Sunny,1,Urban,,76.09,3.45,4.44,Pop,24.73,41,1206.32
22.32,63.64,1.0,Medium,Sedan,Sunny,0,Urban,102.37,225.78,4.8,4.39,Rock,83.14,46,1098.64
15.84,50.48,1.5,High,Sedan,Rainy,0,Airport,119.61,274.01,3.97,4.84,None,33.38,97,1840.04
39.1,111.28,1.2,Low,Mini,Foggy,0,Airport,116.6,102.61,4.08,3.69,Rock,63.93,59,1693.34
5.32,35.99,1.5,High,Sedan,Rainy,0,Airport,108.31,252.8,4.48,3.9,Classical,58.34,86,1350.85
17.48,43.33,1.0,High,Mini,,1,SemiUrban,109.43,272.71,4.73,3.87,None,78.88,69,795.95
2.64,15.35,1.5,Low,Premium,Sunny,0,Urban,111.43,66.76,3.05,3.23,Pop,64.81,58,981.62
29.86,84.95,1.0,High,Mini,,1,Airport,108.11,289.5,3.25,3.58,None,38.61,4,1356.74
36.8,70.03,1.2,Medium,Sedan,Foggy,0,Urban,111.23,175.55,3.85,4.41,None,84.44,41,1635.76
11.92,59.78,1.0,High,Mini,Sunny,0,SemiUrban,114.49,164.47,3.4,3.08,Pop,64.29,17,745.19
34.48,122.62,1.2,Medium,Mini,Sunny,0,Airport,,200.64,3.95,3.92,Rock,45.06,54,1704.81
12.4,45.36,1.0,Low,Sedan,Foggy,0,Airport,115.47,103.43,4.23,4.45,Rock,36.65,64,907.36
36.52,105.36,1.0,High,Premium,Sunny,0,Urban,93.88,215.91,,4.47,Pop,60.67,92,1752.61
30.4,105.55,1.2,Low,Sedan,Rainy,0,Urban,106.39,252.21,4.36,4.83,Pop,1.94,47,1621.98
32.39,98.09,1.2,High,Mini,Rainy,0,Airport,108.96,130.59,3.04,4.12,Classical,75.05,79,1584.66
1.7,20.53,1.2,Low,Sedan,Rainy,0,Airport,97.97,113.88,4.08,3.41,Rock,73.51,98,725.41
38.55,166.97,1.2,Medium,Mini,Rainy,1,Urban,104.27,278.76,4.44,4.54,None,46.97,72,1948.19
29.34,109.79,2.0,Medium,Sedan,Sunny,0,Urban,117.98,166.89,4.99,4.01,Rock,38.62,55,2544.38
12.89,42.55,2.0,High,Mini,Sunny,1,Airport,97.77,207.21,3.21,4.63,Rock,80.26,41,1764.17
33.35,98.73,1.0,Low,SUV,Rainy,0,SemiUrban,99.52,263.83,3.02,3.44,Rock,15.68,13,1462.67
11.98,46.84,1.0,Medium,Mini,Rainy,0,Urban,117.25,229.25,3.58,3.01,Rock,74.03,84,740.49
35.04,89.74,1.2,Medium,Mini,Sunny,1,Urban,92.83,130.44,3.66,3.56,Rock,2.69,50,1436.9
5.39,27.51,1.0,High,SUV,Sunny,0,Urban,116.4,55.12,4.62,3.37,None,90.81,40,832.29
28.44,62.72,1.0,Low,SUV,Sunny,1,Airport,99.11,167.23,3.5,4.43,None,95.23,58,1230.98
22.09,54.94,1.0,Low,Mini,Rainy,0,Airport,104.95,112.12,3.49,4.0,Rock,72.24,33,996.66
4.76,5.91,1.0,Medium,Mini,Sunny,0,Airport,109.29,154.89,4.74,3.75,Classical,74.78,32,496.28
10.43,43.86,1.2,Low,Sedan,Sunny,1,Urban,109.39,164.6,3.86,3.15,None,36.62,82,900.39
1.48,4.02,1.0,High,Sedan,Sunny,0,Urban,,266.43,4.32,3.43,Classical,87.81,45,600.22
19.28,68.56,1.0,Low,SUV,Rainy,1,SemiUrban,91.04,241.69,3.42,4.86,Rock,30.38,85,1115.88
12.75,29.86,2.0,Medium,Mini,Sunny,0,Airport,111.11,98.99,4.2,3.41,Classical,56.73,11,1520.64
24.34,65.94,2.0,Medium,Mini,Sunny,0,Airport,115.37,128.98,4.79,4.16,Pop,73.98,75,2107.12
12.59,46.61,2.0,Low,Mini,Sunny,0,Urban,107.65,195.91,4.46,4.64,Pop,58.47,73,1440.81
12.7,31.04,1.0,Medium,Sedan,Sunny,1,Urban,,191.36,3.28,3.58,Rock,49.35,80,756.47
,,1.0,High,SUV,Sunny,1,SemiUrban,102.53,186.42,3.26,4.6,Rock,22.88,28,1386.36
2.88,11.67,1.0,Medium,SUV,Rainy,0,Urban,112.5,288.07,3.2,3.65,Classical,65.6,86,739.39
36.21,91.48,1.0,Low,SUV,Rainy,0,Urban,110.59,223.17,4.84,4.15,Rock,75.73,39,1619.27
34.24,85.81,1.0,Low,Mini,Rainy,0,Urban,90.94,74.27,4.22,3.56,Rock,56.89,32,1154.39
27.04,70.9,2.0,Medium,Sedan,Sunny,1,SemiUrban,106.58,285.12,3.03,4.15,Pop,81.83,86,2270.48
,92.19,2.5,Low,SUV,Sunny,1,SemiUrban,97.83,165.8,4.68,3.42,Classical,59.92,60,2848.34
35.8,128.42,1.5,High,SUV,Rainy,0,SemiUrban,,195.14,3.65,4.62,None,74.81,3,2419.76
8.23,47.19,1.5,Medium,Sedan,Sunny,0,SemiUrban,116.52,254.87,4.35,3.96,None,93.28,94,1120.71
,,1.2,Medium,Sedan,Rainy,0,SemiUrban,108.9,103.32,4.7,4.83,None,27.22,75,702.31
10.34,59.19,1.5,Medium,Sedan,Rainy,0,Airport,107.82,177.98,4.51,4.26,Classical,44.82,87,1479.19
31.99,88.79,2.0,Medium,Sedan,Sunny,0,Urban,110.17,264.85,4.64,4.66,Rock,90.74,77,2668.23
2.35,5.67,1.2,High,Mini,Sunny,0,SemiUrban,105.85,234.16,4.61,4.7,Rock,48.58,26,572.63
23.73,91.56,1.0,Medium,Sedan,Sunny,0,SemiUrban,103.43,137.64,3.3,4.05,Pop,0.71,26,1013.44
39.82,155.2,1.0,Low,Sedan,Sunny,0,SemiUrban,101.23,197.3,3.78,,Rock,4.42,19,1598.71
34.37,74.59,1.2,Medium,Mini,Rainy,0,SemiUrban,111.0,52.01,4.83,4.11,Pop,10.05,97,1435.5
21.34,37.79,1.0,Medium,Sedan,,1,Urban,113.27,61.82,3.19,3.05,None,40.75,85,889.11
3.48,12.07,2.0,Medium,Sedan,Sunny,0,Urban,102.7,78.36,,4.44,None,38.16,99,1010.47
33.42,68.54,1.2,High,Sedan,Rainy,0,Airport,91.31,223.61,3.45,4.99,Rock,61.85,60,1780.21
,63.65,1.2,Medium,Sedan,Sunny,0,Urban,106.29,205.02,4.24,4.74,Classical,21.17,88,1353.59
5.48,43.52,1.0,Low,Sedan,Rainy,0,SemiUrban,107.21,279.03,3.65,3.11,Classical,42.08,46,655.43
4.66,16.47,1.2,Medium,Sedan,Sunny,0,SemiUrban,104.37,227.14,4.97,4.87,Pop,69.03,22,722.28
36.48,136.32,1.0,High,Mini,Foggy,1,SemiUrban,100.8,155.15,4.05,3.4,None,98.99,14,1415.19
27.1,108.52,1.5,High,Mini,Sunny,1,SemiUrban,116.88,266.74,3.3,3.11,None,47.46,35,1827.75
33.34,109.6,1.0,High,Mini,Sunny,0,Urban,104.43,60.69,4.69,3.02,Classical,0.28,5,1281.6
35.28,134.17,2.5,Low,Mini,Sunny,0,Urban,113.97,52.53,3.8,3.85,Pop,61.7,86,3105.44
23.3,76.47,1.2,Medium,Sedan,Sunny,1,Airport,109.13,112.57,4.7,3.6,Classical,52.01,89,1355.09
21.18,58.83,1.2,Low,Premium,,0,Urban,113.61,81.9,3.89,3.36,None,35.27,98,1420.56
17.79,52.86,2.0,Low,Mini,Sunny,0,SemiUrban,116.33,117.56,4.87,3.17,Classical,33.46,34,1491.49
13.36,52.74,2.5,Low,SUV,Rainy,0,SemiUrban,97.3,126.4,3.11,3.71,None,72.63,41,2159.52
17.95,56.53,1.0,Low,Sedan,Rainy,0,Urban,114.86,163.86,4.97,3.46,None,32.23,79,937.42
31.18,136.35,1.5,Low,Mini,Rainy,0,Airport,111.63,202.65,3.93,4.28,Pop,97.34,10,2143.02
24.48,,1.0,Low,Mini,Rainy,0,Airport,106.83,138.12,3.74,3.75,Rock,9.57,55,1087.54
35.81,138.99,1.2,Low,Sedan,Sunny,0,Urban,106.35,291.81,3.08,,Pop,8.7,47,1787.93
18.29,42.4,1.0,Low,Sedan,Sunny,0,Urban,99.34,185.42,3.46,4.53,Rock,92.26,11,818.34
24.68,82.85,1.2,Medium,Mini,Sunny,0,Urban,106.22,269.06,3.63,3.7,None,42.39,68,1306.3
25.62,79.91,1.2,Low,Mini,Sunny,0,SemiUrban,101.53,250.58,4.46,3.33,Pop,48.11,72,1262.02
,62.49,1.2,Medium,SUV,Rainy,1,Urban,116.66,62.02,4.39,3.59,Pop,9.71,75,1469.64
28.4,78.93,1.2,Low,Mini,,0,Urban,107.46,167.85,4.77,4.36,Pop,35.9,93,1312.42
10.26,43.82,1.2,High,SUV,Rainy,1,Airport,,251.62,4.88,3.24,Classical,56.44,52,1328.44
20.98,33.68,1.0,Low,Mini,Rainy,0,Airport,94.33,276.66,4.45,4.31,None,8.98,90,976.7
5.06,13.91,1.5,Low,Sedan,Sunny,1,SemiUrban,110.82,208.21,4.38,4.45,Pop,69.93,31,712.17
16.0,49.82,1.2,Medium,Sedan,Foggy,1,Airport,109.94,283.01,4.8,4.29,Rock,64.81,25,1311.47
20.02,80.49,1.2,High,Sedan,,1,Airport,100.8,215.83,3.26,3.73,Classical,58.01,34,1451.09
26.44,80.38,2.5,Low,Mini,Rainy,0,Urban,94.87,102.12,3.15,4.31,Classical,37.43,75,2534.22
38.07,100.65,1.0,Low,Mini,Sunny,0,Airport,111.49,189.63,4.42,4.66,None,37.96,27,1382.04
24.43,65.56,1.2,High,Sedan,Sunny,0,Airport,98.11,239.0,3.62,3.63,Classical,87.0,77,1555.88
30.0,108.12,1.2,Low,Mini,,0,Airport,115.86,216.61,3.85,3.54,Pop,3.39,65,1593.56
20.74,68.46,1.0,Low,Sedan,Sunny,0,Airport,111.79,70.84,4.22,4.91,None,76.07,74,936.46
25.73,92.45,1.0,High,SUV,Sunny,0,Airport,116.77,109.25,4.9,4.78,None,18.99,13,1364.12
,14.92,1.5,High,SUV,Sunny,1,Airport,119.54,221.95,4.75,3.54,Pop,77.17,38,1279.49
10.92,48.37,1.0,Low,Mini,Rainy,1,Airport,100.23,182.08,4.47,3.34,None,48.81,66,782.05
15.11,68.53,1.2,High,Sedan,Foggy,0,Airport,105.12,57.71,3.86,3.85,Classical,36.09,65,1257.77
19.43,55.83,1.2,Medium,Sedan,Sunny,0,SemiUrban,102.11,234.59,4.59,4.01,None,28.48,2,1130.33
2.78,22.2,1.2,Low,Mini,Foggy,1,Urban,,69.86,3.36,3.34,None,48.43,32,518.64
6.46,18.58,1.5,Medium,Mini,Rainy,1,Airport,102.15,96.21,4.62,3.05,Classical,70.9,76,1046.5
11.8,36.56,2.0,Medium,Mini,Sunny,1,Urban,103.31,276.12,3.95,4.64,Classical,55.31,39,1470.01
38.89,151.86,1.0,Medium,Sedan,Sunny,0,Airport,95.2,128.77,3.52,4.85,Classical,63.95,33,1566.11
13.92,42.07,1.5,High,SUV,Foggy,0,SemiUrban,116.5,58.57,3.93,3.14,Pop,93.53,36,1391.02
19.8,48.94,1.5,Low,SUV,Rainy,0,Airport,98.77,54.36,4.58,4.68,Classical,62.16,21,1704.65
8.65,17.43,1.0,Medium,Sedan,Sunny,1,SemiUrban,112.76,283.89,4.31,,None,58.72,5,657.45
,70.92,2.5,Medium,Sedan,Sunny,1,Airport,92.29,143.13,3.27,,Pop,37.58,80,2898.92
11.95,45.48,2.0,Low,Premium,Rainy,0,Airport,90.9,205.29,4.38,3.77,Rock,32.43,14,2386.04
9.07,48.95,1.0,Medium,Sedan,Sunny,1,Urban,119.86,153.48,4.67,4.73,Rock,52.91,54,687.71
21.15,73.44,1.2,Medium,Sedan,Sunny,0,Airport,93.69,103.35,3.3,3.24,Rock,1.34,12,1237.45
,14.38,1.5,High,SUV,Sunny,0,Airport,112.98,269.42,3.12,3.2,Pop,57.61,35,1263.55
1.3,14.47,1.0,High,Mini,Rainy,0,SemiUrban,108.14,287.41,3.11,4.93,Classical,33.34,67,630.05
9.54,34.5,2.0,Medium,Mini,Sunny,0,Urban,103.59,296.96,3.04,3.59,Classical,77.56,20,1392.16
2.43,11.37,1.2,Low,SUV,Rainy,0,Airport,91.11,60.34,,4.72,None,13.72,73,751.65
5.21,26.1,1.2,Medium,SUV,Rainy,0,Urban,99.86,62.59,4.61,4.12,Pop,72.27,72,743.46
14.22,41.34,1.0,Low,Mini,Sunny,0,Urban,117.0,264.49,4.48,3.48,Pop,44.63,59,699.17
32.3,133.56,1.0,Low,SUV,Sunny,0,Airport,117.15,94.04,4.88,3.59,Classical,42.09,17,1509.48
23.31,72.67,1.0,Medium,Sedan,Foggy,0,Airport,107.99,190.41,3.71,3.82,Rock,4.54,56,1273.29
20.99,56.17,1.5,Medium,Sedan,Rainy,1,Airport,107.24,194.96,4.42,3.3,Pop,34.37,32,1800.19
12.45,43.59,1.2,Medium,Mini,,0,Airport,102.77,215.49,3.82,4.42,Rock,93.24,92,1099.33
37.34,141.24,1.0,High,Premium,Sunny,1,Airport,113.27,59.39,4.12,3.84,Rock,1.22,77,1841.64
16.48,53.37,1.0,Low,SUV,,0,Urban,116.49,127.16,3.88,4.78,Classical,14.34,15,857.93
4.4,7.46,1.2,Low,Sedan,Sunny,0,SemiUrban,111.83,178.54,3.83,4.83,Pop,78.58,43,606.87
25.07,104.0,1.5,Medium,SUV,Rainy,1,Urban,105.76,93.6,3.49,4.83,Pop,40.62,92,1810.78
5.44,18.82,1.5,Medium,SUV,Sunny,0,Airport,109.04,286.01,4.16,4.3,None,14.75,22,1228.98
14.46,40.25,1.2,Low,Sedan,Sunny,0,Urban,96.59,257.2,3.52,3.95,Classical,17.35,66,960.37
,68.6,1.0,Low,SUV,Sunny,0,SemiUrban,119.74,84.86,3.28,3.17,Pop,11.93,11,1001.61
35.09,124.93,1.0,Low,Premium,Sunny,0,Urban,118.08,217.72,4.5,4.51,Rock,4.39,41,1722.84
20.25,63.15,1.0,High,Mini,Foggy,1,Airport,118.7,152.55,4.29,3.18,Pop,99.18,94,1068.46
85.17,155.94,1.5,High,Mini,Sunny,0,Airport,95.01,127.87,3.59,3.36,None,48.76,84,8506.62
39.72,144.21,1.0,Low,Mini,Sunny,0,Airport,109.58,122.74,4.26,4.69,Rock,26.64,46,1429.8
,19.03,1.2,Low,Sedan,Rainy,1,SemiUrban,,215.67,3.05,4.71,Rock,51.92,9,830.73
11.71,38.36,1.2,Low,Mini,Rainy,0,Airport,100.65,275.89,4.98,3.87,Rock,36.98,39,1053.26
16.39,45.96,2.5,Low,Mini,Sunny,1,Airport,115.96,259.07,3.35,4.44,Pop,81.47,66,2197.13
17.45,47.61,2.5,Low,Premium,,1,Airport,113.47,137.24,4.88,3.44,Rock,60.02,99,3150.61
17.03,66.69,2.5,Low,Sedan,Sunny,0,Airport,111.59,226.94,3.14,4.79,Rock,83.03,73,2485.84
36.4,105.33,1.5,Medium,SUV,Foggy,0,Urban,90.87,181.85,4.42,4.31,Classical,23.57,49,2315.85
28.85,113.28,1.5,Low,Premium,Sunny,1,Airport,,160.09,3.44,4.72,Pop,54.11,42,2440.24
24.71,58.7,1.5,Medium,Mini,Sunny,0,Urban,111.55,124.18,4.93,3.78,None,26.33,78,1445.22
13.07,57.9,2.0,Low,Sedan,Sunny,0,SemiUrban,119.08,70.31,3.63,3.08,Pop,25.21,14,1405.68
33.13,89.16,2.5,High,Mini,Rainy,1,Urban,92.6,98.11,3.08,4.99,Pop,18.07,64,3181.25
38.25,132.89,1.0,High,Sedan,Sunny,1,Urban,,191.6,3.07,4.52,Pop,40.15,65,1487.67
33.03,118.03,1.0,Medium,Mini,Sunny,1,Urban,112.34,232.16,4.71,3.33,Pop,69.69,12,1264.8
1.06,10.34,1.2,Low,Mini,Sunny,0,Urban,91.94,59.19,3.14,4.28,Rock,50.77,99,269.11
25.82,96.49,1.2,Low,Mini,Sunny,0,Urban,91.93,144.79,4.66,4.89,Classical,97.26,89,1249.1
2.99,6.34,1.5,Low,Sedan,Sunny,1,Urban,112.87,91.45,,4.8,None,26.56,71,785.18
11.05,51.41,2.0,Low,SUV,Sunny,0,SemiUrban,113.93,200.53,3.55,4.88,Pop,69.03,45,8442.52
3.32,13.28,1.2,Medium,Mini,Sunny,0,Airport,117.31,266.16,4.96,3.22,Pop,37.48,99,839.32
24.55,105.06,1.0,Medium,Sedan,Sunny,0,SemiUrban,113.16,282.42,4.45,4.71,Classical,34.86,75,1113.25
27.78,123.75,2.5,Low,Sedan,Sunny,0,Urban,97.21,271.3,3.29,4.78,Rock,43.2,7,3220.89
5.47,13.82,1.0,Medium,Sedan,Rainy,0,Urban,119.06,268.09,3.54,3.36,None,24.01,23,704.03
15.97,33.19,1.0,Low,SUV,Sunny,0,Urban,98.02,200.23,,4.42,Classical,93.32,88,829.94
18.79,,1.5,Low,Mini,Sunny,1,SemiUrban,111.82,110.74,4.77,4.39,Rock,37.89,61,1151.46
15.39,42.48,1.0,Medium,Mini,Rainy,1,Urban,105.88,236.74,4.42,4.38,None,26.38,65,831.4
5.72,,1.0,Low,Mini,Foggy,0,SemiUrban,93.67,231.13,,4.15,None,58.86,55,512.87
17.34,43.24,1.0,Medium,Sedan,Sunny,0,Urban,117.81,91.66,3.72,3.48,Pop,16.38,36,890.99
30.3,108.46,1.0,High,Mini,Sunny,1,Urban,107.64,98.71,4.31,3.22,Classical,73.0,43,1247.25
3.77,26.16,1.2,High,Mini,Rainy,1,SemiUrban,92.75,77.33,3.35,3.49,Pop,40.65,10,1612.83
4.13,22.62,1.0,Low,SUV,Sunny,0,SemiUrban,101.5,174.67,4.14,4.83,Classical,52.25,13,577.76
14.84,58.24,1.2,Medium,Mini,Sunny,0,SemiUrban,112.95,130.39,4.12,3.45,Rock,83.31,63,899.01
37.73,99.97,1.0,Medium,Sedan,Sunny,0,SemiUrban,108.55,275.03,4.38,3.86,Rock,14.45,58,1382.48
27.07,106.65,1.5,High,Premium,Foggy,0,Urban,96.7,59.16,3.49,3.88,None,58.73,31,2258.47
27.47,82.29,1.0,High,Sedan,Rainy,1,Urban,107.08,131.02,3.23,4.85,Rock,3.4,43,1285.51
15.11,35.01,1.0,Low,Sedan,Sunny,0,Airport,99.27,269.01,4.93,3.23,Classical,39.86,75,972.71
24.15,61.92,1.0,High,Mini,Foggy,1,Urban,105.82,299.75,3.31,3.96,Classical,85.37,96,1191.85
1.4,7.07,1.0,Low,Sedan,Sunny,0,Urban,99.54,230.75,3.67,,Classical,72.51,23,482.84
25.81,,1.2,Low,Sedan,Sunny,0,Urban,104.89,275.17,4.74,3.12,Pop,78.53,95,1424.03
36.62,147.26,1.2,Low,SUV,Rainy,1,Urban,115.26,54.03,4.19,4.49,Rock,42.0,35,1812.97
24.89,81.04,2.5,Low,Sedan,Sunny,1,Urban,96.36,242.94,3.43,3.19,Pop,47.71,59,2738.09
35.07,104.29,2.0,High,SUV,Sunny,0,Airport,90.05,165.41,3.96,3.9,Pop,84.02,94,3177.73
29.23,91.89,1.2,Low,Mini,Sunny,0,SemiUrban,94.65,222.61,4.68,3.32,Pop,50.62,78,1328.53
5.7,11.26,1.0,High,Mini,Sunny,1,Urban,115.26,157.49,4.98,3.78,Classical,59.32,55,561.69
36.2,137.28,1.2,High,Sedan,Rainy,0,Urban,102.45,192.33,4.29,3.07,None,84.25,28,1792.01
3.59,24.72,1.0,High,Mini,Sunny,1,SemiUrban,112.19,115.0,,4.68,Pop,81.55,78,611.95
21.82,51.88,1.5,Low,SUV,Rainy,1,SemiUrban,90.92,193.52,4.63,3.27,Classical,24.37,85,1565.95
6.54,21.82,1.0,Medium,Sedan,Sunny,0,Airport,94.39,122.7,4.62,3.37,Classical,58.75,48,723.26
1.46,32.76,1.5,Medium,Sedan,Sunny,0,Airport,107.07,120.06,4.78,3.92,Pop,20.57,19,998.45
17.46,60.33,2.0,Medium,SUV,Sunny,0,Airport,111.61,131.78,3.27,3.04,Classical,4.04,16,2233.19
12.51,55.06,1.0,Low,Sedan,Foggy,1,SemiUrban,113.64,100.19,3.73,4.84,None,10.38,39,818.22
19.95,,1.2,Medium,Sedan,,0,Urban,109.29,105.69,3.47,3.83,Pop,46.89,99,943.33
23.51,,1.2,Medium,Sedan,Rainy,0,SemiUrban,112.7,282.88,3.43,4.06,None,88.87,67,1476.41
2.71,11.84,1.0,Medium,Sedan,Sunny,0,Urban,94.97,163.61,3.73,4.74,Rock,47.74,5,421.03
5.8,18.23,2.0,High,SUV,Foggy,0,SemiUrban,109.75,203.54,3.1,4.15,None,12.62,37,1589.33
22.79,79.58,1.0,Low,SUV,Sunny,0,SemiUrban,102.76,192.94,4.7,3.16,None,14.25,26,1181.53
14.38,53.14,1.0,Low,Mini,Rainy,0,SemiUrban,117.45,116.35,4.7,4.61,Rock,62.06,92,741.86
29.44,109.12,1.5,Medium,SUV,Rainy,0,SemiUrban,108.46,50.04,4.89,4.83,Rock,85.87,28,2005.75
26.44,74.8,1.0,Low,SUV,Rainy,0,Urban,106.25,76.08,3.14,4.62,Classical,32.02,77,1080.08
33.98,99.88,1.0,Low,Sedan,,1,Urban,107.35,257.7,4.14,3.38,Classical,55.0,55,1452.76
28.01,102.46,1.2,Low,Sedan,Rainy,0,Urban,114.94,77.34,3.01,3.96,Rock,89.23,26,1442.95
17.77,51.82,1.2,High,Sedan,Rainy,1,Urban,90.34,101.69,4.18,3.6,Rock,13.25,34,1291.36
27.25,113.8,1.2,High,Mini,Sunny,0,Airport,115.81,278.21,3.19,4.2,Pop,15.65,68,1583.18
11.74,57.31,1.2,Low,Mini,Sunny,0,Airport,90.88,251.95,3.77,4.67,Pop,37.72,86,938.26
12.95,42.78,1.0,Low,SUV,Sunny,0,SemiUrban,107.48,63.32,3.65,3.8,Pop,45.34,97,706.95
31.77,118.04,1.2,Low,Sedan,Rainy,1,Urban,105.08,210.86,3.66,,Pop,22.95,7,1717.34
18.41,60.11,1.0,Medium,Mini,Sunny,0,Urban,101.11,178.92,3.38,3.02,Rock,54.96,73,853.27
32.14,131.3,2.5,Medium,Sedan,Rainy,1,SemiUrban,93.86,141.23,3.21,3.7,Classical,89.81,85,3516.19
33.07,85.31,1.0,Low,Mini,Sunny,0,SemiUrban,93.72,174.4,3.03,,Pop,88.46,81,1083.21
34.44,114.65,1.0,Medium,SUV,Rainy,1,SemiUrban,112.26,87.76,4.5,4.98,Rock,6.19,34,1428.27
36.75,106.43,2.0,Low,Sedan,Sunny,0,Urban,93.4,288.69,4.83,3.56,None,60.35,45,2810.47
17.81,43.81,2.5,High,Sedan,Sunny,1,Urban,110.62,92.87,4.79,3.35,Classical,21.51,44,2288.4
13.44,44.54,1.5,High,Mini,Sunny,1,Urban,119.71,96.52,4.27,4.79,Classical,66.41,5,1139.36
23.71,72.27,1.0,High,SUV,Sunny,0,Airport,110.46,142.21,3.24,4.13,Classical,56.85,45,1387.56
15.48,66.76,1.2,Low,SUV,Rainy,0,SemiUrban,92.26,103.15,4.14,4.99,None,22.37,40,1027.83
24.44,75.29,1.0,Medium,SUV,Sunny,0,Urban,106.26,128.21,3.2,,Classical,94.1,74,1092.79
28.52,130.69,1.5,Low,Sedan,Rainy,0,SemiUrban,115.03,59.96,4.03,3.39,Classical,47.33,25,1933.42
27.85,70.67,1.0,Medium,SUV,Sunny,0,Airport,118.64,203.57,4.72,3.71,Classical,39.2,10,1363.57
15.61,42.19,1.0,Low,Mini,Rainy,0,SemiUrban,111.83,110.28,,4.16,Pop,79.16,36,763.04
7.51,16.69,1.2,Medium,Mini,Sunny,0,Urban,99.29,292.74,4.87,3.15,Rock,29.76,44,685.1
17.79,54.74,1.0,Medium,Sedan,Sunny,1,SemiUrban,97.53,78.55,3.77,3.78,None,59.18,21,814.11
6.56,36.08,1.2,Medium,Mini,Sunny,0,Urban,,69.33,3.44,3.13,Rock,20.45,77,652.21
35.71,130.44,1.5,High,Mini,Rainy,0,Airport,112.81,93.55,4.0,4.32,Classical,6.12,83,2359.23
14.49,48.1,1.5,Medium,Sedan,Rainy,0,Airport,104.59,185.61,4.74,3.69,Rock,49.83,21,1485.65
7.02,40.64,1.0,Low,Sedan,Sunny,1,Urban,92.6,236.87,3.54,4.94,Rock,16.28,39,712.45
,0.8,2.0,Medium,SUV,Foggy,1,Airport,,189.76,3.34,3.21,Pop,36.07,94,1410.97
26.19,89.26,1.0,High,Mini,Sunny,0,SemiUrban,107.71,265.09,4.28,4.79,None,47.62,76,1129.31
,72.9,1.0,Medium,Premium,Sunny,0,Airport,90.36,198.39,4.38,3.05,None,0.59,42,1498.87
14.28,47.92,1.2,Medium,Mini,Sunny,1,Airport,109.27,84.64,3.14,4.31,Pop,34.83,38,949.56
3.8,27.45,1.0,High,Sedan,Sunny,0,Airport,93.97,96.42,3.51,4.9,Pop,44.45,4,721.07
16.98,50.62,1.0,Medium,Mini,Sunny,0,Airport,114.77,139.4,3.24,4.41,Classical,54.52,88,946.67
13.14,35.27,1.0,High,Sedan,,0,Urban,110.21,280.01,4.42,3.06,None,84.03,46,861.38
27.41,131.46,2.0,Low,Premium,Sunny,1,Airport,91.55,165.01,4.06,4.31,Classical,32.65,45,14120.15
24.63,61.97,2.0,Medium,Sedan,Rainy,0,Urban,105.95,268.54,4.79,3.58,Classical,92.22,95,2458.54
15.22,44.17,1.2,Low,Mini,Sunny,0,Urban,114.16,68.67,4.35,,Rock,33.64,54,813.5
9.5,38.97,1.0,Medium,Sedan,Sunny,0,Urban,114.9,221.68,3.55,3.9,Pop,56.44,89,867.01
39.53,155.63,1.0,Low,Sedan,Sunny,1,SemiUrban,92.56,166.81,3.68,4.24,Rock,7.8,19,1408.19
18.71,89.06,1.0,Low,Mini,Sunny,1,SemiUrban,92.37,93.27,3.84,3.05,Rock,40.21,18,783.46
27.84,93.13,1.0,Low,SUV,Sunny,0,Urban,113.25,70.4,3.2,3.56,Classical,77.76,38,1158.13
6.48,25.01,1.0,Low,Mini,Sunny,1,SemiUrban,96.98,128.82,,3.6,None,29.7,18,431.28
19.94,51.24,1.2,Low,Sedan,Sunny,0,Airport,107.82,255.15,4.4,3.9,Classical,1.12,55,1310.47
2.07,8.19,1.2,High,Mini,Sunny,0,SemiUrban,108.27,210.15,4.45,4.76,Rock,92.85,88,597.64
20.71,58.91,1.0,Low,Mini,Sunny,0,Airport,108.89,165.52,4.32,3.74,None,0.68,47,972.02
38.6,92.14,1.5,Medium,SUV,Sunny,1,SemiUrban,100.14,261.37,3.89,4.41,Classical,26.64,5,2197.3
15.98,36.62,1.5,Low,Mini,Rainy,0,Urban,91.2,95.26,3.76,3.71,None,90.22,27,1039.56
2.52,18.32,1.2,Low,Mini,Sunny,0,Urban,106.12,119.75,4.1,3.4,None,13.76,23,442.92
2.21,10.67,1.0,High,Sedan,Sunny,1,SemiUrban,105.45,188.52,4.48,3.93,Pop,85.94,5,571.06
16.13,46.46,2.0,High,Mini,Rainy,1,Airport,102.99,197.41,3.71,3.49,Pop,95.6,9,2109.36
7.24,34.03,1.2,High,Sedan,Sunny,0,Airport,98.39,130.23,3.99,3.11,Pop,62.31,71,895.35
1.91,14.19,1.0,Medium,Sedan,Rainy,0,Urban,115.29,176.08,4.3,3.43,None,33.24,1,693.43
30.49,78.27,1.2,Low,Premium,Sunny,0,Airport,101.1,79.99,3.55,3.17,None,30.85,76,1716.38
18.88,57.45,1.0,Low,SUV,Rainy,0,Urban,93.8,52.76,4.67,3.09,Rock,13.86,37,951.08
12.28,53.01,1.2,Medium,Premium,Sunny,0,SemiUrban,112.74,276.27,3.43,4.48,None,90.18,27,1204.4
36.1,135.51,1.2,High,Sedan,Sunny,0,SemiUrban,109.09,160.38,4.73,4.39,None,79.39,91,1679.38
5.53,15.89,1.2,High,Mini,Sunny,0,SemiUrban,99.27,107.77,3.01,3.31,None,22.32,38,638.44
38.28,115.26,1.5,Low,Mini,Sunny,0,Urban,94.53,132.46,4.29,3.08,Classical,66.86,59,1881.12
13.24,46.42,1.2,Low,SUV,Rainy,0,SemiUrban,103.19,179.41,3.95,3.05,None,59.26,42,1120.6
35.65,122.45,1.0,Low,Sedan,Sunny,0,Airport,91.98,286.61,3.49,4.46,None,14.12,72,1499.84
24.51,104.04,1.0,Medium,Mini,Sunny,1,Urban,96.68,230.24,,,Classical,23.83,80,1060.13
33.24,83.11,1.0,Low,SUV,Sunny,1,Airport,118.92,287.05,3.43,3.86,None,13.52,21,1589.83
39.38,149.76,1.0,Medium,Mini,Sunny,0,SemiUrban,94.51,78.02,,3.13,Rock,53.9,13,1233.94
12.25,,1.0,High,Sedan,Rainy,0,Urban,98.25,94.57,4.12,4.6,None,19.37,88,851.26
38.48,101.92,1.2,Medium,SUV,Sunny,0,Urban,94.17,140.76,4.91,3.58,Rock,98.36,34,1724.14
16.19,70.76,1.0,Low,Sedan,,0,Urban,,111.08,4.28,3.84,Classical,27.6,17,926.84
16.03,50.45,1.5,Low,Mini,Sunny,0,SemiUrban,117.75,289.26,3.14,3.88,Rock,72.29,89,1196.34
14.28,54.82,1.5,Medium,Sedan,Sunny,0,Urban,91.78,92.8,3.83,4.76,Classical,32.66,49,1167.71
22.11,37.36,1.0,Medium,Mini,Sunny,0,Urban,116.95,92.48,4.73,4.67,Classical,35.75,76,703.02
7.01,31.41,1.2,Medium,Sedan,Sunny,0,SemiUrban,94.27,171.91,4.52,,Classical,31.12,89,797.16
22.59,94.14,2.5,Low,Sedan,Sunny,1,SemiUrban,101.92,224.22,3.1,3.15,None,10.84,24,2600.32
22.13,80.11,1.0,High,SUV,Sunny,0,Airport,107.59,144.82,4.17,4.11,Pop,92.75,86,1165.23
30.71,95.82,2.0,Medium,Mini,Foggy,0,Airport,103.87,60.93,3.23,3.55,None,77.89,56,2423.38
33.51,,1.2,High,SUV,Foggy,0,Airport,94.08,241.46,3.2,3.62,None,23.7,45,1962.0
18.18,37.55,1.2,Low,Sedan,Sunny,0,Urban,113.75,286.36,4.92,4.76,Pop,30.75,93,1055.56
12.79,26.67,1.0,Low,Sedan,Sunny,0,SemiUrban,110.62,252.62,4.4,4.47,None,44.11,96,801.66
,37.14,1.5,Low,Mini,Foggy,0,Airport,118.24,260.02,3.22,3.78,Rock,77.46,36,1287.55
8.59,42.59,1.2,High,Mini,Rainy,0,Airport,100.59,261.98,3.68,4.29,Pop,87.64,43,1091.71
3.25,,1.5,Low,Sedan,Sunny,1,SemiUrban,102.91,239.88,4.36,3.38,Rock,76.79,33,710.76
14.36,49.72,1.5,Low,Premium,Sunny,0,Urban,100.49,251.36,4.81,4.33,Rock,95.01,35,1616.37
11.54,54.84,1.2,Low,Sedan,Rainy,0,SemiUrban,91.89,69.17,3.13,3.13,None,76.12,29,891.93
38.69,144.89,1.0,Medium,SUV,Sunny,0,SemiUrban,,63.65,3.17,4.31,Classical,22.4,88,1461.7
22.75,54.53,1.0,High,Sedan,Sunny,0,SemiUrban,112.84,68.81,3.22,4.77,None,37.86,68,957.4
14.54,49.11,1.0,High,SUV,Sunny,1,Urban,98.55,197.88,4.09,4.16,Pop,74.25,13,968.27
23.64,60.48,2.0,Medium,Mini,,0,Airport,104.61,110.31,3.93,3.68,Rock,12.66,78,2027.69
6.43,26.95,1.0,High,SUV,Sunny,1,Airport,119.37,57.04,3.33,4.12,Rock,22.98,86,790.63
18.32,56.63,1.0,Low,SUV,Sunny,0,Urban,90.53,69.14,4.07,3.66,Classical,98.2,30,890.79
25.42,85.45,1.0,High,SUV,Foggy,0,SemiUrban,105.53,67.13,3.68,3.58,Classical,66.49,66,1211.81
20.07,58.08,2.0,Medium,SUV,Rainy,0,SemiUrban,105.55,206.88,3.34,3.01,Rock,17.82,53,2227.41
16.67,55.26,1.2,Medium,Mini,Sunny,0,Airport,119.96,85.72,3.07,3.5,Classical,9.23,42,1094.39
39.76,88.92,2.5,Low,Sedan,Sunny,0,Airport,115.03,261.44,3.2,4.79,Pop,96.23,94,3857.36
35.33,138.14,1.5,Low,Mini,Rainy,1,SemiUrban,92.0,298.17,3.77,3.36,Pop,49.88,27,2045.38
25.31,103.65,2.0,Low,Mini,Sunny,0,Urban,94.71,160.3,4.03,4.27,Rock,42.09,67,2049.38
23.21,101.0,1.0,Low,Mini,Sunny,0,Airport,91.02,184.41,3.45,4.23,Classical,79.64,26,983.72
25.21,58.17,1.0,Medium,Mini,Rainy,0,Urban,95.91,114.98,4.56,3.45,Classical,66.92,61,965.3
,41.14,1.0,Low,Sedan,Sunny,0,Urban,96.37,213.89,4.14,4.54,Rock,55.81,43,681.03
16.41,42.07,1.2,Low,Sedan,Sunny,1,SemiUrban,92.7,278.75,4.54,3.88,Classical,22.89,77,927.63
2.54,7.74,1.5,High,Mini,Rainy,1,Urban,105.82,95.2,3.8,4.59,None,55.53,93,721.06
19.55,67.22,1.0,High,Sedan,Sunny,1,SemiUrban,119.25,288.3,4.78,3.02,Classical,54.03,24,5273.33
22.18,70.64,1.0,High,Mini,Rainy,1,Urban,114.11,105.34,4.6,3.3,Pop,10.15,85,1114.63
9.88,38.12,1.2,Medium,Mini,Sunny,0,Airport,96.1,116.48,4.11,3.75,None,50.13,91,829.83
38.6,128.81,1.0,Medium,Sedan,Foggy,1,SemiUrban,113.49,277.89,4.37,3.95,Classical,60.25,11,1489.76
36.47,93.65,1.2,High,Mini,Rainy,0,SemiUrban,119.47,198.34,3.3,4.09,Pop,73.1,30,1615.3
29.16,,1.0,Medium,Sedan,Foggy,0,SemiUrban,115.06,57.92,4.54,4.58,Classical,55.54,3,1165.49
21.8,71.1,1.2,Low,Mini,Rainy,0,SemiUrban,104.06,250.74,4.21,4.81,Pop,56.01,99,1196.63
34.93,93.13,1.2,Low,Sedan,Sunny,0,Airport,98.08,210.51,3.4,3.63,None,56.68,74,1650.08
,8.81,1.2,Low,Mini,Foggy,0,SemiUrban,,235.77,3.55,4.77,Pop,27.07,87,591.61
31.83,88.46,1.0,High,Mini,Rainy,0,SemiUrban,113.59,90.44,4.83,3.53,None,87.57,99,1202.7
5.87,30.43,1.0,Medium,Mini,Sunny,0,Airport,98.91,268.23,3.39,3.14,Classical,61.77,8,696.17
31.97,,1.5,Medium,SUV,Sunny,1,Urban,96.73,245.71,3.87,4.16,Rock,68.28,29,1972.72
11.75,42.16,1.5,Low,Mini,Sunny,0,Airport,110.16,289.36,4.68,4.33,Classical,50.27,48,1329.59
35.21,137.05,1.2,Low,Mini,Sunny,1,Urban,116.65,152.2,3.63,3.59,None,14.66,37,1552.36
37.82,94.3,1.2,Medium,Mini,Sunny,1,SemiUrban,90.62,179.59,,3.34,Pop,16.0,26,1499.3
6.8,37.31,1.0,Medium,Sedan,Rainy,0,SemiUrban,119.61,225.43,3.99,3.19,Rock,46.01,12,760.46
19.04,69.91,2.0,Medium,Mini,Sunny,0,Urban,,76.1,3.38,3.88,Rock,87.11,19,1623.34
39.26,102.81,1.5,Low,Mini,Sunny,0,SemiUrban,100.48,102.59,4.97,3.82,None,12.12,27,1824.53
19.85,67.87,1.2,Medium,Premium,Rainy,0,Airport,91.59,122.06,,3.57,Classical,50.28,53,1600.85
34.68,86.21,2.0,High,Mini,,0,Airport,91.67,286.28,,3.44,None,3.97,21,2879.62
23.96,65.63,1.0,High,Sedan,Sunny,0,Airport,98.18,50.34,3.88,3.08,Classical,87.18,28,1105.59
15.64,59.79,1.2,Low,Premium,Sunny,0,Urban,106.95,298.49,4.23,4.38,Pop,26.15,71,1462.15
,65.04,2.5,Medium,Mini,Sunny,0,Urban,117.03,148.9,3.71,3.78,Rock,35.13,58,1929.23
8.93,25.76,1.0,Low,Sedan,Sunny,0,Urban,92.1,212.07,3.43,3.43,None,16.41,63,667.72
30.71,83.52,1.0,Medium,Mini,Foggy,0,SemiUrban,106.38,152.68,3.52,4.03,Rock,31.37,75,1097.74
,36.31,1.5,Medium,SUV,Rainy,0,Urban,102.48,246.01,3.22,4.76,Classical,39.29,27,1601.0
20.94,36.17,1.0,Low,SUV,Sunny,0,Airport,119.68,287.65,4.79,3.46,None,15.99,78,1091.39
20.2,92.06,2.0,Medium,Mini,Foggy,0,Urban,95.61,161.94,4.9,4.23,Classical,28.18,70,1894.62
23.51,64.06,1.0,Medium,Mini,Sunny,0,Airport,101.09,95.05,3.49,4.84,Classical,68.46,49,995.32
34.76,112.16,1.2,High,Sedan,Sunny,1,SemiUrban,91.0,105.52,4.96,3.76,Classical,86.73,71,1628.88
39.25,141.95,1.0,Low,Premium,Sunny,0,Urban,117.43,116.45,4.1,4.9,Rock,64.8,44,1787.9
16.9,85.11,1.0,Low,Mini,Sunny,1,Airport,108.67,105.39,3.48,3.03,Classical,96.28,99,955.5
,110.57,2.0,Medium,Premium,Foggy,0,Airport,107.64,53.31,4.01,3.24,Rock,24.58,58,3346.27
30.82,,1.5,Medium,SUV,Rainy,1,Urban,91.46,265.48,,4.07,Classical,36.15,41,2051.34
23.37,59.38,1.0,Medium,Mini,Rainy,0,SemiUrban,92.97,220.23,3.28,4.0,Pop,32.91,9,1074.56
38.29,130.15,1.0,High,SUV,Foggy,0,Urban,113.71,178.94,3.45,,Rock,53.02,79,1574.54
8.82,24.87,1.5,Medium,Mini,Sunny,0,SemiUrban,106.48,86.73,4.83,3.29,None,71.3,68,729.58
,25.21,1.5,Medium,Sedan,Rainy,0,Airport,95.97,60.18,4.9,4.98,None,21.18,42,981.4
34.3,109.17,1.5,High,Mini,Sunny,0,Urban,106.49,146.16,3.82,4.7,Pop,82.43,96,1967.49
18.13,78.8,1.2,Medium,Sedan,Foggy,0,Urban,119.04,51.33,3.48,3.45,Rock,33.88,57,1204.22
34.03,68.2,1.0,Low,Sedan,Sunny,0,Airport,93.11,64.28,3.65,3.74,Pop,46.29,73,1249.08
35.83,138.37,2.0,Medium,Sedan,Sunny,0,SemiUrban,119.11,68.35,,3.24,Rock,83.6,13,2758.12
3.44,9.29,1.5,Medium,Sedan,Sunny,0,Urban,113.25,253.95,4.11,4.82,None,32.78,78,850.25
35.46,154.23,1.2,Low,Sedan,Sunny,1,Urban,94.33,231.55,3.34,3.77,Rock,67.02,94,1845.28
18.48,61.83,1.2,Low,Premium,Sunny,1,Urban,114.44,127.37,4.15,3.08,None,46.36,65,1452.5
20.91,65.76,1.2,Low,SUV,Sunny,1,SemiUrban,112.32,125.97,3.74,4.16,Rock,27.35,49,1265.45
25.44,107.35,1.5,Low,Sedan,Sunny,0,Airport,107.22,136.09,4.25,3.52,Rock,44.79,71,1857.88
37.13,108.86,1.5,High,Mini,Sunny,0,Airport,113.23,191.38,4.13,3.77,Pop,75.92,28,2242.25
1.75,2.41,2.0,Low,Mini,Sunny,0,Airport,,265.04,3.92,3.94,Rock,66.81,76,1052.34
19.6,96.83,1.2,Low,Mini,Sunny,0,SemiUrban,111.65,169.26,3.24,3.15,None,75.47,57,1069.53
27.82,88.47,1.2,Medium,Sedan,Sunny,0,SemiUrban,109.23,87.12,3.31,3.98,None,31.36,43,1322.76
29.19,98.68,2.0,Medium,Sedan,Sunny,0,Airport,98.54,89.64,3.69,3.58,None,77.06,98,2514.85
28.01,69.57,1.0,Medium,Sedan,Sunny,0,Urban,110.71,64.25,4.48,,Classical,40.47,37,1051.45
6.24,30.18,1.0,Low,Premium,Sunny,0,SemiUrban,110.37,235.09,3.67,3.51,Rock,53.69,82,898.93
12.68,,1.2,High,Mini,Sunny,0,Airport,97.17,149.81,3.56,4.89,Rock,87.86,24,1034.07
14.99,36.48,2.0,Medium,Sedan,Sunny,0,Airport,94.43,279.51,4.59,4.48,Classical,71.77,68,1949.58
32.37,68.62,1.0,Medium,SUV,Rainy,0,Urban,100.87,127.52,4.74,3.24,Classical,71.54,53,6700.45
11.87,47.77,1.0,High,Sedan,Rainy,0,Urban,101.97,249.58,4.45,3.28,None,49.95,14,917.11
,22.69,1.0,Low,Sedan,Foggy,0,SemiUrban,114.72,173.8,3.9,3.72,None,57.98,10,623.82
38.34,88.99,1.0,High,SUV,Sunny,0,SemiUrban,103.08,262.16,3.42,3.05,Rock,75.46,20,1590.12
1.35,12.43,1.0,Medium,Sedan,,1,Airport,112.1,190.32,4.99,3.1,Pop,0.41,97,661.44
39.92,92.91,1.2,High,SUV,Foggy,1,SemiUrban,103.88,98.1,3.68,4.44,Classical,41.33,42,1906.46
27.4,59.76,2.0,Low,SUV,Sunny,0,Urban,92.01,250.28,3.87,3.65,Rock,29.94,66,2410.7
,113.88,1.2,High,Sedan,Sunny,1,SemiUrban,109.58,51.41,4.04,3.41,None,25.56,36,1592.7
12.49,27.13,1.0,Medium,Mini,Rainy,0,SemiUrban,116.86,176.08,4.13,3.74,Rock,82.9,80,712.84
1.56,11.79,2.0,Medium,SUV,Sunny,0,SemiUrban,105.55,98.96,3.04,4.97,Rock,47.67,31,1098.64
29.78,67.72,1.2,Medium,SUV,Rainy,0,SemiUrban,111.06,134.51,4.79,4.8,Classical,4.99,62,1556.81
33.53,106.04,1.0,High,Mini,Sunny,1,Urban,113.37,152.27,4.76,3.51,Classical,97.6,44,1260.39
29.88,112.73,1.0,Medium,Sedan,Sunny,1,SemiUrban,104.02,189.99,3.25,3.15,Classical,14.66,93,1284.86
6.57,28.8,1.5,Medium,Sedan,Sunny,1,Urban,97.49,138.64,4.7,,Rock,43.35,79,956.82
30.38,75.65,1.5,Medium,SUV,Sunny,0,SemiUrban,115.8,211.19,3.31,3.02,None,63.18,90,1945.62
30.99,72.65,1.2,Low,Mini,Rainy,0,Airport,114.86,96.86,3.49,3.44,None,56.43,34,1513.23
26.68,73.59,1.0,Low,Sedan,Rainy,0,SemiUrban,115.78,247.48,4.04,4.25,Pop,43.53,52,1189.79
30.88,95.43,1.5,Medium,Sedan,Sunny,0,Urban,114.77,200.46,4.95,3.18,None,30.45,42,1957.78
33.99,142.02,1.0,Low,Sedan,Sunny,0,Urban,93.99,137.94,3.96,3.34,Rock,56.9,22,1282.14
24.93,59.7,1.5,High,Premium,Rainy,0,Airport,102.44,182.97,3.77,3.86,Pop,85.55,71,2305.33
4.46,24.42,1.2,Medium,Premium,Rainy,0,Airport,95.75,150.99,4.04,4.43,None,24.0,69,1319.03
,67.62,1.0,Medium,Mini,Sunny,1,Urban,94.66,268.73,3.47,4.05,Pop,6.3,58,958.82
4.03,11.61,1.0,Low,Mini,Rainy,1,Urban,113.44,186.59,4.86,4.47,Classical,35.77,41,580.6
16.89,52.29,1.0,Medium,Mini,Foggy,0,SemiUrban,104.44,247.15,4.87,,Classical,74.74,59,846.03
16.88,61.87,1.0,High,Sedan,Sunny,0,Urban,92.72,248.73,4.35,3.32,Rock,99.13,51,1026.14
3.57,25.29,1.0,Medium,Sedan,Foggy,1,Urban,102.18,233.49,3.31,4.78,Rock,65.09,94,631.51
14.6,47.67,1.2,Low,Sedan,Rainy,1,Airport,119.8,237.7,3.97,4.92,Classical,50.93,97,1240.6
5.33,8.67,1.2,Low,Mini,Rainy,0,Urban,96.37,106.13,3.76,4.64,None,7.68,53,662.24
32.52,87.99,1.2,Medium,Mini,Sunny,1,Airport,101.91,267.76,4.99,4.44,Rock,34.12,85,1596.71
37.96,136.0,1.2,Medium,Mini,Rainy,0,SemiUrban,107.84,226.95,3.1,,Pop,5.66,81,1736.39
3.82,14.07,1.5,Low,Sedan,Sunny,1,Airport,95.99,63.49,3.52,5.0,Rock,42.02,94,778.86
38.25,126.98,2.0,Medium,Sedan,Rainy,0,SemiUrban,119.03,211.91,,3.42,None,49.05,2,3069.4
21.38,86.28,1.0,High,Mini,Sunny,1,Airport,109.05,170.5,,3.82,Rock,27.47,26,1147.22
12.68,48.45,1.2,Low,Mini,Sunny,1,Airport,96.88,85.6,4.46,4.26,Rock,6.99,91,809.61
4.0,19.83,1.0,Medium,SUV,Rainy,0,SemiUrban,103.4,168.27,4.91,4.09,None,42.71,67,750.12
20.52,76.72,1.0,High,SUV,Sunny,0,Urban,100.83,280.59,3.42,4.98,Pop,97.1,48,1265.4
,111.95,1.2,High,Mini,Rainy,1,Airport,93.67,269.01,3.21,4.19,None,32.19,3,1697.89
28.58,68.74,1.2,Low,Sedan,Rainy,0,Urban,98.54,71.59,,3.44,Classical,31.41,57,1401.96
2.96,12.8,1.5,Low,Mini,Rainy,0,Urban,106.61,160.13,3.87,4.13,Classical,14.83,41,691.31
3.84,15.67,1.0,High,Mini,,0,Urban,92.64,177.39,3.66,3.65,Classical,55.59,89,407.91
16.71,44.88,1.0,Low,SUV,Foggy,0,SemiUrban,91.45,222.77,4.55,4.33,None,53.6,18,969.86
12.52,64.19,2.0,Medium,Mini,Rainy,0,Airport,106.24,241.65,4.1,3.08,Pop,38.62,79,2009.17
10.06,57.08,1.0,Medium,Sedan,Sunny,0,Airport,103.02,257.12,3.64,3.55,None,89.4,97,964.17
11.96,27.51,1.0,Medium,SUV,Sunny,0,Urban,,199.09,4.08,4.1,Classical,9.41,44,791.13
32.34,108.03,1.0,Low,Sedan,Foggy,0,Airport,111.38,270.55,,4.55,None,92.12,56,1552.52
37.24,87.67,2.5,High,Sedan,Sunny,0,Urban,92.64,189.13,3.52,4.67,Classical,41.17,48,3547.02
16.8,79.96,1.0,Low,Mini,Sunny,0,SemiUrban,98.11,55.77,3.9,4.83,Classical,13.59,17,656.63
36.34,147.1,1.2,Medium,Mini,Sunny,0,SemiUrban,93.04,164.66,3.58,3.76,Pop,56.36,75,1673.44
13.54,20.83,1.5,Medium,SUV,Sunny,0,Airport,111.83,90.29,4.15,4.17,Rock,67.98,70,1377.04
19.58,52.74,1.2,Low,Mini,Foggy,1,Urban,108.98,193.52,4.8,4.17,Pop,27.94,54,1010.79
9.82,25.86,1.5,Low,Mini,Sunny,0,SemiUrban,95.65,220.2,,4.8,None,83.7,15,915.17
25.98,88.95,1.2,High,Mini,Sunny,1,Airport,106.72,220.26,3.39,4.69,Pop,1.12,48,1561.05
39.18,89.62,2.5,Medium,Mini,Rainy,0,Urban,110.89,172.61,3.26,3.85,Pop,34.88,69,3416.1
24.54,74.08,1.5,Medium,Sedan,Sunny,0,Urban,91.03,229.23,3.07,4.19,Pop,87.79,34,1681.26
14.95,44.57,1.0,Medium,SUV,Sunny,0,Airport,109.9,78.58,,4.83,Pop,67.77,76,993.68
26.26,60.52,1.0,Low,Premium,Rainy,0,Urban,99.35,286.94,,5.0,None,22.38,43,1447.44
5.79,30.07,2.0,Medium,Sedan,Foggy,1,Airport,94.06,260.8,3.85,4.48,Classical,45.42,49,1607.15
35.66,149.92,1.2,Low,Mini,Sunny,0,Airport,114.63,263.76,3.53,3.14,Pop,26.8,97,1830.49
20.62,68.26,1.2,Medium,Mini,Rainy,1,SemiUrban,108.18,58.26,3.86,4.78,None,47.36,70,1102.07
18.52,,1.5,Low,Mini,Sunny,0,SemiUrban,106.4,107.34,3.7,3.96,Rock,83.75,81,1217.24
23.85,75.87,1.2,High,Mini,Sunny,1,Airport,115.09,74.82,4.49,3.7,Pop,5.05,90,1391.75
25.37,62.11,1.0,Medium,Sedan,Sunny,1,Urban,97.95,266.35,4.41,3.58,Pop,24.57,64,1176.11
3.8,14.77,1.0,Low,SUV,Sunny,0,SemiUrban,90.42,237.48,3.89,4.61,Rock,3.14,22,579.29
27.62,116.19,1.2,Low,Sedan,Sunny,0,Urban,118.46,74.04,4.31,4.8,None,99.14,61,1328.23
10.44,55.54,1.0,Low,SUV,Sunny,0,Airport,97.88,150.52,4.18,4.37,None,15.93,90,950.92
28.84,101.33,1.0,High,Sedan,Sunny,0,Airport,109.0,177.98,4.28,3.12,Pop,28.17,42,1323.87
33.08,135.99,1.5,Low,Sedan,Rainy,0,Urban,119.31,228.78,4.52,4.97,Rock,85.32,35,2291.19
32.35,135.0,1.0,Medium,SUV,Rainy,0,SemiUrban,97.01,123.35,3.18,4.12,Rock,51.15,77,1499.82
22.55,68.42,1.0,Low,Sedan,Rainy,0,SemiUrban,119.78,122.61,4.66,4.65,None,94.43,53,1015.19
21.29,60.65,1.5,High,Sedan,Sunny,0,SemiUrban,106.16,182.91,3.57,4.44,Classical,59.02,49,1512.05
6.57,20.51,1.2,Medium,Mini,Sunny,0,SemiUrban,118.77,181.39,3.76,3.67,Rock,72.2,69,601.21
31.24,71.42,1.0,Low,Mini,Sunny,0,Urban,92.58,78.04,3.55,4.84,Pop,61.71,22,992.52
,40.07,1.5,Medium,SUV,,1,SemiUrban,105.93,228.17,4.65,3.61,None,73.74,35,1311.78
20.37,67.13,1.2,High,Mini,Rainy,1,Urban,118.33,94.63,4.74,,Classical,26.84,70,1217.56
12.09,32.5,1.0,Medium,Sedan,Sunny,0,SemiUrban,94.67,262.46,3.28,4.97,Rock,33.23,73,687.04
6.22,19.05,1.0,Medium,Sedan,Foggy,0,SemiUrban,98.26,243.3,4.04,3.09,Pop,60.32,87,656.02
25.55,76.34,1.0,Low,Sedan,Sunny,0,Urban,96.37,295.23,3.76,3.26,None,86.05,49,1112.95
3.12,0.17,1.5,Low,Mini,Sunny,0,Urban,118.96,92.77,3.36,3.47,None,22.87,93,534.06
30.2,101.06,1.2,Low,Mini,Sunny,0,Urban,,286.13,4.11,3.74,Classical,95.71,48,1455.09
13.39,26.09,1.2,Medium,Sedan,Sunny,0,Airport,93.63,233.17,3.73,4.31,Pop,44.75,11,1060.64
1.01,-5.17,2.0,Medium,Sedan,Sunny,0,Urban,113.9,270.31,4.43,3.73,Rock,13.5,37,1072.34
20.93,61.75,1.0,High,Mini,Sunny,0,Airport,105.41,58.57,4.67,4.87,Pop,87.19,49,1003.55
2.83,,1.0,Medium,Premium,Rainy,1,Urban,107.7,130.23,3.03,3.95,Rock,92.78,16,908.25
11.77,60.22,1.0,Low,SUV,Sunny,1,Urban,108.2,57.37,4.1,,Rock,82.29,69,797.65
28.57,112.1,1.0,Medium,Sedan,Rainy,1,Urban,108.39,95.48,4.16,4.25,None,43.51,19,1291.78
3.44,16.03,1.2,Medium,Sedan,Sunny,0,Airport,103.63,271.07,3.64,3.85,Rock,94.33,93,865.51
,,1.2,Medium,Mini,Sunny,0,Airport,119.27,152.71,4.61,4.27,Classical,33.22,30,1595.12
1.15,0.41,1.0,Medium,Premium,Sunny,0,Airport,95.22,217.88,4.82,3.18,Pop,8.86,74,866.81
10.63,32.93,1.0,Low,Premium,Sunny,0,Urban,118.74,170.98,4.53,4.0,Pop,34.37,31,1030.18
29.9,71.87,1.0,Low,Sedan,Rainy,0,Urban,98.77,168.41,4.05,3.66,Pop,36.57,76,1232.4
13.33,56.56,2.5,Medium,Sedan,Rainy,1,Airport,95.7,212.45,3.02,3.4,Pop,80.11,19,2586.84
4.97,20.35,1.2,Low,Sedan,Rainy,0,Airport,108.77,158.7,,3.08,Rock,71.51,93,925.66
15.05,31.13,1.2,Medium,Sedan,Sunny,0,Urban,116.76,55.18,4.39,4.56,Pop,62.11,85,895.74
11.55,32.55,1.0,Low,Sedan,Foggy,1,SemiUrban,,250.13,3.32,3.24,Rock,19.25,71,773.42
101.61,169.11,1.0,High,Sedan,Sunny,1,Airport,92.26,118.36,4.55,3.34,Rock,79.99,90,4019.93
13.22,57.51,1.0,High,Mini,Sunny,0,Urban,106.1,217.85,4.23,3.34,Classical,3.2,6,813.98
31.77,102.42,2.5,High,Sedan,Foggy,0,SemiUrban,119.56,214.54,3.66,4.96,Rock,21.92,45,3461.76
35.78,137.47,1.5,High,Sedan,Foggy,0,SemiUrban,,86.15,4.7,3.51,Classical,54.9,62,2172.41
17.92,68.47,1.2,High,Mini,Sunny,0,Airport,90.6,91.16,4.29,3.37,Pop,47.6,94,1285.88
36.49,99.66,1.2,Medium,SUV,Sunny,0,Urban,105.03,161.95,3.61,4.94,Classical,69.05,85,1751.98
15.72,52.21,1.2,High,Sedan,Sunny,1,Urban,101.51,135.45,3.39,4.25,Rock,79.3,19,1075.33
38.6,104.82,1.0,Medium,Sedan,Sunny,0,Airport,92.0,118.35,3.31,4.36,Classical,86.5,29,1465.2
4.48,11.54,1.0,High,Mini,Rainy,0,Airport,116.24,127.32,4.97,4.63,Pop,96.49,84,755.03
27.79,118.5,1.2,Low,Sedan,,0,Urban,108.56,113.61,4.74,4.09,None,55.34,48,1393.05
20.26,56.58,1.0,Medium,SUV,Rainy,0,SemiUrban,94.63,77.69,4.38,4.09,Pop,58.05,42,1024.39
16.12,47.16,1.0,High,Sedan,,0,Airport,117.78,71.97,3.94,5.0,Pop,56.07,79,971.15
25.68,71.33,1.2,Medium,Sedan,Rainy,0,Urban,107.29,270.01,4.7,4.38,Pop,89.62,71,1524.81
28.45,63.27,2.0,Low,Sedan,Sunny,0,SemiUrban,110.68,253.72,4.41,4.42,Pop,77.24,66,2246.81
1.17,12.89,2.0,Medium,Mini,Foggy,1,SemiUrban,107.5,173.57,4.11,3.18,None,49.73,50,844.77
7.51,4.29,1.0,Medium,Mini,Rainy,1,SemiUrban,119.35,129.95,4.56,3.23,Pop,68.42,63,466.99
28.81,114.62,1.0,Medium,Mini,Sunny,0,SemiUrban,,221.68,3.24,4.02,Rock,30.49,62,1216.28
26.99,71.65,1.2,Medium,Sedan,Sunny,1,SemiUrban,90.5,77.29,4.75,4.46,Rock,16.63,36,1250.86
38.68,125.66,1.5,Low,Sedan,Sunny,0,Urban,90.44,75.39,3.26,4.51,Rock,4.73,10,1983.53
30.68,116.91,2.5,High,Sedan,Sunny,1,Urban,104.65,85.28,4.81,4.57,None,41.47,54,3279.7
38.08,121.27,2.0,Medium,Mini,Foggy,1,SemiUrban,99.42,223.02,3.44,4.43,Pop,37.24,43,2756.74
28.4,,1.2,Low,Mini,Sunny,0,Urban,106.17,255.39,,3.23,Pop,75.86,16,1335.98
12.62,49.23,1.0,High,Mini,Rainy,0,Urban,100.15,184.07,4.52,4.67,Classical,50.34,73,869.81
5.11,11.22,1.0,Low,Mini,Sunny,0,Urban,,92.16,3.23,4.53,Classical,17.11,49,463.65
31.49,112.78,1.0,Low,Sedan,Sunny,0,Airport,95.09,134.2,4.95,3.75,Rock,9.81,76,1304.38
26.12,101.66,1.2,High,Mini,Sunny,0,SemiUrban,91.72,255.73,4.5,3.82,Pop,7.95,46,1395.32
2.88,26.49,1.0,High,Sedan,Rainy,0,SemiUrban,,178.15,3.52,4.11,Pop,1.78,92,671.61
15.04,52.56,1.5,Low,Premium,Sunny,1,Urban,94.17,162.78,4.78,4.99,None,7.46,15,1585.13
38.32,117.11,1.5,Low,Mini,Sunny,0,Urban,107.75,214.77,3.08,4.49,Rock,75.38,5,2007.78
20.52,50.67,1.0,Low,SUV,Sunny,1,Urban,104.17,138.68,3.02,4.68,Rock,77.35,69,973.6
17.88,59.76,2.0,High,Sedan,Sunny,1,Airport,111.24,51.08,3.65,3.41,Rock,35.5,68,2025.94
18.85,76.13,1.2,High,SUV,Sunny,1,Airport,92.18,285.19,3.2,4.01,None,3.3,55,1496.17
9.15,41.55,2.0,Medium,Mini,Rainy,0,SemiUrban,112.63,227.65,4.64,4.13,Classical,12.88,8,1378.89
15.38,38.36,2.0,Low,SUV,Sunny,0,SemiUrban,98.3,289.51,3.77,3.09,Pop,50.74,58,1848.9
15.42,45.63,1.0,Low,Premium,Sunny,0,Airport,110.14,262.51,4.24,3.22,Classical,97.7,54,1266.24
3.04,14.62,1.0,High,SUV,Sunny,1,Airport,98.73,143.48,4.65,3.43,Pop,12.24,5,868.52
30.94,85.18,1.0,Low,SUV,Sunny,0,Airport,115.01,144.65,3.31,4.77,Classical,15.43,83,1362.54
,42.31,1.5,Medium,Mini,Rainy,0,SemiUrban,115.02,86.05,4.95,,Rock,40.49,44,1174.17
33.07,,1.2,Medium,Mini,Rainy,0,SemiUrban,99.19,251.82,4.3,3.97,Rock,61.56,91,1512.53
34.16,72.42,2.0,Low,SUV,Rainy,0,SemiUrban,117.29,204.93,3.13,4.57,Pop,39.19,7,2796.02
9.27,33.48,1.0,Low,Mini,Rainy,1,Urban,99.63,113.95,4.08,4.04,Rock,62.61,6,580.11
26.64,108.12,1.2,Low,Mini,Sunny,0,SemiUrban,116.87,290.01,4.74,4.84,Rock,6.52,56,1331.21
19.42,68.27,2.5,Medium,Mini,Foggy,0,Urban,95.79,241.95,4.8,3.57,Pop,17.89,19,2388.33
35.33,111.57,1.2,High,Sedan,Sunny,0,SemiUrban,98.64,270.65,4.5,3.24,Classical,7.08,38,1743.61
9.41,33.27,1.0,Medium,Sedan,Rainy,1,SemiUrban,116.53,93.51,4.94,3.1,Pop,87.51,97,742.63
27.43,89.19,1.2,Low,Premium,Sunny,1,SemiUrban,92.42,198.14,4.0,3.88,Rock,79.87,97,1633.09
24.7,77.92,1.0,Medium,SUV,Sunny,0,Urban,111.05,297.72,3.81,,Pop,26.68,62,1217.36
12.52,34.41,1.0,Low,Sedan,Sunny,0,Airport,110.46,137.36,3.44,,None,75.41,69,3141.84
6.33,30.16,1.0,Low,Sedan,Sunny,0,Urban,119.16,150.84,3.92,4.76,Pop,81.08,80,587.09
26.41,106.71,1.0,Medium,Sedan,Sunny,0,SemiUrban,119.17,184.28,4.71,3.86,Classical,85.11,47,1181.59
29.81,63.57,1.5,High,Mini,Sunny,1,Airport,104.41,61.13,3.11,3.03,None,43.3,10,1733.22
13.31,38.3,1.0,High,SUV,Rainy,0,Urban,109.75,106.46,3.45,3.19,Classical,96.89,51,985.94
26.15,57.37,1.5,Medium,Sedan,Rainy,1,Airport,94.67,130.72,4.94,3.43,None,89.23,7,1802.14
16.41,44.6,1.0,Medium,Sedan,Sunny,0,Urban,96.78,52.32,4.58,3.78,Rock,70.97,16,726.68
28.82,,1.0,High,Mini,Sunny,0,Airport,,128.93,3.56,,None,3.19,30,1326.36
8.77,33.02,1.0,Medium,Sedan,Rainy,1,SemiUrban,97.13,186.33,4.68,4.71,Classical,73.72,62,737.61
35.72,107.82,1.0,Medium,Mini,Sunny,0,Urban,96.51,54.82,3.29,5.0,Pop,62.83,37,1198.97
12.21,52.36,1.0,Low,Mini,Sunny,1,Urban,90.69,182.96,4.33,4.06,Rock,94.55,14,616.74
15.34,51.06,1.2,Low,SUV,Foggy,0,Urban,92.2,249.94,3.4,4.9,Pop,45.42,48,1178.84
3.27,10.57,2.5,Medium,Mini,,0,Airport,111.34,86.51,4.06,4.31,Classical,58.85,17,1339.97
5.35,18.72,1.0,High,Sedan,Sunny,1,SemiUrban,90.43,290.35,4.26,3.96,Classical,56.87,8,641.74
21.12,63.64,1.0,Medium,SUV,Rainy,1,SemiUrban,116.87,153.75,4.47,3.27,None,2.41,13,1108.86
11.44,38.41,1.0,Low,SUV,Rainy,0,SemiUrban,92.36,159.58,4.81,4.83,Rock,21.37,29,640.84
33.58,133.95,2.0,Medium,SUV,Sunny,1,Urban,94.7,178.7,4.59,4.79,None,18.24,67,9622.67
1.57,6.8,1.2,Medium,SUV,Rainy,0,Urban,100.21,148.29,3.6,4.76,Rock,35.49,72,862.75
15.78,47.22,1.5,High,Mini,Sunny,1,Airport,111.8,213.09,4.69,4.93,Rock,27.57,96,1439.41
14.16,64.88,1.0,Low,SUV,Sunny,0,Urban,111.02,94.48,3.13,4.64,None,32.32,5,958.96
1.75,6.08,1.0,Medium,Mini,Sunny,0,SemiUrban,97.4,280.1,4.47,3.01,None,7.42,75,398.87
5.85,24.73,1.0,Medium,Mini,Sunny,1,Urban,99.81,267.08,3.97,4.43,Rock,15.29,62,2273.04
17.13,53.62,2.0,High,Mini,,0,SemiUrban,114.64,211.19,3.88,3.83,Rock,50.65,36,1729.91
20.22,80.66,1.0,Medium,SUV,Sunny,0,SemiUrban,104.9,247.34,4.4,4.89,Pop,50.92,35,1198.28
16.77,50.25,1.2,High,Sedan,Rainy,0,Airport,103.75,227.13,3.12,4.57,Pop,9.7,93,1421.91
21.71,69.97,1.2,Low,Mini,Sunny,0,SemiUrban,109.0,168.6,4.75,4.61,Classical,60.55,50,1031.0
24.21,87.1,1.2,Low,Mini,Sunny,0,SemiUrban,103.71,88.9,3.52,3.22,Pop,97.82,5,1045.16
1.39,20.79,1.0,Low,Mini,Sunny,0,Airport,103.02,131.06,4.63,3.93,Rock,39.2,13,463.0
19.1,72.06,1.2,Medium,Sedan,Rainy,0,SemiUrban,113.96,271.12,3.65,3.91,Classical,16.25,24,1260.85
38.58,138.51,1.0,Medium,Mini,Sunny,1,Airport,117.94,216.47,4.47,3.99,Classical,99.55,83,1621.81
21.24,70.19,2.5,Low,Sedan,Rainy,0,Urban,106.48,266.32,4.84,4.59,None,52.64,89,2716.79
27.42,73.75,1.0,Medium,SUV,,0,Urban,98.68,269.46,4.38,3.44,None,24.29,95,1264.34
13.16,54.57,1.0,Medium,Sedan,Sunny,0,Urban,118.49,181.82,3.47,3.36,None,87.73,25,816.47
31.19,117.73,1.0,Medium,SUV,Rainy,0,SemiUrban,,159.13,,4.72,None,12.63,9,1448.41
31.14,68.06,1.5,Low,Mini,Rainy,1,Urban,109.63,157.33,4.4,4.67,Pop,18.56,24,1721.95
21.33,52.5,1.0,High,Mini,Sunny,0,Urban,108.2,161.01,4.85,4.33,None,75.71,28,906.15
39.06,96.69,1.2,Medium,Sedan,Sunny,0,Urban,112.21,286.55,3.51,3.13,Classical,91.11,54,1783.45
5.9,32.05,1.0,Low,SUV,Rainy,0,Airport,113.27,87.58,4.94,4.44,Rock,43.01,70,851.8
1.66,21.31,1.0,Medium,Sedan,Sunny,0,SemiUrban,113.74,87.95,4.37,3.22,Rock,7.04,86,332.81
31.04,81.31,1.2,Low,SUV,Rainy,0,SemiUrban,119.27,146.81,3.64,3.79,Classical,62.48,18,1639.94
,,1.0,Medium,Sedan,,1,Airport,102.34,250.47,4.02,4.68,Rock,76.47,53,1504.55
5.69,17.43,1.2,Low,Mini,Sunny,1,SemiUrban,,263.06,4.52,3.06,None,52.64,73,564.94
11.36,52.03,1.5,High,Sedan,Sunny,1,SemiUrban,101.82,256.37,3.09,4.27,Classical,39.22,60,1227.69
,12.19,2.0,High,Mini,Sunny,0,Urban,113.0,195.5,3.67,4.1,Rock,67.78,69,1095.27
12.44,52.48,1.0,Low,Sedan,Rainy,0,Urban,106.22,264.43,4.77,,None,47.24,33,920.46
31.15,76.37,1.2,Low,Mini,Rainy,0,SemiUrban,115.94,98.2,3.21,3.43,Classical,78.17,9,1409.35
21.2,65.25,2.0,Low,Mini,Sunny,0,Airport,97.08,199.66,4.06,3.33,Pop,0.62,51,1961.05
14.58,60.45,1.5,Medium,SUV,Sunny,1,Airport,112.11,132.14,4.15,4.68,Pop,60.84,83,1569.61
15.5,58.95,1.0,Low,Mini,Sunny,0,Urban,97.48,118.27,3.57,3.22,Rock,84.57,47,687.0
1.05,-8.74,1.2,High,Mini,Foggy,0,Urban,113.97,74.91,3.81,4.93,Classical,68.15,53,544.78
12.69,40.67,2.0,Medium,Premium,Sunny,0,SemiUrban,103.15,141.2,4.82,3.39,Pop,56.79,69,2036.85
26.21,60.19,1.0,Medium,Sedan,Sunny,1,Airport,119.68,58.73,3.12,4.44,Rock,22.33,50,1136.68
38.99,137.43,1.5,Medium,Sedan,Sunny,0,Airport,110.06,138.09,3.32,4.11,None,55.09,61,2374.33
34.04,109.68,1.2,High,SUV,Sunny,0,Urban,112.25,168.7,4.8,3.75,None,81.5,6,1800.17
1.92,9.02,1.0,Low,Sedan,Rainy,1,Airport,91.28,139.44,3.36,4.83,None,85.81,93,612.3
36.04,117.73,1.0,Medium,Mini,Sunny,0,Airport,111.09,242.8,3.35,3.07,Pop,63.8,41,1479.05
31.54,63.0,1.0,Medium,Sedan,Sunny,1,Urban,102.56,120.19,4.17,4.53,Classical,98.44,62,1237.85
31.43,112.88,1.0,Medium,SUV,Sunny,0,Airport,99.69,68.72,4.97,4.48,None,11.87,29,1499.27
18.86,80.83,2.0,Medium,SUV,Sunny,1,Urban,,99.79,3.89,4.67,None,68.35,53,2080.3
16.52,68.08,1.2,Low,Mini,Sunny,1,Airport,96.86,255.02,4.04,4.78,None,4.35,34,1109.74
12.81,55.87,1.5,Medium,Mini,Sunny,1,Urban,95.45,208.98,4.65,3.91,Rock,85.43,22,1216.39
3.56,27.1,1.2,High,Mini,Rainy,0,SemiUrban,100.66,194.32,4.39,4.35,Rock,77.76,83,731.85
9.9,40.51,1.0,Low,Sedan,Rainy,0,Airport,,184.63,4.99,4.15,Pop,81.47,92,914.97
,37.91,1.0,Medium,Mini,Rainy,0,Airport,97.72,237.26,4.23,4.18,Classical,36.14,38,912.07
,,2.0,Low,SUV,Rainy,0,SemiUrban,106.76,99.07,3.84,3.05,None,21.42,3,2017.11
30.15,65.95,1.2,Medium,Premium,Sunny,0,Airport,101.55,102.43,3.67,4.93,None,21.25,53,1711.0
19.48,71.55,1.2,Medium,Sedan,Sunny,0,Urban,101.9,82.55,4.97,3.32,Classical,90.81,48,1127.58
3.26,24.67,2.5,Medium,Premium,Rainy,0,Airport,96.09,134.83,4.62,,Rock,52.23,26,2403.68
38.35,83.8,1.0,Low,Mini,Sunny,0,SemiUrban,99.66,118.47,4.64,4.4,Rock,19.02,26,1108.2
37.77,101.32,2.0,Low,SUV,Rainy,1,Urban,98.22,278.79,3.39,3.43,Rock,7.93,69,3114.52
31.62,97.04,2.0,Medium,Sedan,Rainy,0,Urban,97.3,53.11,3.92,3.23,Classical,41.69,28,2549.53
39.66,100.61,1.0,Low,Mini,Foggy,1,Airport,,168.54,3.05,4.79,Classical,13.63,20,1401.9
22.23,72.36,1.0,Low,Mini,Rainy,0,SemiUrban,102.99,232.66,4.07,4.16,Pop,35.48,52,968.9
38.55,156.33,2.5,Medium,Sedan,Sunny,0,Airport,97.34,276.65,,3.27,Pop,13.52,37,4127.56
3.95,25.36,1.0,Low,SUV,Sunny,0,Airport,,291.51,3.39,,Pop,54.2,41,886.46
15.26,59.08,1.0,High,SUV,,0,Airport,108.05,67.32,3.56,3.38,None,6.5,57,996.72
9.79,35.03,1.2,Low,Sedan,Rainy,0,SemiUrban,103.86,98.77,4.63,4.31,Rock,6.11,10,739.81
8.64,29.45,1.2,Medium,Sedan,Sunny,0,Urban,100.14,299.76,,4.71,Rock,81.65,96,1037.18
6.49,27.9,1.5,Low,Mini,Sunny,0,SemiUrban,103.82,128.37,4.81,4.24,None,8.36,84,635.06
25.27,104.47,2.0,Medium,Sedan,Foggy,0,SemiUrban,100.24,63.9,4.13,3.01,Pop,96.91,78,2302.26
31.47,84.16,2.0,Medium,Sedan,Sunny,0,Urban,115.71,283.42,3.22,4.3,Rock,57.79,61,2705.67
23.55,56.11,2.0,Medium,Mini,Sunny,0,Airport,97.68,150.85,4.97,4.14,Classical,29.41,60,2034.81
6.73,31.32,1.0,Medium,Premium,Sunny,1,Airport,98.4,122.76,3.0,,Classical,27.21,93,965.06
32.63,77.97,1.5,Low,Sedan,Rainy,0,SemiUrban,111.29,87.65,3.33,,None,66.48,95,1774.9
25.8,82.36,1.0,Low,SUV,Rainy,0,SemiUrban,117.03,156.3,3.37,4.25,Classical,86.29,92,1203.44
16.14,29.59,1.0,High,Sedan,Rainy,0,Urban,110.4,141.95,4.74,3.03,None,52.13,55,1055.59
27.29,63.77,1.5,Medium,SUV,Sunny,0,SemiUrban,92.54,281.03,3.7,4.04,None,76.5,97,1785.33
11.14,36.03,1.0,Medium,Mini,Foggy,0,Airport,116.97,102.96,4.67,3.66,None,93.57,3,777.93
,,2.0,High,Sedan,Sunny,0,Urban,113.08,71.62,3.08,3.1,Pop,60.53,64,1590.87
36.78,114.28,1.0,Low,Mini,Sunny,0,Airport,97.19,119.11,4.92,3.52,None,42.15,70,1259.85
12.33,50.81,1.5,Medium,Mini,Sunny,0,Airport,91.88,186.51,4.71,4.67,Pop,11.12,75,1252.14
19.33,44.52,1.0,Low,Mini,Sunny,1,Urban,111.52,131.96,3.95,3.52,Classical,69.1,26,738.17
35.72,128.53,1.0,Low,Sedan,,0,Urban,97.04,128.06,3.31,3.94,Classical,85.2,17,1337.72
28.6,80.46,1.2,Low,SUV,Foggy,1,Airport,105.71,149.49,3.45,4.13,Rock,1.75,25,1645.99
3.43,12.45,1.0,High,Sedan,Sunny,0,Urban,92.69,268.12,3.46,3.57,None,64.67,63,692.31
6.74,30.8,1.2,Low,Sedan,Rainy,1,Urban,107.04,215.68,,4.09,None,6.77,27,800.87
1.31,-0.39,2.0,Low,SUV,Rainy,1,SemiUrban,90.64,181.79,,4.91,Pop,94.27,13,1098.75
25.61,76.97,1.2,Low,SUV,Sunny,0,SemiUrban,106.02,150.73,3.01,3.37,Classical,41.46,14,1351.23
,67.76,1.0,Low,Mini,Foggy,1,Airport,115.01,67.59,3.77,4.78,Classical,18.53,79,981.09
,17.62,1.0,High,Mini,Rainy,0,Airport,107.42,271.13,4.14,4.12,Pop,20.23,20,861.84
38.36,131.84,1.0,Medium,Mini,Sunny,0,Urban,116.54,82.1,3.11,4.56,Classical,9.05,49,1267.42
21.66,79.59,1.2,High,Mini,Sunny,1,Urban,106.47,96.62,4.1,4.2,Pop,65.76,88,1162.53
10.43,32.5,1.2,High,Mini,Rainy,0,SemiUrban,110.62,162.54,4.55,3.61,Rock,87.86,43,848.46
20.52,58.01,1.0,High,Sedan,Sunny,1,Urban,100.99,85.05,4.13,,Rock,38.1,73,980.69
27.51,82.87,1.5,Low,Mini,,0,Airport,98.9,210.02,3.66,3.85,None,53.08,53,1722.98
3.97,13.92,1.0,Low,Mini,Sunny,0,SemiUrban,100.07,173.58,3.72,4.19,Classical,25.89,90,342.69
11.71,30.9,1.2,Medium,Mini,Sunny,1,Airport,93.08,174.45,3.86,4.13,Pop,77.65,86,878.62
32.47,83.76,1.2,Medium,Sedan,Rainy,0,Airport,97.63,291.77,4.7,4.36,Pop,64.95,84,1668.45
18.93,74.79,1.0,Medium,SUV,Rainy,0,Airport,101.61,218.44,3.06,4.45,Pop,99.82,77,1304.28
22.32,67.43,1.5,Low,Premium,Sunny,0,Airport,100.25,233.01,3.71,4.1,Pop,85.12,7,2134.94
17.88,68.31,1.2,High,Sedan,Rainy,1,Airport,,202.35,,4.62,Rock,14.08,99,1456.77
2.71,5.37,1.2,Low,Sedan,Sunny,0,SemiUrban,104.65,114.88,4.66,4.37,Classical,84.41,23,498.85
7.46,35.44,1.2,Low,Sedan,Sunny,0,Airport,112.06,65.75,3.27,3.51,Pop,5.39,63,703.63
18.38,75.96,2.0,Medium,Sedan,Sunny,0,Airport,101.87,190.24,3.71,,Rock,14.93,99,2170.33
9.16,32.07,1.2,Low,Sedan,Rainy,0,Airport,110.32,161.63,3.04,3.14,None,38.48,25,1077.89
2.95,12.53,1.0,Low,Sedan,Rainy,0,Airport,116.72,80.78,4.46,4.27,Pop,18.97,2,738.29
33.9,139.44,1.0,Low,Sedan,Sunny,1,Urban,103.67,264.88,3.21,4.22,None,28.52,98,1489.82
39.27,109.37,1.0,Low,Premium,Sunny,0,SemiUrban,106.6,174.19,3.77,3.89,Pop,71.01,90,1605.27
31.93,87.25,1.0,Low,Mini,Sunny,0,SemiUrban,110.32,163.45,4.81,3.95,Pop,56.09,92,1103.06
34.3,106.7,2.5,Low,Sedan,Rainy,0,Urban,,154.34,3.27,4.55,Classical,39.9,61,3349.81
10.44,41.05,1.0,Medium,Mini,Foggy,0,Airport,94.9,234.44,3.65,4.44,Pop,64.6,23,844.63
38.46,104.87,2.0,Medium,SUV,Sunny,0,SemiUrban,98.81,62.94,4.63,3.83,None,0.02,31,2822.17
8.68,40.52,1.0,Medium,Mini,Sunny,0,Airport,90.85,103.83,4.26,3.43,Pop,87.9,13,634.18
38.11,111.14,1.0,Medium,Sedan,Sunny,0,Urban,110.51,275.58,4.52,3.12,None,39.44,54,1440.34
39.8,104.03,2.5,Low,Sedan,Foggy,0,SemiUrban,98.39,60.04,4.92,,Pop,48.9,83,3314.32
28.76,64.75,1.0,Low,Sedan,Foggy,0,SemiUrban,114.71,202.69,4.83,4.39,None,11.72,39,1184.01
39.26,100.12,1.2,High,Sedan,Foggy,1,Airport,109.68,110.33,3.57,3.57,Classical,75.73,11,2043.62
,93.4,2.0,Medium,Sedan,Rainy,0,Urban,112.08,185.12,3.6,4.91,Classical,99.5,66,2321.15
11.12,,2.0,Low,SUV,,0,SemiUrban,116.47,182.78,3.17,4.3,Pop,76.63,94,1684.46
18.04,55.88,1.5,High,Sedan,Rainy,0,Airport,102.77,214.06,3.75,4.33,Rock,13.95,30,1796.74
24.15,89.94,2.0,Medium,SUV,Rainy,0,Airport,95.66,92.94,4.55,4.13,None,93.0,65,2665.7
3.85,20.11,1.2,Low,Sedan,Sunny,0,Airport,118.07,210.2,3.52,4.29,None,58.45,11,900.81
25.27,83.7,1.0,High,Mini,Rainy,0,Airport,119.87,245.41,4.66,5.0,None,86.6,73,1297.22
39.27,132.2,1.5,Low,Sedan,Foggy,1,Urban,96.54,93.93,4.15,4.6,None,42.21,52,2098.14
8.41,42.66,2.5,High,Mini,Rainy,1,SemiUrban,112.23,247.36,3.72,3.85,Pop,27.85,95,1874.0
31.91,97.78,1.2,Low,Mini,Rainy,0,Airport,92.17,80.44,3.84,3.39,Classical,2.14,58,1401.37
36.41,84.31,1.0,Low,Sedan,,0,Urban,90.82,115.69,4.54,4.51,Rock,94.86,93,1132.02
37.8,140.02,1.2,Medium,SUV,Rainy,1,SemiUrban,110.25,140.45,3.63,4.76,None,15.38,14,1894.48
38.45,85.34,1.2,Low,Mini,,0,SemiUrban,97.65,127.83,,4.05,Rock,78.2,78,1467.05
,81.05,1.0,Low,Sedan,Sunny,0,Airport,116.04,233.45,3.83,4.85,Classical,27.83,64,1139.54
39.12,136.35,1.5,Medium,Mini,Sunny,0,SemiUrban,105.39,117.23,4.63,4.12,Pop,57.07,9,2047.21
30.54,91.42,1.2,Low,SUV,Sunny,0,Airport,113.46,237.68,3.42,3.43,Classical,82.57,48,1654.11
,22.99,1.2,High,Sedan,Sunny,0,Urban,93.1,64.28,3.62,3.85,Classical,35.0,1,748.61
19.6,67.37,1.0,Medium,Sedan,Sunny,0,SemiUrban,116.23,129.64,3.99,3.84,Rock,43.21,40,829.87
29.01,103.02,1.0,High,Sedan,Sunny,0,Airport,95.7,278.19,4.5,3.35,Classical,14.38,58,1396.22
10.65,27.39,1.2,Medium,Mini,Sunny,0,Urban,107.05,146.38,3.32,4.38,None,42.07,62,739.21
25.98,86.17,1.2,Medium,SUV,Rainy,1,Airport,108.29,167.57,4.81,4.68,None,82.56,90,1655.3
27.0,85.76,1.0,Low,Sedan,Rainy,0,SemiUrban,91.98,238.21,3.04,3.42,Rock,88.0,87,1227.2
7.35,11.58,1.0,Medium,Sedan,Sunny,1,Urban,119.33,63.45,3.05,4.54,Pop,63.37,70,472.11
23.04,68.22,1.0,Low,Sedan,,1,SemiUrban,99.07,225.15,3.9,3.29,Classical,46.78,91,1086.14
31.09,67.51,1.2,Low,SUV,Sunny,0,SemiUrban,111.42,66.11,4.66,3.66,Pop,20.67,85,1375.19
20.46,68.9,2.5,Low,Mini,Sunny,1,Airport,108.95,188.14,3.26,4.48,Classical,45.51,58,2455.15
1.47,11.83,1.5,Low,Mini,Sunny,0,Airport,90.99,202.88,3.97,3.8,None,80.66,37,835.62
1.35,26.52,2.0,Low,SUV,Rainy,0,Urban,115.87,86.16,3.86,3.02,Rock,30.96,47,1251.77
14.92,34.85,1.2,Medium,Mini,Sunny,0,Airport,99.13,262.73,4.49,4.63,Rock,80.14,34,1014.25
37.12,89.01,1.2,Low,Sedan,Sunny,0,Urban,97.47,192.23,3.43,3.45,Rock,0.35,19,1582.14
9.92,39.58,1.0,Low,Sedan,Rainy,0,SemiUrban,91.76,88.69,4.19,4.71,Classical,34.81,65,638.48
25.74,64.2,1.5,High,Mini,Sunny,0,SemiUrban,97.51,265.22,4.84,3.51,Pop,99.02,59,1687.14
9.66,39.18,1.0,Medium,Sedan,Sunny,0,SemiUrban,108.6,256.2,3.11,3.51,Rock,91.1,82,720.07
13.55,51.65,1.5,High,SUV,Sunny,1,SemiUrban,96.03,217.68,4.77,4.77,Pop,64.7,2,1488.38
34.07,81.68,1.0,High,Sedan,Sunny,0,Urban,104.0,151.37,3.42,3.7,Rock,49.23,19,1304.1
29.43,,1.0,Low,Mini,Sunny,0,Urban,113.99,173.55,3.17,4.33,Classical,70.85,80,1103.05
4.72,,1.0,High,Mini,Foggy,1,SemiUrban,118.66,225.86,3.64,3.71,Rock,98.09,99,556.56
17.72,53.39,1.5,Low,Premium,Sunny,1,Airport,111.01,125.09,4.02,4.08,Pop,3.03,91,1789.02
2.14,6.64,1.0,High,Mini,Sunny,1,SemiUrban,95.87,198.85,3.71,4.54,Pop,27.57,47,489.31
19.75,54.66,1.0,Medium,Mini,Rainy,1,Urban,,205.51,3.27,4.84,None,99.52,27,887.65
26.83,,2.0,Medium,Premium,Sunny,0,Airport,106.62,105.52,,4.3,None,60.43,8,2898.59
5.62,5.87,1.2,Medium,SUV,Foggy,0,SemiUrban,116.14,82.16,3.0,3.76,Pop,73.09,99,757.87
12.27,37.95,1.0,High,Sedan,Foggy,0,SemiUrban,106.43,91.2,3.02,3.79,Classical,75.38,97,810.83
16.52,66.51,1.0,Medium,Mini,Rainy,0,Urban,104.74,55.29,4.66,3.31,Classical,39.52,84,767.81
,118.44,1.0,Medium,Mini,Sunny,0,Urban,97.79,237.78,4.14,4.13,Classical,94.1,68,1368.53
39.74,167.79,1.2,Low,Mini,Rainy,1,Urban,104.99,252.36,3.73,4.68,Pop,16.45,37,1857.66
2.75,,1.5,Medium,Sedan,Sunny,1,Urban,99.56,249.9,3.81,3.26,Classical,81.13,78,912.79
30.68,73.34,1.0,Low,Mini,Rainy,0,Airport,106.93,282.5,3.91,3.52,Pop,55.15,23,1310.41
15.5,33.83,2.0,Medium,Mini,Sunny,0,Airport,114.26,71.19,3.47,3.04,None,28.76,69,1573.0
16.31,66.59,1.0,Medium,Mini,Sunny,0,Urban,118.37,282.67,4.45,4.05,None,47.91,54,943.9
30.42,112.25,1.0,Low,SUV,Foggy,1,Airport,114.29,175.46,3.61,3.12,Rock,53.31,14,1571.64
36.82,109.03,2.5,Medium,SUV,Foggy,0,SemiUrban,114.85,148.34,4.15,4.16,Pop,36.37,44,3683.78
38.09,91.93,1.0,Medium,Sedan,Foggy,0,Airport,100.74,85.46,3.27,3.57,Rock,30.49,28,5770.71
23.51,81.25,2.0,High,Mini,Sunny,0,SemiUrban,110.87,170.81,,4.61,Rock,44.36,78,2075.54
14.93,45.9,1.5,Low,SUV,Sunny,0,Urban,101.64,220.43,3.3,4.07,Pop,83.65,97,1357.29
31.71,115.66,1.0,High,Sedan,Foggy,0,SemiUrban,90.73,72.23,3.71,3.96,Rock,71.25,83,1308.55
10.79,46.45,1.2,High,Sedan,Sunny,0,Urban,116.54,294.45,3.28,,Classical,8.13,6,1014.61
23.0,66.96,1.2,High,SUV,Sunny,0,Urban,91.57,279.19,4.32,4.85,Rock,76.65,15,1560.82
,50.14,2.0,High,Mini,Sunny,1,Urban,93.47,271.81,3.33,,Rock,92.82,41,1719.03
26.61,48.27,1.0,Medium,Sedan,Sunny,0,Airport,90.55,152.39,4.63,4.51,None,95.83,84,1086.44
10.38,37.39,1.0,Low,SUV,Rainy,1,SemiUrban,92.02,263.99,4.59,,Classical,40.63,68,847.94
8.47,35.21,1.0,Medium,Mini,Sunny,1,Airport,91.77,81.36,3.57,4.58,Classical,91.69,78,692.64
36.81,102.82,1.2,Medium,Mini,Sunny,0,Urban,110.32,277.69,,4.45,Rock,16.76,37,1651.92
4.97,4.83,1.0,High,Premium,Sunny,0,Airport,115.6,263.67,4.37,3.42,Rock,39.95,86,1095.02
20.73,62.88,1.0,Medium,Mini,Sunny,0,Urban,113.9,196.79,3.85,3.16,Rock,50.68,57,980.54
9.61,33.74,2.5,Medium,Sedan,Sunny,0,SemiUrban,108.79,215.59,3.16,3.39,Classical,18.28,73,1682.72
2.52,5.93,1.0,Medium,Sedan,Rainy,0,Urban,113.58,137.68,3.55,4.73,None,68.84,65,630.13
2.4,11.76,1.0,Low,Mini,Foggy,0,Urban,,287.21,4.03,3.31,Pop,41.14,5,482.14
7.83,18.91,1.2,Low,Sedan,Rainy,0,Airport,117.19,66.69,4.63,4.58,None,12.82,90,855.41
34.8,98.66,1.5,Medium,Mini,Rainy,0,Urban,103.8,272.75,3.14,3.64,Rock,52.69,30,1990.15
12.02,50.49,1.0,Low,Mini,Rainy,0,SemiUrban,90.85,115.36,3.35,4.45,Pop,28.68,65,678.67
38.07,111.14,1.0,Low,SUV,Rainy,0,SemiUrban,111.07,251.27,4.86,4.8,Pop,94.1,82,1558.05
23.68,67.25,1.0,Medium,SUV,Sunny,1,Urban,114.92,62.36,3.64,4.58,Rock,82.56,98,1111.7
18.03,63.4,1.0,Medium,Mini,Sunny,0,SemiUrban,96.74,111.07,3.76,4.07,None,81.8,19,740.63
23.62,89.37,1.2,Medium,Mini,Rainy,0,Urban,99.54,99.45,4.33,3.01,None,64.27,28,1305.61
21.15,61.03,1.2,High,Sedan,Rainy,0,Urban,110.85,294.57,3.74,3.28,Pop,9.68,24,1464.11
30.59,92.61,1.2,Low,Mini,Sunny,0,SemiUrban,107.21,102.45,3.46,4.57,Classical,44.56,72,1291.48
12.02,48.95,1.2,Low,Sedan,Rainy,0,Airport,116.7,142.78,4.94,3.19,Classical,64.81,11,1104.06
14.77,61.01,1.5,Medium,Mini,Sunny,0,Urban,104.33,124.51,4.04,4.95,Classical,19.85,10,1137.1
35.87,126.54,1.2,High,SUV,Rainy,0,Airport,110.17,296.48,3.74,4.94,Rock,40.23,53,2254.06
37.91,149.45,2.0,Medium,Mini,Rainy,0,Airport,,203.97,4.52,3.59,Pop,48.17,6,3223.35
35.81,99.75,1.2,Low,SUV,,1,Urban,117.88,139.93,3.2,3.07,None,83.42,64,1808.33
17.36,48.56,1.5,Medium,Sedan,Sunny,0,SemiUrban,101.09,276.98,4.8,4.49,None,38.06,15,1322.68
31.43,,1.0,High,SUV,Foggy,0,Urban,106.19,226.81,4.62,,Classical,34.93,26,1581.42
,62.97,1.0,Low,SUV,Rainy,0,SemiUrban,108.49,225.87,3.75,4.47,None,72.58,97,1114.88
20.4,72.51,1.5,Low,Mini,Rainy,1,Urban,97.63,171.6,3.37,3.67,None,34.05,78,1395.34
8.98,34.78,1.0,Medium,Sedan,Sunny,0,Airport,99.5,174.45,4.72,3.75,Pop,9.88,21,817.56
24.05,102.89,1.2,Low,Sedan,Sunny,0,Urban,105.07,232.69,4.91,4.2,Classical,78.6,60,1272.42
8.26,19.58,1.5,Medium,Sedan,Sunny,0,SemiUrban,98.13,52.53,3.1,3.33,Rock,36.94,99,736.46
13.93,48.49,1.5,Low,Sedan,Sunny,0,SemiUrban,93.9,159.32,4.97,4.94,None,98.67,31,1046.15
34.35,134.47,1.2,Low,Mini,Sunny,0,Urban,115.1,295.31,3.77,3.09,Rock,50.68,98,1627.7
9.08,28.44,1.0,Low,Mini,Sunny,1,SemiUrban,99.74,213.43,4.61,4.9,Rock,6.42,11,531.58
3.78,13.92,1.0,Low,Sedan,Sunny,0,Urban,102.48,144.71,3.92,3.6,Pop,76.3,85,511.26
3.69,4.53,2.0,Low,Mini,Rainy,0,Airport,106.41,92.53,4.04,4.33,Pop,37.77,9,1015.97
37.69,90.64,1.0,High,SUV,Sunny,1,Urban,115.27,139.67,4.07,5.0,Pop,12.3,7,1519.22
20.77,64.68,1.5,Low,Sedan,Sunny,1,Urban,94.21,169.98,4.93,3.47,Classical,55.71,37,1355.51
16.97,46.97,1.0,Medium,Sedan,Sunny,1,SemiUrban,108.78,207.68,4.26,3.95,None,24.89,27,886.76
32.62,138.18,1.0,High,Mini,Rainy,0,Urban,100.53,295.78,3.59,3.05,Rock,93.93,4,1464.87
33.6,109.99,1.0,Low,Sedan,Sunny,0,Airport,116.09,174.04,4.25,,Rock,70.09,78,1388.26
13.96,45.69,1.2,Low,Mini,Sunny,0,Airport,109.84,140.9,3.18,3.28,Classical,41.48,51,872.79
28.05,88.78,1.0,Medium,Sedan,Rainy,1,Urban,94.36,113.45,3.66,4.51,Classical,77.01,51,1143.08
31.07,68.16,1.0,Low,Mini,Rainy,0,SemiUrban,98.91,241.52,3.35,4.38,Pop,46.41,89,1097.74
26.53,95.99,1.0,Medium,Sedan,Sunny,0,Airport,91.08,165.95,,3.98,Rock,92.06,22,1220.81
6.91,21.54,1.0,High,Sedan,,1,Urban,113.12,231.29,4.06,3.0,None,71.2,7,665.19
35.16,88.39,1.0,Low,Sedan,Sunny,0,Urban,102.38,120.91,4.45,3.41,None,97.88,7,1234.8
22.02,81.04,1.0,Medium,Mini,,0,Airport,,142.82,3.68,4.35,Pop,33.92,48,1055.12
12.02,45.67,1.5,High,Mini,,1,SemiUrban,90.4,288.93,4.97,3.03,None,82.89,7,1218.85
17.58,77.22,1.0,Low,Mini,Sunny,0,Urban,118.67,108.36,3.64,4.17,None,28.17,4,794.47
2.47,15.09,1.0,Low,Sedan,Sunny,0,Airport,115.57,129.65,3.1,3.32,Classical,33.92,24,572.4
5.99,37.35,2.5,Medium,Mini,Sunny,1,Urban,100.03,177.2,3.54,4.16,Rock,24.21,51,1399.49
30.86,80.67,1.0,High,Mini,Rainy,0,Airport,105.5,181.45,4.25,4.58,None,83.75,74,6136.97
1.0,-7.31,2.0,Low,Mini,Sunny,0,Urban,107.28,66.63,4.52,4.75,Rock,90.04,19,537.61
17.25,69.31,1.0,Low,Sedan,Rainy,0,SemiUrban,,292.87,3.48,3.86,Rock,19.67,12,1041.82
21.38,,1.0,Low,Sedan,Foggy,1,SemiUrban,99.24,125.66,4.56,4.21,Rock,86.51,61,1015.57
,9.2,1.0,Low,Premium,Foggy,0,Airport,101.72,63.43,3.67,4.07,Pop,96.47,93,825.6
38.95,125.24,1.2,Low,Sedan,Sunny,0,Urban,95.44,113.73,3.33,,Pop,53.13,4,1643.59
9.82,37.9,1.2,Low,Mini,Sunny,0,SemiUrban,91.0,149.9,3.28,3.77,Pop,24.26,48,689.77
12.86,52.08,1.0,Medium,Sedan,,0,Airport,94.64,107.89,4.64,4.58,Rock,93.13,62,872.63
12.85,59.2,1.5,High,Sedan,Rainy,0,SemiUrban,90.39,88.74,3.47,3.68,None,92.39,89,1299.4
9.99,33.08,1.2,High,Sedan,Sunny,0,SemiUrban,102.99,176.75,3.44,4.18,None,13.16,32,841.36
1.06,12.34,1.0,High,SUV,Sunny,1,Urban,109.83,249.1,4.77,3.91,Rock,95.85,44,585.77
29.44,122.65,1.2,Low,Sedan,Sunny,0,Urban,95.43,226.21,3.73,3.69,None,30.35,42,1501.09
38.71,98.93,1.5,Low,Sedan,Sunny,0,SemiUrban,106.02,156.36,4.98,3.73,None,44.22,44,1891.11
9.75,39.56,1.0,Medium,SUV,Rainy,0,SemiUrban,99.75,80.97,3.54,3.87,Rock,55.35,65,913.78
26.86,84.94,1.0,Medium,SUV,Sunny,0,SemiUrban,93.6,288.72,4.32,3.82,Rock,33.05,47,1260.75
29.93,85.06,1.5,Medium,Sedan,Rainy,0,SemiUrban,93.83,134.18,3.39,4.42,Classical,6.46,7,1848.51
34.09,113.68,2.5,Low,Mini,Sunny,0,Airport,108.54,75.78,3.39,4.13,Classical,71.72,63,3200.58
17.48,35.65,1.0,Medium,Premium,Sunny,1,Airport,93.53,134.12,4.62,4.02,None,76.99,34,1138.81
12.81,36.53,2.0,Low,Mini,Sunny,0,SemiUrban,106.6,224.27,4.85,3.34,None,53.11,47,1331.49
13.69,62.43,1.0,Medium,Mini,,0,Urban,95.72,112.76,4.79,3.94,None,43.03,84,804.88
28.79,66.21,2.0,Low,Premium,Rainy,0,Urban,115.98,95.74,4.67,3.97,Rock,72.72,91,2803.3
32.85,96.16,1.2,High,SUV,Rainy,0,Airport,91.5,115.91,4.17,4.41,Classical,99.44,25,1878.22
8.08,44.46,2.0,Low,Mini,Sunny,1,SemiUrban,101.61,187.93,3.23,3.87,Pop,93.23,99,1105.76
15.47,46.38,1.5,High,Mini,Rainy,0,Urban,112.85,268.65,3.68,,None,56.28,97,1421.08
36.18,109.92,1.0,High,Sedan,Sunny,1,SemiUrban,112.47,83.02,3.56,3.8,Pop,81.74,68,1421.57
32.46,93.79,1.0,Medium,Mini,Sunny,1,Airport,94.34,85.94,3.5,,Classical,22.02,40,1296.92
39.41,116.35,1.2,High,Mini,Rainy,0,Airport,95.9,157.12,4.95,4.71,Pop,37.28,10,1888.7
30.42,91.53,1.0,Low,Premium,Sunny,1,Urban,106.39,81.35,3.3,3.09,Classical,96.07,74,1324.06
16.33,74.31,1.2,Medium,Sedan,Sunny,0,SemiUrban,110.53,294.79,3.94,4.72,Pop,55.56,6,1208.53
24.03,65.69,2.5,High,SUV,Sunny,0,Airport,112.57,269.66,4.85,3.73,Rock,53.92,32,3439.48
26.78,108.32,1.0,Low,Sedan,Rainy,0,Urban,108.62,66.19,3.12,3.67,Classical,24.12,87,1206.07
4.06,9.45,1.2,Medium,SUV,Sunny,0,SemiUrban,113.49,276.72,4.49,3.19,None,49.29,31,832.24
22.24,75.07,1.0,Low,SUV,Sunny,0,SemiUrban,103.2,121.11,4.22,4.81,Classical,16.79,26,1103.35
28.66,117.69,1.2,Medium,Sedan,Sunny,0,Airport,106.82,130.74,3.72,4.75,Classical,73.28,43,1514.41
7.53,17.38,1.0,High,SUV,Rainy,1,Urban,103.0,134.62,4.88,,None,87.28,25,846.94
31.44,94.29,1.0,Medium,SUV,Sunny,0,SemiUrban,112.83,67.5,3.67,4.54,Rock,77.37,71,1288.02
23.77,,2.0,Low,SUV,Foggy,1,Urban,95.24,244.66,3.38,3.21,Classical,12.4,67,2337.92
38.14,98.34,1.5,High,Sedan,Rainy,1,SemiUrban,97.57,95.63,4.45,3.05,Pop,56.17,5,2207.86
2.65,18.03,1.5,Low,SUV,,0,SemiUrban,115.1,102.01,3.67,4.82,None,36.62,98,829.65
11.35,29.53,1.5,High,Mini,Sunny,0,SemiUrban,111.43,242.15,3.57,4.1,None,32.49,96,1058.95
24.46,102.76,1.2,High,Mini,Sunny,0,Urban,112.06,65.05,4.86,3.48,None,79.67,44,1331.01
12.57,,1.5,High,Mini,Rainy,1,Airport,92.97,133.99,3.62,3.17,Classical,47.99,71,1292.4
,,1.0,Medium,Mini,Sunny,0,SemiUrban,104.53,190.27,4.15,3.29,Rock,84.8,65,1118.72
30.6,80.41,1.0,Medium,Mini,Sunny,0,Airport,106.93,78.95,,,Rock,40.57,62,4557.42
5.0,8.47,1.0,Medium,Mini,Rainy,0,SemiUrban,113.4,156.35,3.97,4.28,Rock,54.44,44,534.4
21.04,82.02,1.0,Medium,Premium,Sunny,1,Airport,102.67,138.44,3.62,3.51,Classical,32.03,90,1391.05
20.85,50.42,1.0,Low,Mini,Sunny,0,Urban,106.22,130.42,4.08,3.61,None,39.91,72,724.8
15.4,66.98,1.0,Low,Sedan,Rainy,1,SemiUrban,97.15,117.61,3.8,4.2,Rock,68.51,49,886.25
37.38,82.38,1.2,Medium,SUV,Rainy,0,SemiUrban,,134.78,3.07,4.58,Pop,28.35,18,1779.7
33.27,96.19,1.0,Medium,Mini,Sunny,1,Airport,117.42,147.98,3.62,3.8,Classical,99.75,30,1316.15
28.19,,1.5,Medium,Mini,Rainy,1,Airport,103.92,82.05,4.17,3.08,Classical,81.59,11,1877.96
28.86,103.05,1.2,Medium,Mini,Sunny,0,Airport,103.12,101.95,3.03,4.3,Rock,12.05,15,1391.65
,64.53,2.0,Medium,Mini,Sunny,0,Urban,,277.62,4.3,4.37,Pop,23.02,82,1915.35
36.92,102.58,1.0,Medium,Premium,Rainy,0,SemiUrban,98.0,286.13,3.06,3.67,Pop,67.25,49,1785.81
28.09,88.52,1.2,Low,SUV,Sunny,1,Urban,106.6,298.16,4.13,3.0,Pop,17.45,79,1507.67
29.43,127.57,1.2,Low,SUV,Sunny,1,Urban,95.06,169.66,3.12,4.14,None,0.64,33,1644.84
34.61,,2.5,Low,SUV,Sunny,1,Airport,107.68,83.89,4.7,4.55,Classical,64.89,50,3684.29
,46.14,1.0,Medium,Mini,Rainy,0,Airport,106.84,220.94,4.82,,Rock,23.4,14,915.13
32.48,127.57,1.0,Low,SUV,Sunny,0,SemiUrban,110.82,284.21,4.23,4.03,Rock,17.57,29,1498.3
8.61,13.45,1.0,Medium,Sedan,Sunny,0,SemiUrban,96.77,57.75,,4.4,None,67.79,48,555.43
14.47,36.73,1.0,Low,SUV,Sunny,0,SemiUrban,111.06,55.51,4.81,4.18,Rock,40.82,93,837.75
14.09,48.09,1.2,Low,Mini,Rainy,0,Airport,90.51,203.13,4.46,4.54,None,94.19,99,1009.73
39.16,93.29,1.5,Medium,Sedan,Sunny,0,Airport,106.03,59.86,4.76,3.82,Classical,26.65,78,2160.85
34.4,80.81,1.0,Low,Mini,Sunny,1,Urban,115.32,147.89,3.93,4.74,Pop,24.62,59,1199.34
28.35,55.71,1.0,Medium,Mini,Sunny,1,SemiUrban,111.83,144.36,3.84,3.64,Classical,56.42,18,1053.47
29.36,101.88,1.0,High,Sedan,Sunny,0,Urban,115.52,74.75,4.19,3.31,Classical,49.32,63,1285.36
22.92,84.68,1.0,Medium,Mini,Rainy,0,SemiUrban,94.45,236.47,3.91,4.57,Classical,9.58,25,1044.57
37.94,117.91,2.0,Medium,Sedan,Rainy,1,SemiUrban,111.57,77.22,3.34,3.02,Pop,60.7,14,2864.59
20.35,47.23,2.0,Medium,Sedan,,0,SemiUrban,104.07,118.47,4.65,4.9,Pop,74.02,62,1709.79
15.84,60.56,1.0,Low,Mini,Sunny,0,Urban,99.69,231.81,3.38,3.15,Classical,19.61,37,817.99
7.36,38.16,1.0,Medium,Mini,Sunny,0,Urban,100.67,204.54,4.49,4.58,Rock,25.35,32,611.13
31.66,131.02,2.0,Low,Premium,Sunny,0,Urban,93.06,168.15,4.78,3.24,None,6.6,60,3043.31
29.64,77.98,1.0,Low,SUV,Sunny,0,Airport,110.91,62.23,4.06,3.56,None,18.89,55,1274.63
15.99,70.77,1.2,Low,Sedan,Rainy,0,Airport,108.96,240.76,3.51,4.2,Rock,38.45,50,1374.56
1.98,15.18,2.0,Medium,SUV,Sunny,0,Urban,94.58,256.34,3.04,3.28,Classical,66.96,59,1334.51
33.72,82.21,1.2,Medium,Mini,Foggy,0,Airport,106.33,75.55,4.31,3.19,None,50.76,8,1478.72
1.45,17.02,1.0,High,Mini,Sunny,0,Airport,93.89,296.55,4.11,4.86,Rock,18.61,26,678.42
28.44,65.72,1.0,Medium,Mini,,0,Urban,99.4,136.85,4.38,4.44,None,11.44,4,972.97
38.84,138.31,2.0,Low,Sedan,Foggy,0,SemiUrban,91.32,156.09,4.9,3.24,Pop,49.51,60,2870.21
18.07,42.9,1.0,Medium,Sedan,Sunny,1,Airport,108.63,153.62,3.9,4.04,Rock,95.58,13,977.3
10.16,35.29,1.0,Medium,Mini,Rainy,0,Urban,90.37,208.23,4.35,4.67,Classical,31.5,25,699.28
28.49,72.88,1.5,Low,Mini,Sunny,0,SemiUrban,97.82,193.29,3.28,3.17,Classical,15.66,61,1475.16
32.87,118.05,1.5,Low,SUV,Rainy,0,Airport,98.0,190.21,3.28,4.62,None,82.75,26,2323.23
22.31,73.84,1.2,Medium,Sedan,,1,Urban,112.45,245.33,3.99,4.69,None,28.65,92,1276.02
38.71,143.61,1.0,Medium,Premium,Sunny,0,SemiUrban,103.52,281.99,4.17,3.68,Rock,10.7,51,1782.75
,14.29,1.2,Medium,Mini,Sunny,1,Airport,107.2,255.44,4.97,4.99,None,99.05,16,818.45
20.69,56.59,1.0,Medium,Sedan,Rainy,1,Urban,97.47,230.24,4.14,3.79,Rock,21.36,9,1052.46
29.02,92.6,1.0,Low,SUV,Rainy,1,Urban,106.43,62.64,4.83,4.8,Pop,34.76,44,1368.56
34.64,78.7,1.5,Low,SUV,Foggy,1,Airport,94.48,112.12,4.58,4.8,Pop,19.34,31,2202.59
7.99,26.06,1.0,High,Mini,Rainy,1,Urban,119.77,76.21,4.8,4.43,None,95.15,99,651.1
32.2,94.43,1.0,Low,Mini,Sunny,1,SemiUrban,105.51,263.68,4.71,3.0,Pop,68.05,23,1191.67
,61.03,1.0,Low,Mini,Sunny,0,Urban,116.38,213.03,4.08,4.37,Pop,73.87,37,939.81
16.47,36.86,1.2,Medium,Sedan,Rainy,0,Airport,93.17,58.39,3.0,3.19,Rock,10.23,53,1113.24
6.14,18.03,1.5,Medium,Sedan,Rainy,1,SemiUrban,107.71,230.81,3.91,3.07,Classical,67.21,3,1059.17
34.75,147.56,1.5,Medium,Sedan,Rainy,0,Urban,110.13,134.26,3.44,3.36,None,52.05,23,2202.28
7.13,,1.2,Medium,Mini,Sunny,1,Urban,113.67,185.85,4.43,4.02,Classical,47.71,43,701.91
13.08,56.01,1.2,High,Mini,Rainy,0,SemiUrban,104.58,194.94,3.4,3.92,Rock,50.81,71,995.21
12.31,38.99,1.2,Low,Mini,Sunny,0,SemiUrban,91.08,90.58,3.95,3.78,Rock,62.93,66,607.4
34.99,77.98,1.0,Medium,SUV,Sunny,1,Airport,97.84,149.7,3.05,4.07,Classical,8.33,59,1533.69
27.24,108.41,1.0,Medium,SUV,Sunny,0,Urban,,156.61,3.18,3.53,None,58.74,82,1372.02
32.07,65.6,1.2,Low,Sedan,Sunny,1,SemiUrban,99.55,203.72,3.78,3.63,None,48.6,99,1433.19
10.77,38.33,1.0,Medium,Sedan,Rainy,0,Urban,92.77,272.41,4.46,3.42,Classical,36.93,64,883.78
25.37,78.31,1.0,Medium,Mini,Sunny,1,Urban,90.02,203.81,4.35,3.9,Rock,55.18,16,961.93
23.3,46.73,1.0,Medium,Sedan,Sunny,0,Urban,105.59,220.92,3.86,4.43,Rock,36.33,19,955.45
33.48,125.86,1.2,High,Mini,Sunny,0,Airport,112.1,216.15,3.38,4.02,Classical,13.9,38,1870.16
36.34,147.15,1.2,Medium,Sedan,Rainy,0,Urban,96.9,71.12,3.61,4.7,Pop,6.54,2,1811.18
1.47,2.31,1.5,Medium,Sedan,Sunny,0,Airport,110.81,124.94,3.99,3.98,Pop,12.26,23,793.13
27.29,66.46,1.2,High,Mini,Sunny,1,Urban,111.93,150.44,4.9,3.4,Pop,65.56,53,1383.75
3.02,,2.0,Medium,Mini,Sunny,0,Airport,,161.1,4.28,4.02,Classical,74.82,2,1029.83
22.41,83.24,1.0,Medium,Mini,Sunny,0,Airport,105.75,260.5,3.26,3.74,Classical,67.25,94,1070.81
12.22,42.06,1.2,Medium,Mini,Rainy,1,Urban,99.42,181.35,4.61,,Rock,0.76,57,934.7
12.96,47.88,1.0,Medium,Premium,Sunny,1,Airport,101.26,253.88,4.44,3.2,None,53.03,87,1221.29
14.77,51.18,1.0,Medium,Sedan,,1,Airport,107.67,276.63,4.78,4.55,None,1.29,33,1048.34
25.23,107.92,2.0,Low,Sedan,Rainy,1,Airport,100.86,223.99,4.22,3.69,None,6.46,46,2650.25
14.03,64.28,1.0,High,Sedan,Sunny,0,Urban,105.03,78.32,3.62,3.03,Rock,7.26,97,811.93
29.58,124.34,1.0,Low,Sedan,Foggy,0,SemiUrban,112.31,100.24,4.7,4.13,Rock,10.57,50,1220.05
16.78,49.59,1.2,Medium,Mini,,1,SemiUrban,118.94,257.02,4.15,4.37,Classical,3.8,92,1084.31
3.67,23.3,1.0,Low,Mini,Sunny,0,Urban,116.73,190.95,4.41,3.15,Classical,6.36,86,478.52
31.57,142.04,1.2,Medium,Sedan,Sunny,0,Airport,117.43,178.97,3.94,3.75,Rock,72.43,62,1814.45
12.14,55.68,1.0,High,Sedan,Foggy,0,Urban,117.34,292.21,4.61,3.96,Pop,49.11,23,973.89
17.88,79.66,1.0,High,SUV,Rainy,0,SemiUrban,97.25,141.98,4.25,4.01,None,95.51,92,1115.99
27.73,121.07,1.5,Medium,Mini,Rainy,1,SemiUrban,118.39,60.24,4.78,3.07,Rock,56.05,32,1768.83
13.97,49.39,1.2,Medium,Mini,,0,Airport,96.67,113.79,3.7,4.27,Pop,96.96,46,937.1
3.21,8.25,1.0,Medium,SUV,Sunny,0,Urban,115.93,121.18,4.69,,Rock,30.03,23,642.66
15.58,33.45,1.2,Low,Sedan,Sunny,0,SemiUrban,107.43,178.11,4.58,3.7,Pop,43.13,95,876.92
37.83,70.37,1.5,Low,Premium,Sunny,1,Urban,115.16,51.79,3.74,4.01,None,63.73,13,2268.23
26.03,78.26,1.5,Medium,Sedan,Rainy,0,SemiUrban,119.47,297.06,4.75,4.5,None,62.08,12,1914.14
27.19,67.23,1.0,High,Sedan,Rainy,0,SemiUrban,116.27,65.48,4.19,3.73,Classical,0.3,88,1063.55
25.66,79.72,1.0,Medium,Mini,Sunny,0,SemiUrban,114.5,108.06,3.74,4.64,Pop,50.19,19,971.02
8.76,18.01,1.0,Medium,Mini,Sunny,1,Urban,96.2,218.11,3.55,4.55,Rock,44.2,3,538.18
17.32,60.77,1.0,High,Mini,Foggy,0,Urban,115.8,294.39,3.18,3.81,Rock,21.25,96,1014.39
30.29,,1.0,Medium,Mini,Sunny,0,Airport,94.97,177.96,3.18,4.75,Pop,73.29,92,1280.55
4.95,5.6,1.0,Low,Sedan,Sunny,0,Urban,,135.45,4.57,4.92,None,78.47,18,519.09
11.84,42.7,1.5,Low,SUV,Sunny,0,Urban,105.07,90.62,3.77,3.54,Classical,61.12,4,1046.2
11.78,53.3,1.2,Low,Mini,Sunny,1,SemiUrban,105.56,275.84,4.05,,Rock,41.06,15,900.1
17.85,61.58,1.0,Medium,Mini,Sunny,0,Airport,111.69,62.52,4.67,3.57,None,34.53,16,885.59
39.23,118.58,1.2,Low,Premium,Sunny,0,Airport,101.88,67.49,,4.37,None,14.48,27,1994.64
3.63,20.38,1.5,Medium,Mini,Sunny,0,Urban,103.7,65.95,4.88,4.34,Rock,63.72,22,677.6
21.23,84.16,1.0,High,Sedan,Rainy,1,Urban,109.77,166.61,4.05,4.58,Classical,76.95,94,1166.93
8.0,21.5,1.2,Low,SUV,Rainy,1,Urban,110.47,282.8,3.22,3.43,Rock,12.81,61,1046.95
38.86,129.25,1.0,Low,Mini,Rainy,0,Urban,103.13,188.95,3.69,4.87,None,37.79,22,1390.14
5.42,41.86,1.2,Medium,SUV,Foggy,0,Urban,91.56,138.67,3.28,3.86,None,42.29,93,853.94
16.74,87.97,1.0,Low,Sedan,,0,Airport,97.77,109.63,4.5,3.0,None,71.46,61,1072.93
29.78,102.43,1.0,Medium,Mini,Sunny,0,Airport,,178.62,3.93,4.55,Classical,9.11,75,1332.18
28.48,102.51,1.0,Medium,SUV,Sunny,0,Airport,117.82,160.38,3.11,4.86,Rock,25.24,55,1476.02
17.49,43.47,1.2,Medium,Sedan,Sunny,0,SemiUrban,109.49,73.36,3.03,4.94,None,64.66,48,896.83
14.51,43.9,1.2,High,Sedan,Sunny,0,SemiUrban,95.56,51.57,3.11,3.73,Rock,96.41,52,924.17
16.51,64.57,1.0,Low,Sedan,Sunny,0,Urban,92.87,198.76,4.34,3.04,Pop,75.49,79,893.53
11.31,34.92,1.0,Low,Mini,Rainy,0,SemiUrban,118.49,264.6,3.4,3.68,Rock,72.81,65,617.76
9.01,56.95,1.2,High,Mini,Rainy,1,Airport,116.2,202.21,,4.77,None,22.75,4,1228.46
19.84,75.29,2.0,Low,Mini,Sunny,1,Urban,101.94,131.59,4.03,4.69,None,32.7,58,1766.84
11.47,56.82,1.5,Low,Mini,Rainy,1,SemiUrban,108.89,88.3,4.16,3.76,None,28.51,92,1031.57
12.21,35.88,2.5,High,Mini,Sunny,0,Airport,117.42,234.76,3.34,3.31,Classical,74.63,49,2250.1
26.61,67.61,1.0,Low,Mini,Sunny,0,Urban,94.14,225.54,4.76,,None,2.82,56,1001.44
38.77,126.13,1.0,Low,Mini,Sunny,1,Urban,109.09,261.73,3.94,4.33,Pop,41.76,87,1337.54
24.54,50.33,1.2,Medium,Mini,Foggy,0,Airport,117.58,295.72,3.82,4.26,None,77.25,81,1378.81
4.0,15.56,1.0,Low,Sedan,Foggy,1,Airport,115.1,78.03,4.59,3.3,None,14.41,16,710.77
3.95,12.65,1.0,Medium,Mini,Sunny,0,SemiUrban,98.61,116.15,3.07,4.65,Classical,94.29,88,451.9
38.11,95.77,1.0,Medium,Sedan,Foggy,1,Airport,118.56,135.94,4.04,,None,90.89,45,1607.34
12.59,48.23,1.0,Medium,Sedan,Sunny,0,Airport,96.09,184.43,,4.94,None,97.07,47,915.41
4.59,12.84,1.0,Low,SUV,Sunny,0,Airport,96.26,63.31,4.59,4.8,Pop,54.39,62,679.79
,62.91,2.5,High,Sedan,Sunny,1,Urban,92.9,118.94,3.31,4.99,Pop,14.56,21,2582.57
25.32,104.3,1.0,Low,SUV,Rainy,1,Airport,93.54,248.54,3.78,4.2,None,76.34,23,1400.74
26.29,61.59,1.0,Medium,Sedan,Sunny,0,Airport,112.85,62.09,3.64,4.21,Rock,84.34,20,1150.52
11.43,53.77,1.0,High,Mini,Sunny,0,Urban,98.28,254.47,4.98,3.77,Pop,7.87,96,829.68
1.59,2.25,1.5,Medium,Mini,Sunny,1,Urban,116.07,96.16,4.47,3.23,Classical,44.37,69,532.21
38.64,117.97,1.5,Low,Sedan,,0,Urban,115.73,126.27,3.85,4.51,None,60.51,32,2003.81
10.78,,1.0,Low,Sedan,Sunny,1,Urban,,229.52,3.43,3.98,Pop,66.61,78,775.37
27.37,95.79,1.0,High,Sedan,Rainy,0,Urban,105.97,241.15,3.35,3.73,None,49.01,19,1236.37
28.56,96.85,1.5,Medium,Sedan,Sunny,1,Airport,112.18,102.7,4.99,4.75,Pop,4.96,24,1947.32
24.79,99.49,1.0,High,Mini,Foggy,0,Airport,110.48,151.34,4.17,3.0,None,59.11,91,1345.36
13.2,40.71,2.5,Medium,SUV,Foggy,1,SemiUrban,93.11,110.47,4.45,3.96,Rock,9.18,11,2120.15
11.57,42.93,1.2,Low,Sedan,,0,Airport,99.65,178.32,3.31,4.3,Rock,7.43,17,970.55
24.31,101.69,1.0,Low,Sedan,Sunny,1,Urban,108.36,213.1,4.5,3.01,None,8.46,30,1204.35
,120.54,2.0,High,Premium,Sunny,0,Airport,,117.52,3.48,4.46,Pop,94.54,46,3639.79
37.92,127.34,1.0,Medium,SUV,Sunny,0,Airport,114.42,165.54,4.52,3.33,None,68.89,35,1654.09
5.13,19.97,1.0,Low,Sedan,Sunny,1,SemiUrban,91.68,183.95,,4.69,Pop,61.75,15,545.53
,40.2,1.0,Medium,SUV,Sunny,0,Urban,104.41,154.74,3.78,4.53,Classical,73.39,89,713.28
37.84,183.7,1.5,Low,Sedan,Rainy,1,Airport,115.47,178.48,4.81,3.28,Rock,24.18,71,2586.28
29.72,71.03,1.0,Low,Sedan,Sunny,0,SemiUrban,119.81,86.0,3.93,4.15,Classical,31.41,2,1117.85
35.44,91.29,1.0,Medium,SUV,Sunny,0,Airport,93.85,60.12,4.62,4.51,Pop,90.31,3,1360.12
8.9,26.85,1.0,Low,Mini,Sunny,0,Airport,109.38,65.79,3.91,3.06,Classical,65.77,49,599.65
23.92,102.8,1.5,Low,Sedan,Foggy,0,Airport,90.04,293.21,3.29,4.09,Rock,83.3,51,1734.88
28.34,63.73,1.0,Medium,Mini,Rainy,0,SemiUrban,100.49,68.48,4.34,3.1,Classical,94.59,34,1003.81
27.52,65.27,1.0,Medium,Sedan,Sunny,0,Airport,103.34,146.51,3.65,4.24,Rock,45.02,71,1142.82
16.92,39.19,1.2,Low,Mini,Sunny,0,Airport,100.38,247.91,3.15,4.76,Rock,58.15,84,1114.74
1.6,8.75,1.5,Low,Sedan,Sunny,0,SemiUrban,,262.65,4.3,3.79,Classical,30.69,50,690.56
23.73,85.17,1.5,High,Mini,Rainy,0,Urban,90.46,117.12,4.16,3.87,Pop,83.68,1,1640.68
10.87,44.02,1.0,Low,Mini,Sunny,1,Urban,117.25,210.0,4.86,4.95,Pop,45.41,94,660.15
18.56,40.65,1.5,Low,Premium,Rainy,0,Airport,99.56,230.99,3.17,3.91,Rock,71.85,65,2075.97
38.35,114.32,1.2,Low,Mini,Rainy,0,SemiUrban,94.51,278.98,3.86,3.57,Classical,56.6,29,1671.44
,43.9,1.0,Low,Mini,Sunny,0,Airport,103.0,272.28,3.46,4.99,None,53.09,5,777.42
33.75,81.86,1.5,Medium,Mini,Rainy,0,Airport,105.42,158.78,3.97,4.36,Classical,15.73,67,2011.4
8.35,44.51,1.2,High,Sedan,Rainy,1,SemiUrban,91.56,185.34,4.69,4.16,None,72.33,60,990.65
,103.53,1.2,Medium,SUV,Rainy,0,Urban,113.97,250.23,4.88,4.32,Classical,5.24,30,1696.61
39.1,102.52,2.0,Medium,SUV,Foggy,0,SemiUrban,112.12,199.68,3.76,4.58,None,77.87,65,3058.97
4.97,10.93,1.2,High,Mini,Sunny,0,SemiUrban,105.35,139.01,4.24,3.07,Rock,92.19,75,569.73
1.32,,1.0,Low,Sedan,Sunny,0,Airport,95.58,287.6,3.47,3.4,Pop,79.96,17,620.17
17.91,60.03,2.0,Medium,Sedan,Sunny,0,SemiUrban,117.8,299.43,4.52,3.07,Pop,19.15,39,2043.31
4.61,14.43,1.0,Medium,Sedan,,0,SemiUrban,113.83,283.26,4.81,3.6,None,30.59,55,602.36
30.19,78.86,1.2,Low,Sedan,Sunny,0,Airport,97.01,136.43,3.95,4.52,Pop,21.02,85,1496.49
36.67,99.66,1.0,Medium,SUV,,0,SemiUrban,112.08,110.58,4.74,3.81,Rock,23.15,92,1388.31
17.93,78.71,1.0,Medium,Mini,Sunny,0,SemiUrban,93.04,173.28,4.97,4.39,Pop,81.41,4,879.68
11.09,,1.2,Medium,Mini,,1,SemiUrban,93.55,246.2,4.22,3.61,Rock,6.32,40,772.66
17.94,,1.0,Low,Sedan,Rainy,0,Urban,103.34,117.53,4.12,4.96,None,46.94,75,951.56
29.21,,1.2,Low,Sedan,Rainy,0,SemiUrban,111.05,151.65,3.76,3.18,Classical,59.53,52,1464.45
1.35,-1.43,1.5,Low,Sedan,Rainy,0,SemiUrban,117.52,87.86,4.57,4.15,Pop,94.93,66,564.6
23.99,89.05,1.0,Low,Sedan,Sunny,1,SemiUrban,119.13,225.4,4.63,4.2,None,65.23,55,1020.71
,54.99,1.2,Medium,Mini,Sunny,0,Airport,110.76,234.35,3.02,4.46,None,70.47,73,1350.96
25.87,64.96,1.5,Low,Sedan,Sunny,1,Airport,113.5,173.9,3.5,3.02,Classical,54.49,79,1670.02
10.44,26.16,1.5,Medium,Mini,Foggy,0,Airport,105.31,234.34,3.06,3.52,Pop,37.03,52,1246.31
28.85,52.45,1.2,Low,Sedan,Foggy,0,Airport,91.68,211.1,4.55,3.89,None,35.34,12,1420.84
4.56,9.02,1.0,Medium,Mini,Sunny,1,Urban,93.76,282.36,3.35,4.05,Pop,70.34,6,500.27
8.77,37.88,1.0,High,SUV,Rainy,0,Airport,119.12,196.64,3.22,3.13,None,36.92,61,1071.14
35.22,102.04,1.0,High,SUV,Rainy,1,Airport,101.79,139.22,4.59,4.63,Pop,67.05,41,1691.0
29.81,81.63,1.0,Medium,Sedan,Sunny,1,SemiUrban,113.16,232.41,4.15,3.27,None,54.69,61,1117.45
1.54,25.32,1.2,Low,Mini,Rainy,0,SemiUrban,96.61,64.19,3.31,4.15,Rock,55.53,76,588.71
10.69,46.49,1.0,Low,Mini,Sunny,0,Airport,105.99,169.08,4.69,3.66,Pop,32.58,54,761.29
9.36,30.32,2.5,Medium,Mini,Sunny,0,Airport,94.58,291.49,3.81,4.0,Rock,20.02,44,2023.43
11.56,35.69,1.5,High,Mini,Foggy,1,SemiUrban,,226.3,3.75,3.09,Pop,3.32,33,1207.49
10.65,44.53,1.0,Medium,Mini,Rainy,1,Airport,95.04,299.65,4.3,4.69,Classical,26.61,45,915.43
3.44,8.01,1.0,Medium,Sedan,,0,Urban,111.18,148.21,3.07,3.56,None,56.63,30,556.83
18.9,61.83,1.5,Medium,Premium,Sunny,0,SemiUrban,94.53,148.23,3.67,3.58,Rock,83.06,84,1773.27
29.58,80.9,1.5,Medium,Mini,Sunny,0,Airport,114.56,64.89,3.16,3.86,None,80.15,10,1778.59
24.66,53.97,2.5,Medium,Mini,Sunny,1,SemiUrban,105.09,140.17,4.47,3.54,Pop,76.58,76,2219.82
27.24,69.21,1.0,Low,SUV,Rainy,1,Airport,102.37,85.3,3.55,4.16,None,17.43,8,1232.83
4.16,15.77,1.0,Low,Sedan,Sunny,0,Urban,100.1,148.88,4.67,4.73,Classical,68.12,23,505.9
38.11,132.63,2.0,Medium,Sedan,Sunny,0,Urban,110.63,50.47,3.84,3.88,Pop,23.05,4,2779.01
33.7,89.01,1.0,High,Premium,Sunny,1,Urban,92.64,159.56,4.77,,None,33.02,53,1580.34
32.4,117.53,1.5,Medium,Sedan,Sunny,1,SemiUrban,115.69,284.79,3.44,4.75,Pop,74.13,93,2084.68
33.1,78.13,1.0,Medium,Sedan,Sunny,0,Airport,112.84,240.59,4.31,4.05,Pop,30.0,33,1372.87
37.38,119.49,1.5,Low,Sedan,Rainy,0,SemiUrban,101.19,110.29,4.89,,Pop,62.68,68,2055.89
22.23,62.9,1.0,Medium,Mini,,0,SemiUrban,119.33,117.51,,4.74,None,67.64,15,876.46
8.81,22.93,1.2,Low,Sedan,Rainy,1,SemiUrban,114.96,127.31,3.32,4.73,Rock,96.57,12,853.7
25.05,92.23,1.2,Medium,Mini,Sunny,0,Urban,98.12,73.17,4.11,3.24,Classical,16.01,20,1195.78
29.97,,2.5,Medium,Sedan,Sunny,0,Urban,116.63,297.99,3.86,4.05,Classical,17.87,62,3455.94
29.78,72.32,1.0,Medium,Mini,Sunny,1,Airport,92.97,216.96,4.01,4.69,Rock,45.94,98,1193.21
21.34,92.44,1.0,Low,Mini,Rainy,1,Urban,110.69,234.61,3.95,4.58,Rock,52.6,88,1007.14
3.67,-6.23,1.0,Medium,Mini,Rainy,0,Airport,93.94,223.68,3.53,4.05,None,38.53,80,585.24
,63.47,2.0,Low,Mini,Rainy,0,Airport,119.28,166.26,4.03,4.99,None,63.65,35,1882.91
36.91,90.81,1.2,Low,Mini,,1,Urban,91.49,254.08,3.3,4.84,Classical,59.52,31,1568.68
23.79,71.91,1.2,Medium,SUV,Sunny,0,Urban,96.98,109.44,4.17,3.85,None,66.08,56,1371.26
21.99,49.67,1.0,Medium,Sedan,Sunny,1,Urban,105.9,147.04,3.87,3.47,Pop,90.22,71,854.05
11.49,35.3,1.2,Low,SUV,Sunny,0,Airport,107.52,131.46,4.95,3.76,Rock,14.72,43,1035.28
15.37,57.93,1.0,High,SUV,Sunny,0,SemiUrban,105.39,288.16,3.19,3.57,Pop,81.56,78,1136.64
35.92,129.51,1.0,Medium,Mini,Sunny,1,Airport,112.2,59.76,4.5,4.3,None,60.33,64,1346.73
26.99,84.21,1.5,Medium,Sedan,Sunny,1,Airport,90.05,68.85,,4.41,None,88.25,32,1763.82
31.71,113.87,1.0,Medium,Sedan,Sunny,0,SemiUrban,106.91,289.03,4.39,3.28,Pop,1.63,27,1316.61
18.72,71.69,1.2,Medium,Sedan,Sunny,1,Airport,108.45,221.91,4.92,3.58,None,83.06,23,1321.36
25.58,58.36,1.5,Medium,SUV,Sunny,1,Airport,96.27,208.97,4.8,4.87,Pop,21.17,89,1940.13
10.69,15.06,2.0,High,Sedan,Rainy,0,Urban,109.77,254.82,,4.27,None,95.02,44,1747.63
28.51,62.58,1.5,High,Sedan,Sunny,1,Urban,109.62,279.21,4.75,4.39,Rock,31.9,96,1837.38
17.68,41.53,1.0,Medium,SUV,Sunny,0,SemiUrban,105.9,274.04,3.78,3.09,Pop,71.83,35,882.29
18.26,36.99,1.2,Medium,Mini,Foggy,0,Urban,97.78,272.45,3.14,3.83,Rock,81.11,38,960.05
26.32,57.36,1.0,Low,Sedan,Rainy,0,Urban,102.5,259.69,3.42,4.9,Rock,92.45,73,1131.27
37.51,89.58,1.0,Low,Mini,Foggy,0,Urban,98.17,80.1,3.06,4.58,Pop,20.11,49,1261.81
3.5,5.84,1.2,Medium,Mini,Sunny,0,SemiUrban,113.09,208.83,3.28,4.56,Pop,62.03,85,564.65
33.16,126.36,2.0,High,Mini,Rainy,1,SemiUrban,108.56,172.77,3.93,4.79,Rock,3.51,50,2799.69
12.4,33.39,1.0,Medium,Sedan,Sunny,1,Urban,94.54,245.13,4.89,3.41,None,5.91,4,752.72
18.31,,1.0,Medium,SUV,Sunny,0,Airport,107.03,288.79,4.62,4.97,None,41.46,82,1146.77
1.85,11.46,1.2,Low,Mini,Rainy,0,SemiUrban,,141.12,4.06,3.89,Pop,69.38,80,526.17
12.74,41.28,1.0,Medium,SUV,Sunny,0,SemiUrban,,238.7,3.65,4.69,None,65.44,12,922.48
20.6,51.62,1.2,Medium,Mini,Sunny,0,Airport,116.74,103.03,3.06,3.61,None,46.83,51,1210.69
,20.44,1.0,Medium,Mini,Rainy,0,Airport,117.51,155.36,3.11,4.3,None,60.33,12,619.72
20.15,54.08,1.0,Low,SUV,Rainy,0,Urban,95.65,230.78,4.46,3.13,Classical,61.97,63,1080.57
37.16,119.03,1.2,Medium,Mini,Rainy,0,Airport,111.59,71.77,4.09,4.92,Classical,83.92,89,1763.74
5.11,23.85,2.0,High,Mini,Foggy,1,Airport,109.33,265.5,3.24,3.23,Rock,88.76,31,1491.68
30.81,103.14,1.2,High,Mini,Rainy,1,Airport,91.0,279.26,4.72,4.38,None,38.19,45,1785.48
16.98,59.02,1.5,High,Mini,Sunny,0,Urban,113.35,268.01,4.04,3.01,Rock,6.55,71,1434.86
26.55,83.25,1.0,Low,Mini,Sunny,0,Urban,96.22,50.19,4.67,4.03,Pop,24.03,23,899.93
11.15,29.96,2.0,High,Mini,Sunny,1,Urban,117.51,250.86,4.56,3.65,Classical,9.6,41,1516.45
7.22,25.07,1.0,High,Sedan,Sunny,0,Urban,115.06,274.24,3.67,,Classical,79.22,33,758.83
7.26,37.32,2.0,High,Mini,,1,SemiUrban,113.07,295.96,4.41,4.43,Classical,5.97,39,1611.83
3.75,8.34,1.2,High,Sedan,Sunny,0,Urban,110.9,58.39,4.98,3.89,None,46.75,73,590.52
8.24,33.28,1.0,High,SUV,,1,Urban,104.1,190.95,4.5,3.64,Classical,54.17,58,901.52
26.9,94.13,1.0,Low,Mini,Rainy,0,Airport,113.94,270.48,3.53,3.9,None,82.96,64,1323.02
35.39,,1.2,Low,Sedan,Sunny,0,Urban,114.58,232.76,4.18,3.63,Classical,70.11,44,1620.02
32.75,85.58,1.0,Medium,Mini,Sunny,0,Urban,92.95,263.59,,3.84,Rock,59.86,56,1216.15
27.72,80.61,2.0,Medium,Mini,Sunny,1,Airport,99.93,224.6,3.6,3.33,None,58.06,36,2363.27
5.31,11.17,1.0,Low,SUV,Sunny,0,Urban,99.5,56.04,3.57,4.85,None,47.12,17,518.43
12.28,34.71,1.0,Medium,Sedan,Sunny,0,Airport,93.74,269.55,3.92,3.84,Classical,89.9,76,914.01
13.08,33.31,1.0,Low,Mini,Rainy,0,SemiUrban,119.27,204.43,3.62,3.93,Rock,17.76,61,846.1
10.75,27.1,1.0,Low,Mini,Sunny,0,Airport,107.51,111.87,,4.45,Pop,96.35,42,701.87
21.09,70.54,1.2,Low,Mini,Sunny,0,Airport,107.69,219.96,4.51,3.25,None,60.36,98,1281.69
21.89,82.64,1.2,Low,SUV,Sunny,1,SemiUrban,101.47,178.6,3.59,3.39,Pop,23.77,48,1266.47
14.92,50.88,1.5,Medium,SUV,Sunny,1,Airport,113.06,229.35,3.75,3.3,Classical,73.18,8,1613.33
14.8,54.49,1.0,High,Mini,Rainy,0,Airport,104.27,168.21,4.81,3.96,Rock,37.37,56,1001.15
33.31,133.74,2.0,Medium,Mini,,1,SemiUrban,112.27,75.62,4.32,4.17,None,10.08,82,2605.21
31.78,118.27,1.0,Medium,Mini,Sunny,0,Airport,116.34,278.03,4.86,4.43,Rock,8.16,84,1445.07
13.0,50.0,2.0,Low,SUV,Foggy,1,SemiUrban,109.71,220.72,4.2,4.89,None,56.44,75,1838.89
36.64,91.5,1.0,Medium,Sedan,Sunny,0,SemiUrban,108.69,228.48,3.71,3.17,Rock,64.32,89,1375.95
38.16,92.84,1.5,High,Mini,Sunny,0,SemiUrban,,241.89,3.45,4.35,Pop,32.92,45,2018.66
,54.24,1.2,Medium,Mini,Sunny,1,Urban,105.09,178.08,,4.51,Rock,69.29,19,929.91
14.82,57.47,1.0,Low,Mini,Sunny,0,SemiUrban,114.35,228.46,3.9,4.33,Rock,26.93,81,771.91
20.72,81.89,1.0,High,Mini,Sunny,0,Airport,,102.92,4.3,4.71,Pop,34.51,23,977.74
37.7,,1.2,High,Sedan,Rainy,0,Urban,97.26,167.19,4.48,4.04,Rock,22.85,31,1931.7
,104.71,1.0,Low,Mini,Sunny,1,Airport,117.74,222.91,3.49,4.64,Pop,63.42,45,1293.61
5.0,30.69,1.2,Low,SUV,Rainy,0,SemiUrban,95.14,251.23,4.95,3.14,Pop,48.96,3,914.28
16.32,55.19,1.2,Low,Sedan,Sunny,0,Urban,103.59,292.01,3.47,4.27,None,15.01,76,1156.9
22.58,,1.5,Low,Mini,Foggy,0,Airport,104.42,265.19,4.52,4.88,Pop,97.36,16,1622.03
20.62,63.11,2.5,High,Sedan,Rainy,0,Urban,102.53,60.38,3.3,3.91,Classical,89.62,75,2601.6
8.56,42.58,1.0,High,Mini,Sunny,0,Urban,116.01,94.19,4.95,3.24,None,78.27,41,714.58
34.49,125.33,1.0,Medium,Mini,Sunny,1,SemiUrban,,219.86,3.5,3.73,Pop,9.62,95,1279.77
27.4,,1.0,Medium,Premium,Rainy,0,Urban,114.31,70.52,,4.7,Classical,43.67,91,4980.9
33.68,144.91,1.5,Medium,Sedan,Sunny,0,Airport,119.74,298.83,3.74,3.25,Rock,51.91,81,2331.37
34.49,110.61,2.0,Low,Mini,,0,Urban,119.24,167.79,4.81,4.05,Classical,94.46,92,2455.92
30.19,122.75,2.5,Medium,Mini,Rainy,1,Urban,116.76,221.61,4.04,4.71,None,36.13,2,3339.58
18.13,50.8,2.0,High,Mini,Foggy,0,SemiUrban,106.97,61.95,4.34,4.57,Classical,66.96,38,1672.32
24.81,96.75,2.0,High,Mini,Rainy,0,SemiUrban,99.04,157.61,3.44,4.02,None,55.36,64,2302.41
7.25,21.34,2.5,Low,Mini,Rainy,0,SemiUrban,111.71,109.9,4.89,4.25,None,80.99,18,1288.75
81.81,126.06,1.0,Medium,Mini,Sunny,1,SemiUrban,118.48,76.21,3.71,3.56,Pop,11.11,77,4794.9
7.99,26.33,2.0,Low,Sedan,Sunny,0,SemiUrban,119.71,218.15,3.2,4.87,Pop,82.57,80,1224.7
28.06,101.73,1.5,Medium,SUV,Rainy,0,Urban,108.4,294.2,3.44,3.06,Rock,65.16,3,2200.47
9.95,26.59,1.0,Medium,Mini,Sunny,1,SemiUrban,111.02,126.28,,,Classical,11.02,14,531.23
5.58,25.65,1.0,Low,Sedan,Sunny,1,Urban,98.36,282.14,3.22,3.79,Pop,74.48,21,665.22
7.45,32.45,1.0,Medium,Mini,Rainy,0,SemiUrban,96.05,50.78,3.98,4.55,Pop,33.31,44,427.95
1.08,-2.59,1.5,Medium,Mini,Sunny,0,SemiUrban,109.17,215.72,3.62,3.95,Classical,7.98,64,621.4
29.03,122.34,1.2,Low,Sedan,Rainy,0,Airport,96.75,182.67,3.99,4.72,Classical,43.99,48,1679.06
29.56,98.99,1.0,High,SUV,Sunny,1,SemiUrban,101.86,142.27,3.16,3.57,Pop,17.59,88,1383.32
21.08,68.44,1.5,Low,Mini,Sunny,0,SemiUrban,104.78,154.38,4.18,3.36,Rock,27.2,68,1264.88
7.29,25.59,1.0,Low,Sedan,Rainy,0,Urban,117.98,200.18,4.26,3.49,Pop,99.8,62,829.16
4.26,17.57,1.5,Low,Premium,Rainy,1,Urban,119.33,189.51,3.51,3.35,Rock,15.12,49,1396.4
1.75,11.26,1.5,Low,Sedan,Sunny,0,SemiUrban,97.41,177.04,4.14,3.68,Pop,38.08,34,737.05
7.46,28.63,2.5,Medium,Mini,Rainy,0,SemiUrban,93.96,295.75,3.61,3.49,Classical,66.24,98,1663.51
,93.39,1.0,Medium,Mini,Sunny,1,Airport,96.75,242.15,3.31,4.23,None,97.49,71,1391.99
,36.67,2.0,Medium,SUV,Sunny,1,Airport,105.57,94.62,4.36,,None,37.43,56,1733.57
14.82,55.14,1.0,Low,Mini,Sunny,0,Urban,113.49,279.35,4.67,4.01,Rock,21.27,54,751.08
5.11,18.46,1.0,Low,Sedan,Sunny,0,Urban,105.66,173.11,3.31,3.79,Rock,40.61,69,483.8
9.67,25.89,1.2,Medium,Mini,Sunny,0,Urban,117.99,53.51,4.78,3.66,Rock,16.0,56,700.87
21.25,46.78,1.2,Medium,Sedan,Rainy,0,Urban,109.12,246.49,4.2,3.15,Pop,98.65,84,1306.62
24.7,71.15,2.5,Low,Mini,Rainy,0,Urban,104.51,138.2,4.55,4.45,Rock,47.5,40,2540.55
10.57,,1.2,Low,Sedan,Foggy,0,Airport,113.11,299.72,4.39,3.72,Classical,66.09,4,1182.0
3.25,23.37,2.0,Low,Mini,Rainy,0,Airport,118.61,185.96,4.77,4.88,None,35.75,62,1230.5
16.25,63.89,1.0,Low,Sedan,Foggy,0,Urban,99.99,117.59,3.12,4.9,None,25.96,23,939.32
10.13,54.75,1.0,Low,Mini,Sunny,0,Airport,98.25,237.99,4.97,,Pop,9.32,97,766.79
9.56,35.04,1.2,Medium,Mini,Sunny,0,Airport,,119.53,4.76,3.7,Classical,78.11,68,869.6
38.43,136.62,1.0,Low,Sedan,Sunny,0,Urban,106.07,56.18,3.09,3.8,Pop,56.34,18,1431.15
25.04,91.87,2.5,Low,Premium,Sunny,0,SemiUrban,104.05,74.11,3.5,3.58,Classical,20.81,68,3207.92
22.72,92.07,1.5,Medium,SUV,Sunny,0,Urban,97.42,214.3,4.07,4.37,Pop,66.86,41,1821.78
,44.85,1.2,Medium,Mini,Rainy,0,Urban,111.65,103.52,4.71,4.07,Classical,24.51,99,1013.99
17.73,34.95,1.5,Medium,Sedan,Rainy,0,Urban,98.93,109.45,3.62,3.84,Classical,21.2,95,1395.85
22.1,43.86,1.2,Low,Sedan,Sunny,1,Airport,112.7,87.23,3.1,4.05,Classical,87.23,85,1158.81
28.16,104.8,1.0,Medium,Sedan,Rainy,0,Urban,115.17,114.1,,3.24,None,49.45,92,4697.96
28.38,105.55,1.2,Medium,Sedan,Sunny,0,SemiUrban,115.99,239.98,3.87,4.33,Rock,53.2,71,1517.35
7.7,21.44,1.2,Low,Premium,Sunny,0,Urban,94.39,178.44,4.52,4.03,Rock,76.94,54,1080.76
20.5,53.81,2.5,Low,Mini,Sunny,1,Urban,99.18,104.0,3.65,4.23,Classical,47.93,46,1990.43
17.07,54.23,1.0,Low,SUV,Sunny,0,SemiUrban,105.72,111.89,4.64,3.56,None,23.91,49,933.04
34.95,,1.2,Medium,Mini,Sunny,0,Airport,115.37,144.56,3.72,4.49,Pop,73.14,78,1662.26
25.63,82.42,1.0,Medium,SUV,Rainy,0,Airport,102.03,299.09,3.95,3.96,Pop,84.92,1,1371.52
21.77,78.76,1.0,Low,SUV,Rainy,0,Urban,109.8,93.48,,3.2,Rock,63.44,4,1114.14
5.5,24.91,1.2,Low,Sedan,Sunny,0,SemiUrban,103.64,250.72,3.3,4.34,Classical,80.19,92,616.16
24.62,64.07,1.0,High,SUV,Sunny,0,Airport,90.89,266.42,4.16,3.23,None,2.88,64,1284.13
5.57,20.13,1.5,Medium,Sedan,Rainy,0,Airport,99.49,288.82,,3.12,Rock,48.75,33,1276.23
14.15,40.63,1.2,Low,Sedan,Rainy,1,SemiUrban,112.7,201.2,4.38,4.49,Pop,41.66,32,1067.29
6.57,23.47,1.0,Medium,SUV,Sunny,1,SemiUrban,111.91,75.03,3.85,3.94,None,5.81,53,655.4
27.99,66.92,1.2,Low,Mini,Sunny,0,SemiUrban,116.51,55.79,4.61,3.05,Rock,20.92,89,1085.54
9.04,32.11,1.0,Medium,Premium,Rainy,0,Airport,107.79,160.73,3.96,4.03,Rock,43.19,22,1163.24
16.28,56.28,2.0,Medium,Mini,Rainy,1,Urban,112.99,137.68,4.29,4.79,Pop,68.13,5,1708.5
35.93,110.75,1.0,High,Sedan,Rainy,0,SemiUrban,102.45,265.56,,3.19,Classical,38.68,14,1481.15
8.97,31.22,1.0,Medium,Mini,Sunny,1,Urban,100.49,199.26,3.11,3.69,Rock,72.29,25,652.71
20.8,41.59,1.2,Low,Mini,Rainy,1,SemiUrban,100.2,260.8,3.41,4.66,Rock,67.43,5,1031.53
17.35,67.65,2.5,Medium,Sedan,Sunny,0,SemiUrban,94.77,192.62,3.93,3.51,Classical,96.15,58,2244.13
1.71,12.36,2.0,High,Mini,Rainy,0,SemiUrban,103.13,106.85,4.79,3.22,None,14.15,69,990.55
,114.43,1.0,Medium,SUV,Sunny,0,SemiUrban,114.32,99.89,3.26,3.89,Pop,97.39,4,1409.21
3.69,21.73,1.0,Low,Mini,,0,Urban,90.36,148.82,3.63,4.73,Classical,8.1,42,434.41
19.5,45.3,1.2,High,Mini,Sunny,1,Airport,107.25,57.33,3.66,3.65,Rock,81.38,12,1083.78
22.87,93.56,1.5,Low,SUV,Rainy,0,Airport,95.19,174.33,4.56,4.67,None,31.26,38,2061.08
25.51,115.09,1.0,Low,SUV,Rainy,0,Urban,112.33,118.15,4.09,3.23,Pop,42.21,32,1295.97
27.86,97.67,1.0,Low,Sedan,Rainy,0,SemiUrban,94.21,61.42,3.83,3.81,Classical,27.57,37,1015.15
10.88,23.88,1.0,Low,Mini,Rainy,0,SemiUrban,94.92,168.65,3.13,3.98,Rock,81.45,80,573.9
1.39,7.84,1.0,Medium,SUV,Sunny,0,Airport,91.28,210.25,4.94,3.79,Rock,47.52,70,781.19
29.21,74.28,1.2,Low,Mini,Rainy,0,Urban,103.28,75.18,4.61,,Pop,67.26,38,1280.91
21.89,73.3,1.0,Low,Premium,Sunny,0,Urban,109.43,202.14,3.11,,None,95.16,22,1324.06
33.61,123.57,1.0,Medium,Sedan,Rainy,1,Airport,98.66,285.74,3.09,4.73,None,36.74,21,1658.6
33.03,99.97,1.0,Medium,SUV,Rainy,0,SemiUrban,91.24,144.13,3.51,4.67,Classical,48.21,95,1448.27
33.89,123.13,1.0,High,Sedan,Sunny,0,SemiUrban,117.98,295.43,3.1,4.56,None,6.73,85,1481.44
19.92,77.0,1.0,Low,Sedan,Foggy,0,SemiUrban,115.82,245.49,4.48,3.51,Pop,59.94,70,1066.95
14.01,38.01,1.2,Low,Sedan,Sunny,1,Airport,103.88,52.4,3.41,3.73,Pop,31.65,45,900.03
31.87,122.0,2.0,Medium,Sedan,Sunny,0,Airport,114.7,286.29,4.76,,None,61.08,70,3021.85
18.6,70.3,1.0,Low,Mini,Sunny,0,Airport,114.03,177.5,4.22,3.3,None,30.27,87,910.19
8.15,26.47,1.2,Low,Mini,Sunny,0,SemiUrban,106.85,200.14,3.97,3.87,Classical,10.91,16,583.43
34.34,,1.5,Medium,Mini,Sunny,0,Urban,105.8,202.31,3.22,3.01,Rock,30.67,61,1959.53
35.42,108.91,1.0,Medium,Sedan,Sunny,1,SemiUrban,109.53,147.79,3.26,3.44,Classical,82.06,23,1326.73
19.19,61.09,1.0,Medium,Sedan,Sunny,0,Airport,111.66,161.03,3.24,4.74,None,18.25,48,969.55
3.95,23.54,1.0,Medium,Sedan,Rainy,0,Airport,114.62,179.69,3.42,3.02,None,17.64,54,748.66
16.13,84.46,1.2,Medium,SUV,Sunny,1,Airport,107.23,291.4,3.21,3.75,None,82.32,12,1483.65
32.34,91.16,1.2,Low,Sedan,Sunny,1,Airport,112.39,104.61,3.64,4.86,Rock,25.82,11,1600.51
,99.59,1.0,Low,Mini,Sunny,0,Airport,95.57,278.65,4.62,4.58,None,33.21,3,1310.82
8.94,19.51,1.5,Low,Mini,Rainy,0,Urban,112.38,293.96,3.29,3.3,Rock,54.03,98,1085.67
,16.72,1.5,High,Mini,Foggy,1,Airport,91.74,156.21,3.6,3.61,Pop,42.38,1,1018.08
35.22,77.25,1.0,Medium,Mini,Sunny,1,Urban,109.75,111.8,3.9,4.46,Pop,82.12,67,1192.03
16.19,,1.5,Medium,Mini,Rainy,1,Airport,111.38,165.46,4.23,4.1,None,57.76,24,1563.51
22.13,50.5,1.0,Low,Sedan,Sunny,0,Urban,119.03,75.39,3.47,4.59,None,71.5,38,935.73
38.75,100.12,1.2,Low,Mini,Sunny,0,SemiUrban,102.65,255.36,4.23,3.33,None,70.85,34,1556.6
3.6,20.51,1.0,High,Mini,,0,SemiUrban,93.42,128.68,3.37,3.74,Pop,7.7,11,472.25
,110.04,1.2,High,Premium,Rainy,0,SemiUrban,100.04,126.06,4.25,4.51,Rock,97.43,8,1796.21
3.89,26.06,1.0,Low,Premium,Sunny,0,Urban,102.58,218.35,4.58,3.83,Classical,7.09,73,877.04
15.64,38.04,1.2,High,Sedan,Foggy,0,Urban,113.1,190.33,3.05,4.33,Pop,94.89,92,1043.75
32.35,78.66,1.0,Low,Mini,Foggy,0,Airport,95.59,196.44,4.87,3.39,None,98.77,76,1219.35
17.91,65.52,1.5,Low,SUV,Sunny,0,SemiUrban,95.09,171.13,4.43,4.3,Rock,26.09,2,1310.84
39.89,98.42,1.0,Low,Sedan,Sunny,0,Airport,96.59,162.67,,3.35,Classical,64.37,50,1423.48
22.8,64.99,1.0,Medium,Mini,Sunny,0,SemiUrban,96.93,128.93,3.53,4.52,Classical,5.32,9,832.13
13.53,54.33,1.0,Medium,Sedan,Rainy,0,Airport,117.71,120.69,4.88,4.08,None,68.06,23,1058.82
9.58,45.78,1.0,High,Mini,Rainy,1,SemiUrban,94.81,298.47,3.91,3.86,None,18.72,62,855.57
14.67,61.94,1.5,Low,Premium,Rainy,1,SemiUrban,,150.73,3.3,3.14,Classical,94.11,12,1626.49
15.53,49.44,2.5,Medium,SUV,Rainy,0,Urban,102.1,176.74,4.47,4.33,Rock,65.51,45,2572.26
3.68,8.92,1.5,Low,Mini,Sunny,1,Urban,93.83,149.28,4.39,3.38,Pop,76.51,60,611.05
15.41,61.09,2.0,Low,Sedan,Foggy,0,Urban,93.27,231.57,4.84,3.24,Classical,94.56,15,1845.93
19.11,59.07,1.0,Low,Mini,Sunny,1,Airport,117.29,93.46,3.61,3.31,Pop,85.78,49,955.35
29.19,84.8,1.0,High,SUV,Sunny,0,Airport,115.09,63.01,4.26,3.37,None,46.74,40,1393.93
26.61,81.84,1.2,Medium,Mini,Sunny,0,Airport,118.0,293.51,4.92,4.37,Classical,17.07,59,1573.48
28.64,66.94,2.5,Low,Mini,,0,Airport,99.51,183.9,4.74,3.97,None,32.29,40,2753.84
1.33,18.19,1.2,Low,Mini,Sunny,0,Airport,105.8,187.66,4.64,3.93,Classical,58.89,94,574.68
9.49,34.6,1.0,Medium,Mini,Sunny,0,Urban,97.67,166.72,4.76,3.93,Rock,74.6,41,562.74
26.81,67.64,1.0,Low,SUV,Sunny,1,Airport,101.76,62.47,4.69,3.82,Rock,25.49,83,1217.37
19.88,38.82,1.0,High,SUV,Sunny,0,SemiUrban,113.82,219.17,3.76,4.03,Pop,44.83,43,1110.72
1.21,-10.81,1.0,High,Mini,Sunny,0,Airport,104.29,191.46,3.03,3.32,None,35.74,46,504.2
32.38,115.74,1.5,Medium,Mini,Sunny,1,SemiUrban,93.29,85.65,4.98,3.57,None,47.21,35,1684.1
31.14,98.71,1.0,Medium,Sedan,Rainy,0,Urban,90.1,180.88,4.55,3.2,Classical,33.05,74,1312.55
22.39,84.91,2.0,Medium,SUV,Rainy,0,Airport,97.08,108.4,3.45,4.67,Classical,15.81,57,2485.36
3.59,-4.12,2.0,Low,Mini,Sunny,0,Airport,95.5,210.02,4.5,5.0,Rock,48.62,66,1010.05
30.89,114.82,2.0,Low,Sedan,Sunny,1,SemiUrban,113.82,216.97,3.73,4.41,Classical,94.98,26,2482.33
23.76,75.14,2.0,Low,Mini,Foggy,0,Urban,110.0,124.16,3.49,3.1,Rock,10.65,50,1904.23
31.5,120.41,1.0,High,Mini,Sunny,1,Urban,,73.53,4.13,3.94,Rock,83.56,89,1259.03
30.32,61.62,2.5,Medium,SUV,Sunny,0,SemiUrban,102.56,249.48,3.02,3.01,Pop,73.5,40,3091.71
32.32,105.56,1.0,Low,Sedan,Foggy,0,Urban,107.51,209.11,4.95,3.55,Rock,32.93,35,1264.97
21.2,60.63,2.0,Medium,Sedan,Sunny,0,Airport,102.52,201.05,4.89,3.16,Classical,13.76,40,2021.2
6.47,,1.0,Low,SUV,Rainy,0,Urban,96.64,199.51,4.58,3.84,Rock,93.21,84,799.4
27.18,109.73,1.0,High,SUV,Sunny,1,Urban,108.93,229.81,3.11,3.86,Pop,37.93,30,1344.34
25.2,68.39,1.0,Low,Mini,Rainy,0,Airport,101.66,107.1,3.15,3.35,Classical,43.47,8,1094.66
29.95,92.36,1.0,Medium,Sedan,Sunny,1,SemiUrban,97.48,151.69,4.3,4.66,None,31.98,69,1173.61
7.63,22.83,2.0,Low,SUV,,0,Urban,118.15,105.38,4.6,4.53,Pop,84.8,66,1461.32
8.6,38.98,1.5,Medium,Sedan,Rainy,0,Airport,93.23,67.78,3.11,4.65,Pop,22.72,10,1179.66
,91.13,1.2,Low,Sedan,Sunny,0,Airport,,276.67,4.13,4.09,Rock,75.98,57,1698.56
30.25,116.12,1.2,Low,Mini,Rainy,1,Airport,106.49,61.66,4.4,3.02,Pop,24.58,49,1474.06
,155.86,1.5,Medium,Mini,,0,SemiUrban,112.89,61.52,3.33,4.85,Classical,34.14,40,2055.89
30.59,75.19,1.0,Medium,Mini,Sunny,0,Urban,92.7,130.5,3.35,4.84,Rock,92.48,1,1166.8
24.29,71.93,1.5,High,Sedan,Foggy,0,Urban,101.71,129.69,4.86,4.09,Classical,61.74,72,1782.35
26.51,83.97,1.2,Medium,Mini,Sunny,0,SemiUrban,113.88,59.93,3.8,4.81,Classical,69.22,91,1194.08
35.68,136.04,1.2,Medium,SUV,Sunny,0,SemiUrban,114.45,241.84,3.55,,Rock,62.61,67,1888.84
23.57,55.55,2.5,High,Sedan,Sunny,0,Airport,113.67,79.34,3.09,4.03,Pop,17.83,47,2856.82
25.66,69.02,1.2,High,Sedan,Rainy,0,SemiUrban,112.33,72.1,3.07,4.38,Rock,66.56,69,1366.3
7.1,25.42,1.0,Medium,Sedan,Foggy,1,SemiUrban,101.3,71.84,3.52,4.01,None,53.9,84,622.82
19.48,65.3,2.0,Medium,Sedan,Rainy,1,Urban,111.49,211.08,4.24,4.7,Pop,82.74,88,2149.88
28.94,88.47,2.0,High,SUV,Sunny,0,Urban,93.28,92.3,4.21,4.08,Pop,98.83,80,2566.44
11.57,,2.5,Medium,SUV,Foggy,1,Urban,94.88,194.61,3.45,3.33,Pop,62.33,70,2179.46
8.89,25.76,1.2,Medium,Mini,Sunny,0,Airport,106.2,100.23,4.49,4.66,Pop,33.43,58,861.94
13.24,,1.0,Low,Mini,Sunny,1,Airport,106.49,259.13,3.92,4.41,None,85.81,25,960.12
10.42,32.94,1.0,Medium,Premium,Sunny,0,Airport,104.15,96.77,4.6,4.03,Classical,84.49,94,1066.91
9.38,30.77,1.0,Low,Sedan,Foggy,0,Airport,112.05,157.45,4.85,4.0,Rock,85.53,47,721.3
,48.09,1.5,Low,Sedan,Rainy,1,Urban,106.91,188.1,3.47,4.38,Pop,35.84,42,1341.06
36.41,135.3,1.0,High,SUV,Sunny,1,Urban,91.97,270.05,3.9,4.33,Rock,41.32,92,1592.24
20.78,62.63,1.2,Medium,Sedan,Rainy,0,SemiUrban,116.62,103.78,3.11,3.52,Classical,76.97,43,1197.51
8.33,23.11,2.0,Medium,Sedan,Sunny,1,Airport,108.84,205.12,4.53,4.5,None,42.27,98,1559.08
4.0,13.11,2.5,Medium,Premium,Sunny,0,SemiUrban,116.86,57.8,3.65,4.71,Rock,48.98,39,1839.5
28.15,58.3,1.0,Low,Sedan,Sunny,1,Airport,102.89,243.83,4.3,3.47,Classical,0.97,24,1094.96
15.93,69.86,1.0,Low,SUV,Sunny,0,Airport,90.06,181.78,3.76,3.9,Pop,89.0,86,1140.34
33.05,116.52,1.5,Low,Sedan,,0,Airport,112.88,286.26,3.29,3.61,None,47.55,65,2218.63
26.72,60.4,1.2,Low,SUV,Rainy,1,Urban,106.98,243.84,3.01,3.36,None,90.24,79,1579.21
32.05,90.97,1.5,Medium,Sedan,Sunny,0,Airport,90.59,150.2,4.28,,Classical,97.14,57,1986.86
11.61,21.63,2.0,High,Sedan,Sunny,0,SemiUrban,107.18,153.95,4.87,4.66,Pop,15.84,35,1557.7
28.0,73.13,1.0,Low,Mini,Rainy,0,SemiUrban,117.93,51.62,4.81,3.45,None,8.5,43,1067.62
11.3,21.62,1.0,Low,Sedan,Sunny,1,Urban,96.26,259.52,4.88,4.26,Pop,66.86,40,757.42
37.62,100.3,1.2,High,Mini,Sunny,0,Airport,98.45,251.35,4.38,3.87,Rock,25.42,78,1799.82
25.82,92.14,1.2,Medium,Sedan,Sunny,0,Urban,109.49,192.14,3.86,4.01,Rock,44.02,77,1373.63
13.66,37.71,1.0,Low,Sedan,Sunny,1,SemiUrban,114.63,143.86,4.05,4.07,None,0.79,39,831.9
11.51,66.63,1.5,Low,Mini,Sunny,1,Airport,109.25,251.23,4.45,4.24,Rock,42.81,7,1279.03
8.45,44.32,2.0,Medium,Sedan,Sunny,0,Urban,110.15,202.57,3.6,4.59,Classical,97.1,16,1514.58
28.09,,1.0,Low,Sedan,Sunny,1,Airport,99.8,97.46,3.38,3.35,None,9.67,46,1180.85
9.53,30.74,2.5,Medium,SUV,Sunny,0,SemiUrban,90.3,110.58,3.14,3.63,Classical,68.72,51,1790.23
24.22,87.07,1.2,Medium,Sedan,Rainy,1,Airport,115.2,201.42,3.95,3.23,Classical,53.3,11,1615.8
11.32,36.54,2.0,High,Sedan,Sunny,0,Airport,119.86,219.52,3.18,4.39,Pop,84.95,77,1931.29
26.82,96.57,1.0,Medium,Sedan,Sunny,1,Urban,115.99,78.32,3.92,3.63,Pop,65.16,36,1088.99
32.78,101.18,1.0,Low,Sedan,Rainy,0,Urban,101.93,259.92,4.63,4.59,Classical,0.01,95,1277.95
31.34,105.42,1.0,Low,Premium,Rainy,0,Airport,100.55,175.85,3.31,4.45,Pop,67.29,79,1704.48
30.67,109.65,1.0,Medium,Mini,Sunny,0,Airport,118.8,99.96,3.24,3.09,None,81.79,30,1275.46
8.32,39.04,1.0,Low,Sedan,Rainy,0,SemiUrban,119.65,191.36,3.49,3.2,Classical,73.17,26,710.16
4.45,20.12,2.0,Low,Mini,Rainy,0,SemiUrban,,269.07,3.17,4.2,Pop,73.12,34,1116.7
28.26,97.47,1.0,Low,SUV,Sunny,0,SemiUrban,105.43,63.78,3.73,4.4,None,88.23,32,1167.16
15.37,34.01,2.5,Medium,SUV,,1,Urban,105.49,105.25,4.22,3.74,Pop,60.68,7,2254.51
17.86,58.58,1.2,Medium,Sedan,Sunny,1,SemiUrban,96.05,190.81,3.94,3.4,Rock,66.9,79,1065.63
2.21,11.66,1.0,Low,Mini,Sunny,0,Urban,111.85,50.46,4.44,3.32,Pop,53.59,72,293.02
11.12,53.4,1.2,Medium,Premium,Rainy,0,SemiUrban,95.13,94.94,3.24,3.48,Pop,94.58,54,1225.56
2.31,-2.25,2.5,Medium,SUV,Rainy,1,SemiUrban,96.29,109.18,3.68,3.33,Classical,67.28,94,1467.36
35.29,93.18,1.2,High,Mini,Sunny,0,SemiUrban,110.22,271.02,3.83,3.64,Classical,28.22,37,1633.16
10.49,26.34,1.0,High,Sedan,Sunny,1,Airport,116.08,181.05,3.92,3.98,Pop,84.45,80,790.15
22.74,49.23,2.0,High,SUV,Sunny,1,Airport,109.98,208.05,3.14,4.36,Classical,33.74,8,2557.16
2.52,6.57,1.0,High,Sedan,Sunny,1,SemiUrban,104.25,50.77,3.13,4.73,Classical,86.14,90,448.86
27.01,70.93,1.2,Medium,Sedan,Sunny,0,Airport,110.86,146.68,3.17,4.45,Pop,17.11,54,1438.58
13.6,36.07,1.2,Medium,Sedan,Rainy,0,Urban,103.65,161.79,,4.3,Pop,18.98,10,1046.02
36.02,95.4,1.0,Low,Sedan,Sunny,1,Urban,109.63,259.72,3.0,4.57,Classical,52.49,37,1346.69
35.64,74.93,1.0,Medium,Sedan,Sunny,0,Airport,113.41,98.67,3.6,4.81,Classical,36.79,12,1335.24
13.69,68.54,2.0,Low,Sedan,Sunny,1,SemiUrban,90.44,66.32,3.82,3.46,Pop,95.06,4,1361.17
36.14,78.97,2.0,Medium,Sedan,Sunny,0,Airport,96.57,256.21,4.1,4.24,None,71.38,91,2873.41
39.85,89.85,1.2,Low,SUV,Sunny,1,Airport,111.09,103.01,3.05,3.08,None,48.94,49,1892.65
33.19,,1.0,Low,SUV,Sunny,0,Urban,102.04,222.71,3.89,4.98,Rock,96.81,45,1410.0
101.85,214.4,1.0,Low,SUV,Foggy,0,SemiUrban,,72.88,4.88,4.72,None,94.13,34,4486.79
10.71,24.82,1.0,High,Sedan,Sunny,1,Urban,110.55,218.13,4.5,,Rock,21.88,15,859.59
23.49,53.51,1.2,Low,SUV,Sunny,1,Airport,105.8,155.81,3.64,4.23,Pop,23.94,14,1517.55
3.62,10.15,1.0,High,Mini,Sunny,0,Airport,115.11,282.01,,4.09,Rock,80.53,35,691.48
4.7,26.67,1.0,Low,Sedan,Sunny,0,SemiUrban,101.37,100.1,4.4,4.69,Classical,43.23,16,529.63
39.96,106.15,1.2,Medium,Sedan,Sunny,0,SemiUrban,110.75,66.78,3.31,3.96,Pop,15.06,15,1621.49
13.74,40.56,1.5,Low,Mini,Rainy,1,Urban,102.76,183.38,3.14,3.26,None,91.92,67,1079.35
30.18,86.64,2.0,Low,Sedan,Rainy,0,SemiUrban,105.88,279.4,4.24,3.96,Classical,74.05,89,2534.07
32.46,101.94,1.2,High,SUV,Sunny,1,SemiUrban,93.41,100.88,4.47,3.24,Pop,37.96,69,1732.32
34.46,131.34,1.5,Low,SUV,,1,Airport,114.94,258.71,4.03,4.62,Classical,98.78,43,2483.68
39.91,163.73,1.0,Low,Mini,Rainy,0,Airport,99.6,134.84,4.39,3.33,None,61.9,70,1589.77
10.42,27.08,1.2,Medium,Sedan,Sunny,0,Airport,99.04,74.75,4.44,3.74,Pop,51.49,44,913.32
2.57,2.13,1.5,Medium,Sedan,Sunny,1,SemiUrban,92.66,197.45,4.29,3.21,Rock,52.3,26,705.59
17.04,54.46,1.5,High,Sedan,Sunny,0,SemiUrban,105.19,180.49,4.87,3.76,Pop,34.37,73,1319.67
6.07,30.72,1.0,Medium,Premium,Sunny,0,Airport,102.54,259.6,4.07,4.93,Pop,32.1,89,1113.33
1.87,3.5,1.2,Medium,Sedan,,0,SemiUrban,92.97,75.73,3.11,4.86,None,97.09,40,431.05
15.06,46.73,2.0,Medium,SUV,Rainy,0,Airport,112.55,211.31,4.13,4.13,Classical,87.19,76,2228.43
31.57,123.4,1.2,Medium,Sedan,Sunny,1,SemiUrban,91.99,205.11,4.28,4.28,None,28.33,87,1522.87
23.08,84.38,1.2,Medium,Mini,Sunny,0,Airport,94.35,298.73,3.68,3.7,Pop,92.76,96,1399.87
13.2,,1.5,Low,Sedan,Sunny,0,Urban,103.82,132.01,3.95,3.42,None,8.17,72,1039.8
26.52,124.77,1.0,Medium,Sedan,Sunny,0,SemiUrban,100.73,61.15,4.54,3.56,Pop,28.78,47,1076.53
10.05,49.06,1.2,Low,SUV,Rainy,1,Urban,,152.81,4.44,3.16,Rock,91.67,31,1087.06
1.56,24.85,2.5,Medium,Mini,Rainy,0,Airport,106.92,166.11,3.36,3.89,Pop,6.18,3,1631.05
30.81,120.43,1.0,Low,Mini,Rainy,0,Urban,105.73,142.24,3.48,3.17,Rock,92.61,94,1377.37
25.33,70.05,1.0,Low,SUV,Rainy,0,SemiUrban,102.97,207.62,4.14,,Classical,35.53,35,1176.86
30.73,110.11,1.2,Medium,Mini,Sunny,0,Urban,113.29,116.46,3.78,4.7,Classical,18.02,50,1425.77
2.52,20.27,1.0,Low,SUV,Rainy,0,Airport,,95.79,4.5,3.78,Rock,16.21,73,653.32
33.65,138.03,1.2,Low,Sedan,,1,Urban,119.36,163.19,3.2,3.87,Classical,41.38,94,1650.72
25.16,114.6,1.0,Low,Mini,Sunny,1,Airport,114.05,231.74,3.65,4.05,Rock,70.11,78,1208.83
22.97,70.71,1.2,Low,Sedan,Sunny,0,Airport,93.19,272.87,3.74,3.63,Classical,64.61,24,1395.51
25.36,100.79,1.2,Low,Sedan,Sunny,0,Urban,98.22,215.93,3.86,3.16,None,31.95,73,1299.64
34.71,88.87,1.0,Medium,Mini,Sunny,0,Airport,106.08,144.34,4.53,4.52,None,42.7,22,1272.69
23.89,72.81,1.0,Medium,Mini,Rainy,1,Airport,104.07,236.66,3.04,3.48,Classical,25.5,36,1144.44
23.66,,1.0,Medium,Mini,Rainy,0,SemiUrban,91.41,97.21,3.29,3.29,None,40.72,95,928.29
39.64,159.34,1.0,Medium,Mini,Sunny,0,Airport,105.84,238.0,4.1,3.17,Classical,19.39,92,1646.39
,85.17,1.2,Medium,Sedan,Sunny,1,Urban,108.16,170.22,3.97,4.36,Pop,75.91,34,1420.53
18.25,57.68,1.0,Low,SUV,Sunny,1,Airport,103.9,117.7,4.9,3.03,Pop,38.88,37,1025.33
28.59,85.06,1.5,High,Mini,Sunny,0,SemiUrban,115.98,223.06,3.11,4.19,Classical,35.48,35,1717.28
16.18,,1.5,High,Sedan,Rainy,0,Airport,106.7,154.1,3.59,3.7,Pop,62.48,1,1680.49
9.93,28.48,1.0,Low,SUV,Sunny,1,Airport,113.59,205.02,4.56,4.01,Pop,26.27,76,883.88
24.28,99.98,1.0,Medium,Sedan,Rainy,0,Airport,107.6,215.92,4.92,4.81,Classical,41.28,53,1344.21
37.2,,1.0,Low,SUV,Sunny,0,Airport,,148.3,4.99,3.0,Classical,8.47,4,1680.04
37.24,114.7,1.2,Low,Mini,Sunny,1,SemiUrban,96.43,296.49,3.58,4.27,None,13.78,1,1565.81
14.33,32.84,1.0,Low,Mini,Rainy,0,Airport,114.95,164.26,4.19,4.79,Pop,52.27,47,822.54
21.58,83.82,1.0,High,Mini,Sunny,0,Airport,103.44,296.03,4.92,3.49,None,99.84,39,1139.7
9.25,44.63,1.0,Medium,Sedan,Sunny,1,Airport,110.93,108.8,,3.23,None,55.87,64,751.56
39.83,141.61,2.5,Medium,Sedan,Rainy,0,Urban,106.98,91.74,3.24,3.78,Rock,45.67,33,3881.37
39.26,118.03,1.2,Medium,Premium,Sunny,0,Airport,93.27,207.71,3.71,4.9,Classical,23.19,27,2217.78
26.33,86.12,2.0,Medium,Sedan,Sunny,1,SemiUrban,103.1,186.76,4.47,4.17,None,36.74,90,2295.91
32.37,101.11,1.0,Low,Sedan,Rainy,0,Airport,110.22,185.08,4.12,4.89,Rock,79.33,30,1454.26
28.89,101.78,1.0,High,SUV,Sunny,0,SemiUrban,116.95,298.76,4.15,,Pop,46.33,42,1459.06
24.13,97.72,1.0,Medium,Mini,Foggy,1,Urban,96.55,50.27,3.86,4.44,Classical,68.88,70,1010.23
3.08,13.73,2.5,Medium,SUV,Sunny,0,SemiUrban,100.66,163.38,4.69,3.55,Rock,33.17,84,1531.67
18.74,76.29,1.0,Medium,Mini,Rainy,1,Airport,100.82,126.73,3.13,4.03,None,19.8,86,1001.7
27.32,99.16,1.2,High,Mini,Sunny,0,SemiUrban,105.73,156.98,3.46,4.81,None,53.05,58,1314.65
27.42,103.02,1.0,Medium,Mini,Sunny,0,Urban,115.89,284.54,4.41,3.18,Rock,35.38,70,1213.24
15.55,43.84,1.5,Low,Premium,Rainy,1,Airport,,252.13,4.64,3.59,Rock,11.14,8,1942.03
37.73,110.74,1.0,Medium,Sedan,Sunny,1,Urban,94.4,100.41,4.94,3.71,Rock,34.43,42,1385.21
7.53,,1.2,Low,Mini,Rainy,1,Airport,105.2,226.06,3.59,3.12,Pop,41.35,19,854.15
20.51,52.55,2.5,High,Mini,Sunny,0,Urban,91.13,194.91,3.44,3.47,Classical,73.43,20,2363.91
27.94,62.63,1.0,Medium,Mini,Sunny,0,Airport,100.33,152.02,3.52,3.13,None,42.23,66,1086.2
28.19,105.25,1.2,Low,Mini,Sunny,0,Urban,105.43,135.49,3.5,3.59,Classical,91.87,60,1306.68
26.3,68.04,1.2,Medium,Mini,Rainy,0,Urban,105.53,199.6,3.95,,Classical,63.51,39,1360.97
11.74,44.99,1.5,Low,SUV,Rainy,0,SemiUrban,114.59,167.26,3.57,3.08,Classical,87.92,58,1245.44
7.09,30.0,1.0,Medium,SUV,Sunny,1,SemiUrban,114.03,187.43,3.28,3.47,Classical,19.81,49,788.89
25.8,76.46,1.0,Low,Premium,Rainy,0,Airport,,243.24,3.11,3.76,None,82.17,51,1551.54
24.37,101.49,1.5,Low,Mini,Sunny,0,Airport,99.03,291.75,,3.8,Classical,8.36,27,1756.13
7.99,26.16,1.0,Low,SUV,Rainy,0,Urban,119.45,152.71,4.64,3.7,Rock,73.06,7,790.2
28.5,102.12,2.0,Low,Mini,Sunny,0,SemiUrban,101.74,156.63,4.69,4.03,Pop,33.28,52,2024.75
18.75,85.09,1.2,Low,Mini,Sunny,1,Airport,94.28,260.17,4.18,4.83,None,29.95,67,1213.03
27.04,107.54,1.2,High,Mini,Sunny,1,SemiUrban,109.71,82.46,3.79,,Pop,66.09,30,1246.81
33.66,,1.0,Low,Premium,Sunny,0,Airport,97.31,250.21,3.53,3.2,Pop,6.84,26,1738.18
7.62,32.53,1.5,Low,Premium,Rainy,1,SemiUrban,108.1,147.79,3.08,4.36,None,95.32,3,1299.53
1.75,-2.33,1.2,Medium,SUV,Rainy,1,Airport,114.64,153.79,4.98,4.91,None,23.32,43,824.33
31.39,109.88,1.2,High,Mini,Rainy,1,SemiUrban,95.21,124.15,3.76,3.39,Classical,81.52,36,1589.1
24.78,69.43,1.0,Medium,SUV,Sunny,1,Urban,,80.68,3.75,3.39,Classical,67.91,28,1132.73
28.29,78.39,2.0,Low,Sedan,Rainy,0,Airport,101.49,236.32,3.79,3.5,Pop,40.78,41,2733.3
33.69,97.06,1.0,Medium,Mini,Sunny,0,SemiUrban,119.98,274.7,4.55,3.1,Classical,72.03,70,1248.96
32.31,76.9,1.0,Low,Mini,Rainy,0,Urban,111.35,175.52,4.32,4.61,Pop,35.81,45,1168.36
38.48,81.26,2.5,High,Sedan,Sunny,0,Airport,,97.95,4.89,3.76,Pop,66.73,2,3641.93
21.9,95.91,1.5,High,SUV,,0,SemiUrban,96.86,127.53,3.15,4.55,None,0.33,27,1750.45
20.05,63.22,1.0,Medium,SUV,Foggy,1,Airport,94.72,71.1,4.92,4.25,Classical,95.8,57,1216.85
16.67,57.39,2.0,Low,Sedan,Sunny,1,Airport,90.46,257.64,4.18,3.22,Classical,14.95,82,1952.12
6.99,24.58,1.0,Low,Sedan,Rainy,1,Urban,99.48,180.18,4.86,4.09,Rock,51.58,52,668.78
23.33,49.81,1.0,High,Sedan,,0,Airport,99.73,294.67,4.53,4.43,Pop,26.34,5,1223.01
11.8,62.45,1.2,Medium,SUV,Rainy,1,SemiUrban,97.05,243.1,4.97,,Rock,38.09,52,1200.08
36.93,78.71,1.0,Low,Mini,,1,Airport,106.59,231.54,3.43,3.84,None,33.31,66,1307.08
23.74,88.63,2.0,Low,Sedan,Sunny,0,Airport,96.55,159.5,4.04,4.62,None,98.14,32,2295.65
24.12,,1.5,Medium,Mini,Sunny,0,Urban,118.23,137.19,4.88,4.97,Pop,13.14,63,1581.49
14.84,54.44,1.0,High,Mini,Rainy,0,Urban,111.97,118.99,3.28,4.4,Pop,14.94,2,829.39
3.03,11.02,2.0,Medium,Mini,Sunny,0,SemiUrban,93.64,297.13,4.56,3.62,Rock,97.16,57,965.15
2.24,1.43,1.0,Low,Sedan,Sunny,0,Urban,98.07,107.69,4.83,3.56,Pop,13.21,57,462.44
17.51,53.78,1.2,Medium,Mini,Rainy,0,Urban,119.47,86.68,3.75,4.17,None,8.6,86,981.1
4.3,18.57,2.0,Low,SUV,Sunny,1,SemiUrban,,167.73,3.89,4.87,Rock,50.75,11,1239.74
24.67,57.86,2.0,High,Sedan,Rainy,0,Airport,93.51,179.49,4.66,3.46,None,20.39,99,2545.17
35.36,90.19,1.0,Low,Premium,Sunny,1,Airport,96.97,94.35,4.13,3.46,Pop,21.31,69,1643.38
35.43,116.9,1.0,Medium,Mini,Sunny,0,Airport,111.42,137.43,3.96,4.03,None,81.94,50,1375.05
26.7,93.88,1.0,Low,Sedan,Sunny,1,SemiUrban,105.54,123.14,3.55,4.15,Rock,23.61,26,976.7
9.24,21.35,1.2,Low,Premium,Rainy,1,SemiUrban,92.03,235.37,4.07,4.87,Classical,32.51,97,1200.32
34.66,134.93,1.2,Medium,Mini,Sunny,0,SemiUrban,100.85,172.08,3.75,3.65,Classical,66.64,34,1466.74
35.56,83.27,1.0,High,Mini,Rainy,0,Urban,92.6,244.32,3.94,3.86,Pop,98.92,58,1330.86
8.67,18.08,1.0,Low,Sedan,Rainy,0,SemiUrban,98.72,73.0,4.7,3.71,Rock,49.17,2,542.57
29.76,119.72,1.5,Medium,Mini,Foggy,1,Urban,95.13,129.02,4.69,4.47,Classical,66.23,98,1777.73
12.17,41.78,1.0,Medium,Mini,Rainy,0,Airport,,124.57,3.04,3.71,Rock,50.1,75,815.67
32.3,123.45,1.0,Medium,Premium,Foggy,0,Urban,113.34,164.59,4.09,3.87,Rock,17.98,3,1750.56
39.89,,2.5,Medium,SUV,Sunny,0,Urban,113.5,150.75,4.9,3.73,None,44.43,15,3825.37
2.17,-7.17,1.0,Low,Sedan,Sunny,0,Urban,111.97,115.26,3.89,3.06,Pop,62.91,16,499.14
36.0,98.0,1.5,Medium,Mini,Sunny,0,SemiUrban,,254.47,3.22,4.08,Rock,6.45,70,1961.96
25.28,95.67,1.0,High,Mini,Rainy,0,SemiUrban,97.35,276.68,,3.79,None,16.93,77,1199.51
38.96,119.65,1.0,High,Mini,Rainy,1,Airport,103.22,243.77,3.82,3.26,Pop,81.55,69,1609.85
19.14,75.01,1.2,Medium,Sedan,Rainy,1,Urban,103.8,225.13,4.75,4.2,Classical,8.19,59,1280.23
34.05,106.78,1.2,High,Sedan,Sunny,0,Urban,106.05,197.23,4.79,4.38,Rock,16.58,1,1757.05
3.43,24.35,1.2,Low,Mini,Sunny,1,Urban,115.69,133.93,4.32,4.02,Classical,25.43,78,609.79
14.08,54.35,1.0,Medium,SUV,Rainy,0,Urban,116.66,279.62,4.91,3.5,None,5.56,97,1080.41
3.61,16.55,1.2,Medium,Sedan,Sunny,0,SemiUrban,96.48,212.16,3.14,4.07,Rock,79.11,46,708.14
39.04,138.83,1.2,Low,Mini,Rainy,0,Urban,102.96,272.37,3.74,3.56,Classical,53.2,95,1892.97
32.86,121.5,1.0,High,Sedan,Sunny,0,SemiUrban,94.44,163.22,4.59,3.3,None,20.47,66,1424.75
34.25,75.63,2.5,Low,Mini,Sunny,1,Airport,109.45,153.02,4.68,3.19,Classical,9.52,83,3042.21
37.58,128.59,2.0,Low,Sedan,Foggy,0,Airport,107.16,69.24,3.18,3.34,None,57.31,2,2963.82
4.32,24.32,2.0,Low,Sedan,Sunny,1,SemiUrban,115.52,134.35,4.17,4.88,Rock,60.71,13,1049.07
16.04,71.58,1.2,Low,Premium,Rainy,1,SemiUrban,105.57,146.46,4.33,3.58,Pop,68.52,90,1407.18
3.77,-5.73,1.0,Medium,Mini,Sunny,0,Urban,113.43,173.55,3.44,4.28,Classical,77.21,95,479.01
9.22,29.44,1.2,Medium,Mini,Sunny,0,Urban,99.54,168.78,3.07,4.53,Rock,97.23,92,720.48
9.95,32.21,1.5,Low,Mini,Rainy,1,Urban,110.83,279.48,3.04,4.13,Pop,83.75,15,1082.06
19.3,,1.0,High,Mini,Rainy,0,Urban,91.2,176.83,3.72,4.01,Rock,23.75,72,939.62
11.47,24.87,1.2,Low,SUV,Rainy,0,Airport,94.55,261.32,3.25,3.7,None,7.96,65,1334.04
4.94,12.75,1.0,High,Sedan,Rainy,0,Urban,103.41,82.1,,,Classical,9.5,46,562.71
7.53,32.17,1.0,Low,Premium,Rainy,0,Urban,116.61,193.03,3.5,4.8,Rock,83.74,92,933.85
6.74,27.24,1.0,Medium,Mini,Foggy,0,SemiUrban,116.55,184.47,3.68,4.2,None,75.92,96,624.28
38.95,152.24,2.5,Low,SUV,Sunny,0,Airport,107.96,88.96,3.69,3.29,Classical,4.41,51,4153.24
30.61,78.12,1.5,Medium,Mini,Sunny,1,SemiUrban,93.9,111.28,4.86,4.49,Rock,73.22,94,1502.75
38.74,136.25,1.0,Medium,SUV,Sunny,1,Urban,110.43,175.09,4.72,3.19,Classical,73.75,33,1638.27
18.15,52.33,1.2,High,Mini,Rainy,0,Airport,95.31,180.31,4.3,4.04,Pop,81.86,37,1279.38
11.86,52.8,1.0,Low,SUV,Sunny,0,Urban,100.51,275.02,3.31,3.12,Rock,65.52,83,934.45
32.13,93.53,1.2,Medium,Mini,Sunny,0,Urban,99.43,91.12,3.15,3.95,Pop,53.89,72,1323.62
13.72,50.06,2.0,Medium,Mini,Sunny,0,Airport,116.53,126.18,,4.08,Classical,29.79,19,1565.4
38.04,82.36,1.2,High,Sedan,Sunny,0,SemiUrban,110.81,110.02,4.14,,None,6.0,34,2770.21
10.07,36.33,1.5,High,SUV,Rainy,0,SemiUrban,,245.65,4.45,3.88,Pop,9.83,55,1437.93
6.06,28.51,1.2,Low,SUV,Rainy,1,Urban,115.3,103.98,3.05,3.49,Rock,43.58,29,920.37
11.0,46.66,1.2,Medium,Mini,Rainy,1,SemiUrban,102.91,274.69,3.39,3.18,Classical,17.93,59,1004.45
14.86,48.48,1.2,Low,Mini,Rainy,0,Airport,112.64,282.64,3.88,4.25,Rock,1.68,3,1244.72
27.29,96.71,1.5,Medium,Mini,Sunny,0,SemiUrban,113.3,77.99,3.72,3.31,Pop,45.72,44,1587.49
3.44,7.73,1.2,High,SUV,Rainy,0,Airport,119.96,104.22,3.92,3.76,Classical,99.55,89,1084.29
,20.04,2.5,High,Mini,,1,Airport,100.41,146.08,3.65,4.47,Pop,97.36,45,1805.26
32.55,126.48,1.5,Medium,SUV,Rainy,0,Airport,115.93,266.77,4.18,4.21,Pop,75.7,58,2576.08
6.73,23.97,1.5,Medium,Sedan,,0,Urban,98.6,80.48,4.73,4.75,Classical,25.35,40,858.37
14.36,59.08,1.5,Medium,Sedan,Sunny,0,Airport,119.87,136.13,3.16,4.36,None,78.71,9,1463.57
,,1.0,Medium,SUV,Sunny,0,Airport,102.31,225.32,3.59,,Pop,63.27,72,1488.07
7.04,37.65,1.0,Low,Sedan,Foggy,0,SemiUrban,109.81,230.78,3.53,3.43,Rock,32.84,43,633.16
4.23,19.51,1.2,Medium,Mini,Sunny,1,Urban,119.84,139.1,4.09,3.08,None,4.53,71,551.07
19.9,69.55,1.2,Low,Mini,Sunny,0,SemiUrban,96.01,290.79,4.78,3.16,Classical,48.86,13,1073.17
12.79,61.8,1.5,Low,Mini,Sunny,0,Airport,108.72,138.12,4.64,3.41,Rock,58.65,97,1250.53
22.97,54.62,1.0,Medium,Sedan,Sunny,0,Urban,119.95,203.38,4.81,3.11,None,61.05,32,1112.85
32.35,108.63,1.0,High,Mini,Rainy,1,SemiUrban,118.32,203.84,3.43,3.53,Classical,30.19,21,1456.57
6.35,20.95,2.0,Medium,Sedan,Sunny,1,SemiUrban,96.62,250.11,3.69,4.71,None,71.77,85,1281.49
23.65,,1.0,Medium,Mini,Sunny,0,Urban,92.96,139.21,3.55,,Classical,68.31,51,1085.79
20.71,47.59,1.0,High,SUV,,0,Urban,102.78,152.58,4.09,4.63,None,30.41,96,1136.71
6.62,33.01,1.0,Low,Sedan,Sunny,0,Airport,112.9,154.55,4.34,3.64,Pop,73.52,16,743.89
25.34,70.79,1.5,Low,SUV,Sunny,1,SemiUrban,113.69,64.68,3.83,3.88,None,74.74,48,1584.94
11.67,41.71,1.2,High,Mini,Sunny,0,SemiUrban,108.22,233.16,3.62,4.71,Rock,83.69,48,950.98
20.03,71.64,2.5,High,SUV,Rainy,0,SemiUrban,108.45,242.16,4.26,3.99,Rock,42.62,57,3025.5
4.21,16.51,1.0,Medium,SUV,Foggy,0,Urban,93.62,255.16,4.0,3.25,Classical,93.52,69,774.81
18.92,57.11,2.0,Low,Mini,Sunny,1,Airport,103.24,228.59,,3.72,None,96.21,23,1863.97
12.95,40.05,1.0,High,Premium,Rainy,1,Airport,107.29,198.13,3.11,4.63,Pop,71.7,85,1317.68
33.07,89.47,1.0,Medium,Mini,Sunny,0,SemiUrban,110.51,191.06,4.47,3.14,Pop,65.58,55,1126.66
3.22,28.78,1.2,Low,Mini,Sunny,0,SemiUrban,92.75,210.93,4.39,4.48,None,82.07,24,519.78
17.33,50.97,1.0,Low,Sedan,Rainy,0,Airport,110.72,52.02,4.73,4.47,None,13.68,70,981.12
18.88,47.27,1.0,High,Mini,Sunny,0,Urban,118.24,161.97,4.69,3.89,Rock,77.66,4,788.92
29.28,96.3,1.0,Low,SUV,Rainy,0,Airport,113.59,59.93,3.3,3.04,Rock,43.63,10,1443.65
23.4,57.68,1.0,Low,Mini,Sunny,0,Urban,108.72,172.09,4.28,3.49,Classical,91.47,12,982.86
81.06,167.24,2.0,Medium,Sedan,Sunny,0,Urban,92.91,87.18,4.21,,Pop,9.4,42,6014.85
31.3,,1.0,Low,Sedan,Sunny,1,Urban,113.83,52.33,4.39,4.53,None,18.38,30,1283.45
34.63,122.66,2.5,Low,SUV,Rainy,1,SemiUrban,,232.62,4.96,4.08,Classical,36.19,1,3908.17
13.24,34.71,2.0,Low,Mini,Sunny,0,Airport,106.46,226.14,3.22,3.67,Rock,97.03,19,1636.56
,,1.0,Low,Sedan,Rainy,1,Urban,114.06,146.67,4.26,4.23,Rock,58.93,37,1003.36
33.76,143.58,1.2,High,Mini,Foggy,1,Airport,110.24,66.37,4.19,3.21,Classical,91.88,22,1805.25
39.59,127.74,1.2,Medium,Sedan,Sunny,0,Urban,,293.73,3.01,4.99,Classical,93.79,2,1886.11
35.69,123.67,1.5,Low,SUV,Rainy,1,SemiUrban,97.04,87.71,4.32,,Pop,3.38,66,2135.48
15.49,51.69,2.0,Low,Mini,,0,Airport,105.13,172.08,3.99,4.65,Rock,73.01,39,1862.94
8.61,25.04,1.2,Low,Mini,Sunny,0,Urban,94.62,118.02,4.55,3.88,Pop,27.89,83,560.94
20.09,67.71,1.0,Low,Sedan,Sunny,0,Urban,91.81,83.09,4.51,4.78,Classical,39.54,7,801.26
29.92,121.76,1.2,Medium,Mini,Rainy,1,Urban,97.02,178.2,3.09,3.4,Pop,0.66,95,1531.08
20.21,70.61,2.0,Low,Mini,Sunny,0,Urban,101.01,98.98,4.56,4.1,Rock,69.26,18,1528.65
19.84,41.18,1.5,Medium,Mini,Sunny,0,Urban,109.4,140.2,4.79,4.19,Classical,84.84,1,1228.95
33.69,64.71,2.0,High,Sedan,Rainy,1,SemiUrban,104.98,201.63,4.26,3.93,None,9.88,65,2636.77
15.09,47.89,1.2,Low,Mini,Foggy,1,Airport,112.05,146.71,4.74,3.56,Pop,62.25,82,970.67
34.53,128.95,1.0,Low,Sedan,Sunny,0,SemiUrban,112.12,179.86,3.42,4.62,Pop,25.6,38,1332.8
16.87,55.92,2.5,High,Sedan,Sunny,0,SemiUrban,111.18,108.0,4.8,,Rock,98.38,67,2348.79
13.8,29.69,2.0,High,Sedan,Rainy,0,Airport,106.42,224.0,4.87,3.52,None,5.44,18,2107.02
18.71,72.05,1.0,High,SUV,Rainy,0,SemiUrban,109.89,208.64,3.57,3.83,Pop,52.7,22,1141.56
,76.97,1.0,Medium,Sedan,Rainy,0,Urban,119.32,223.24,3.69,4.66,None,83.8,8,1280.86
5.91,23.77,1.2,High,Mini,Sunny,0,Airport,111.17,134.94,4.42,3.02,Classical,73.96,38,820.51
8.66,24.58,1.5,High,Mini,Rainy,0,Airport,112.27,285.12,3.67,4.79,Rock,54.89,74,1330.33
38.11,105.55,1.0,Medium,Sedan,Sunny,1,SemiUrban,98.74,206.01,4.98,4.09,Pop,85.94,3,1382.0
7.84,19.25,1.0,Medium,SUV,Sunny,0,Airport,104.34,81.81,3.58,3.19,None,98.05,17,752.58
23.14,92.58,1.2,Low,SUV,Rainy,1,Airport,103.06,293.77,3.06,3.45,Rock,10.26,7,1711.45
23.59,93.1,1.0,Medium,Mini,Sunny,0,SemiUrban,100.6,192.22,4.64,3.14,None,7.35,86,1031.13
20.1,73.38,1.0,Low,SUV,Rainy,1,Airport,103.79,224.6,3.09,3.9,None,83.26,11,1252.37
26.15,80.45,1.2,Low,Sedan,Sunny,0,Urban,107.94,143.06,4.95,3.04,Pop,24.4,48,1266.67
9.96,49.94,2.0,Low,Mini,Sunny,0,SemiUrban,108.73,160.57,4.2,4.35,None,87.66,19,1168.19
22.55,50.3,1.2,Low,Sedan,Sunny,0,Urban,115.19,233.12,3.88,3.24,None,34.6,29,1215.33
,38.68,1.2,Medium,Mini,Sunny,1,SemiUrban,109.69,266.34,4.47,3.41,Classical,21.27,28,1022.74
26.81,110.42,1.2,Medium,Sedan,Sunny,0,Airport,116.08,290.12,4.43,3.03,Rock,32.24,28,1666.89
6.51,25.41,1.2,Low,Mini,Sunny,0,Urban,109.7,297.5,3.78,3.47,Pop,90.83,61,734.29
23.26,54.24,1.0,Medium,Mini,Rainy,0,Urban,100.5,198.81,3.43,3.08,Rock,74.07,36,965.65
8.23,,1.0,Medium,SUV,Sunny,0,SemiUrban,108.93,71.86,4.69,3.19,None,4.08,24,702.5
11.87,40.51,1.0,Medium,SUV,Sunny,0,SemiUrban,111.87,194.61,4.84,4.92,None,99.08,55,740.53
9.53,15.71,2.0,Low,Mini,Foggy,1,Urban,110.57,101.11,4.99,3.18,None,21.26,75,1146.86
8.13,23.54,1.5,High,Mini,Sunny,0,Urban,115.5,212.08,3.73,4.57,Rock,48.81,31,953.5
33.2,94.0,1.2,Medium,Sedan,Sunny,0,Urban,117.17,133.92,4.15,4.29,None,22.82,8,1552.21
12.14,68.15,2.0,High,SUV,Sunny,1,Airport,100.06,180.53,,3.59,Classical,27.69,48,2153.77
37.16,104.7,2.0,Low,Mini,Foggy,0,Urban,92.37,215.23,3.82,4.72,Rock,7.11,18,2608.4
38.83,115.91,2.0,Low,SUV,Sunny,0,Airport,109.69,277.08,4.58,3.95,Rock,65.98,96,3400.59
23.28,76.61,1.0,Low,SUV,Sunny,0,SemiUrban,93.31,248.18,4.88,3.59,None,53.35,40,1138.68
6.58,37.46,1.5,Low,Sedan,Rainy,0,SemiUrban,116.52,55.28,3.37,4.6,Pop,66.65,95,900.44
15.61,54.39,1.2,Low,Mini,Rainy,0,Urban,114.66,88.25,4.45,4.39,Classical,37.34,12,901.72
32.11,54.5,1.5,High,Mini,Foggy,0,Urban,111.41,267.19,4.41,3.16,Pop,86.37,52,1988.52
15.33,55.81,1.0,Medium,Mini,Rainy,1,Urban,117.79,235.81,3.78,3.66,None,53.1,92,965.05
4.39,20.56,1.2,Low,Mini,Sunny,0,Urban,,86.97,4.96,4.33,None,96.05,51,551.93
22.71,44.92,1.0,Medium,SUV,Sunny,0,SemiUrban,117.69,197.23,4.73,3.51,Classical,83.29,58,1096.05
33.96,108.81,1.5,Low,Mini,Sunny,1,Airport,112.06,196.9,4.99,,Rock,54.67,8,2009.03
32.04,88.19,1.5,Low,Mini,,1,SemiUrban,101.05,243.73,4.1,3.6,Pop,97.66,19,1763.18
7.83,25.64,1.0,Medium,Sedan,,0,Urban,91.43,253.35,3.44,3.41,None,22.93,24,617.74
27.24,94.59,1.0,Medium,SUV,Rainy,0,SemiUrban,91.85,218.5,3.56,,Classical,58.18,30,1261.46
9.6,44.36,1.5,Medium,Mini,Sunny,1,SemiUrban,113.79,228.31,4.58,3.72,Pop,69.79,32,965.77
9.51,33.45,1.2,Low,SUV,Sunny,0,Urban,95.74,216.67,3.72,4.31,Classical,8.04,11,922.17
35.09,102.58,1.2,Low,Sedan,Sunny,0,Urban,99.39,87.75,3.43,4.18,Pop,51.5,79,1532.03
10.74,41.49,1.5,High,Sedan,Foggy,0,Airport,107.58,221.14,4.84,3.87,Rock,17.71,2,1482.6
11.27,34.75,2.0,High,SUV,Sunny,0,Urban,,167.78,3.68,4.49,Rock,67.92,74,1722.42
1.03,-2.91,1.0,Low,Mini,Rainy,0,SemiUrban,119.56,294.45,3.16,4.73,Classical,15.13,66,554.05
,77.12,1.2,Medium,Sedan,Sunny,1,Airport,114.51,227.21,4.13,3.16,Pop,78.59,28,7180.05
31.91,131.62,1.5,Low,Sedan,Sunny,0,Airport,107.54,143.53,4.1,4.28,Pop,60.24,11,2111.06
25.47,105.6,2.0,Low,SUV,Sunny,0,Urban,117.25,277.51,3.84,4.43,None,16.05,27,2642.4
,70.21,1.0,Medium,Mini,Rainy,0,Urban,104.81,107.59,3.89,3.88,Pop,61.6,95,1183.23
6.93,18.74,1.0,Medium,Mini,,0,Airport,116.91,166.86,3.44,3.11,Rock,0.83,72,760.2
18.87,48.0,1.0,High,Mini,Rainy,0,Urban,114.78,65.91,3.59,3.88,None,3.68,43,921.18
14.7,38.4,2.0,Medium,SUV,Rainy,0,Urban,90.42,207.18,3.97,4.75,None,21.87,7,1911.62
4.66,19.34,1.2,Medium,SUV,Sunny,0,Urban,113.9,189.64,4.94,3.32,None,37.82,25,890.01
19.96,68.01,1.0,Low,Sedan,Rainy,0,Airport,113.52,176.12,4.96,3.73,Classical,14.58,17,1145.1
36.91,139.59,1.0,Medium,Mini,Rainy,0,Urban,99.52,101.67,3.17,4.49,Classical,78.75,58,1442.69
2.56,-0.07,1.0,High,Mini,Rainy,1,Urban,104.79,173.6,4.81,4.75,Rock,11.19,84,535.13
12.37,,1.2,Medium,Sedan,Sunny,0,Urban,94.15,164.79,3.88,4.83,None,4.48,47,995.11
9.09,,1.2,Low,Premium,Sunny,0,Airport,110.0,55.46,3.92,4.56,Classical,0.73,20,1175.52
10.29,31.79,1.2,High,SUV,Foggy,0,SemiUrban,110.23,90.59,3.72,4.19,None,56.42,66,1027.31
36.43,114.87,1.0,Low,SUV,,0,Airport,119.44,275.47,4.76,3.7,Pop,57.5,66,1614.54
19.25,61.41,1.0,Medium,Sedan,Rainy,1,Airport,111.68,247.24,3.91,3.97,Pop,18.62,90,1201.17
19.19,67.01,1.5,Low,Premium,Sunny,0,Urban,103.42,79.97,,3.02,None,26.39,28,1702.43
30.66,99.95,1.0,Low,SUV,Sunny,0,Airport,95.41,293.18,4.87,,Rock,77.97,78,1464.28
7.03,23.22,2.0,Low,Mini,Sunny,0,Urban,113.63,166.33,4.95,4.45,None,89.34,14,1047.42
20.0,77.01,1.0,Medium,Sedan,Sunny,0,Urban,100.61,237.5,3.86,4.31,None,32.74,15,1018.07
17.77,54.28,1.0,Medium,Sedan,Foggy,0,SemiUrban,118.31,185.45,3.87,3.02,Classical,43.65,80,952.7
24.28,68.68,1.2,Medium,Sedan,Sunny,1,Urban,98.31,241.08,3.04,4.09,None,6.87,99,1241.62
39.98,141.46,2.0,Medium,Premium,Sunny,0,Airport,95.9,215.61,3.4,3.01,None,84.53,58,3808.9
31.01,94.68,1.0,Medium,Mini,Foggy,0,Urban,108.61,66.28,3.24,3.73,Pop,65.71,68,1123.79
16.52,47.37,1.2,High,SUV,Rainy,0,Airport,117.47,278.39,4.59,4.98,Classical,7.92,19,1654.07
33.27,74.26,1.2,High,Sedan,Sunny,0,Airport,94.23,242.11,4.03,3.82,None,58.98,98,1607.6
7.66,29.36,1.0,Low,SUV,Sunny,0,Airport,91.24,105.4,3.58,4.79,None,10.23,47,753.85
2.19,,1.0,Low,Mini,Sunny,0,Urban,119.02,106.59,,3.03,Pop,74.33,35,417.63
8.97,41.16,2.0,Medium,Sedan,Rainy,0,SemiUrban,94.1,221.67,4.29,4.44,Classical,13.17,6,1559.71
14.28,27.83,1.0,Low,Mini,Foggy,0,SemiUrban,108.23,225.23,,3.91,Classical,46.7,72,737.58
20.91,49.32,1.2,High,Mini,Sunny,1,Airport,95.97,71.77,3.51,4.09,Pop,70.86,43,1130.96
24.99,80.49,2.5,Low,Mini,Sunny,0,Urban,95.03,276.26,4.73,4.99,None,18.22,24,2461.18
36.51,83.17,1.0,Medium,Sedan,Rainy,1,Urban,94.68,236.73,4.71,3.61,Classical,9.91,99,1384.4
20.88,86.63,1.0,Low,Premium,Sunny,0,Airport,,296.01,,4.72,Pop,75.67,30,1456.79
20.55,53.6,1.0,Medium,Mini,Sunny,1,SemiUrban,112.79,158.18,4.63,4.83,Classical,73.65,43,874.01
2.96,14.06,1.0,Low,Mini,Foggy,0,Airport,93.59,71.55,4.61,3.6,Pop,33.76,92,495.31
2.36,9.34,1.0,Medium,Mini,Sunny,0,Urban,94.1,276.42,4.7,3.09,None,21.3,16,460.66
22.5,90.93,1.2,High,Sedan,Rainy,1,Urban,118.03,253.22,4.79,4.57,Classical,92.07,21,1535.87
18.09,74.91,1.5,Low,Mini,Sunny,1,Urban,,50.06,3.85,4.87,Classical,64.53,97,1208.78
33.73,98.12,1.2,Low,Premium,,0,Airport,,182.51,3.44,3.96,Pop,53.42,71,2041.82
7.27,10.47,2.0,Medium,Sedan,Rainy,0,Urban,,51.87,3.14,4.75,Classical,27.26,11,1196.59
1.97,28.26,1.0,Medium,SUV,Sunny,0,SemiUrban,91.57,137.88,3.55,3.44,Classical,36.52,91,572.33
18.51,72.61,1.0,Low,SUV,Sunny,1,Urban,101.89,267.36,4.73,4.51,Pop,33.8,34,1068.9
10.26,34.84,1.0,High,Sedan,Sunny,0,Airport,106.66,218.45,4.99,4.41,Rock,95.31,95,1016.11
2.93,17.86,1.0,Low,SUV,Rainy,0,Airport,101.17,262.65,3.85,4.05,Pop,13.77,31,755.6
29.26,65.08,1.0,Low,SUV,Sunny,1,Airport,111.4,189.3,3.94,3.64,Rock,43.45,27,1255.66
5.35,24.15,1.2,Medium,Mini,Sunny,1,SemiUrban,,243.54,3.79,3.5,None,4.35,71,606.77
24.72,97.68,1.5,Low,SUV,Sunny,0,SemiUrban,103.41,171.55,4.1,4.44,Classical,51.98,45,1773.03
11.96,34.36,2.5,Medium,Sedan,Sunny,0,Airport,92.38,175.7,3.96,4.14,Classical,84.32,92,2057.09
7.77,35.66,1.0,Low,Mini,Sunny,0,Urban,107.87,199.5,4.37,4.73,Pop,96.8,12,531.39
15.81,63.46,1.5,High,Sedan,Rainy,0,Airport,97.26,85.15,3.55,4.64,None,30.99,37,1632.73
32.26,102.9,1.5,Medium,Mini,Rainy,1,SemiUrban,101.58,210.86,3.81,3.35,None,19.19,67,1885.75
16.29,51.14,1.0,Medium,Sedan,Sunny,0,Airport,90.43,263.92,3.81,3.43,Rock,62.0,45,954.26
30.28,127.66,1.0,Low,SUV,Rainy,0,SemiUrban,105.63,89.88,3.64,4.89,Rock,30.85,90,1381.28
5.89,14.34,2.5,Low,Mini,Sunny,0,Airport,110.97,144.21,4.6,3.75,Pop,9.94,56,1492.46
31.14,115.14,1.2,Medium,Mini,Rainy,0,Airport,107.32,280.08,4.08,4.09,None,20.6,50,1798.68
10.24,33.38,2.5,Low,Premium,Rainy,1,SemiUrban,112.55,127.85,4.12,3.85,Classical,2.14,50,2370.53
27.42,,1.2,Low,Sedan,Rainy,0,Urban,119.98,268.8,3.48,4.13,Rock,88.49,33,1524.06
23.07,62.85,1.0,Medium,Mini,Rainy,0,SemiUrban,108.98,210.3,3.85,,Rock,37.56,56,996.16
37.24,131.67,1.0,Low,SUV,Rainy,1,Urban,96.63,260.86,3.69,3.73,Rock,77.93,28,1626.7
16.11,79.68,2.5,Medium,SUV,Rainy,1,Airport,107.17,85.69,4.82,3.66,Pop,65.51,86,2904.57
3.58,11.53,1.0,High,Mini,Rainy,0,SemiUrban,97.35,246.76,3.08,4.69,Pop,19.33,19,605.86
1.75,13.62,1.0,Medium,Mini,Sunny,0,Airport,99.91,57.42,3.35,4.24,None,39.56,77,545.4
33.25,107.68,1.2,High,SUV,Sunny,1,Airport,100.56,148.64,4.32,4.71,Classical,44.55,89,1839.57
21.46,54.6,1.0,High,Mini,Sunny,0,SemiUrban,105.6,119.95,4.21,4.74,Pop,65.09,68,863.92
31.23,108.09,1.0,Low,Sedan,Sunny,1,Airport,105.71,210.29,4.43,3.32,None,92.69,39,1361.46
10.14,,1.2,Low,Mini,Rainy,0,Airport,,241.16,3.09,4.6,Rock,19.03,10,1008.52
14.46,59.59,1.0,Medium,Sedan,Foggy,0,Urban,103.13,136.27,4.77,4.8,Rock,40.36,89,833.88
2.17,17.33,1.0,Medium,Mini,Rainy,1,Urban,95.63,259.27,4.86,3.88,Classical,20.23,6,508.9
38.5,164.54,1.0,Low,Sedan,Rainy,1,Airport,104.73,187.93,4.56,4.01,Pop,82.43,54,1738.05
27.05,79.16,1.2,Low,Mini,Sunny,0,Urban,113.89,238.24,3.35,3.75,Pop,73.61,99,1340.64
37.39,88.5,1.0,Medium,Mini,Rainy,0,Urban,111.08,231.28,4.58,3.3,Pop,82.56,44,1414.13
11.35,29.52,1.0,Medium,Mini,Sunny,1,Airport,93.46,84.6,,4.07,Pop,77.34,98,691.45
24.85,88.51,1.5,Low,Mini,,0,SemiUrban,118.45,232.86,3.3,,Classical,2.71,59,1698.02
27.46,102.34,1.0,Medium,SUV,Rainy,0,SemiUrban,99.17,256.58,3.16,4.65,Rock,26.58,19,1442.53
13.38,50.25,1.0,High,SUV,Foggy,0,Airport,107.59,58.76,3.09,3.97,Classical,35.35,34,1079.3
34.08,106.88,1.2,Medium,SUV,Rainy,1,SemiUrban,90.96,90.6,4.68,4.91,Classical,80.22,80,1622.58
37.94,126.53,1.0,Low,Sedan,Sunny,1,Airport,117.28,180.1,4.69,4.47,Rock,85.2,85,1544.25
35.51,80.18,1.0,Low,Mini,Sunny,0,Urban,110.51,64.71,3.07,3.47,Classical,47.05,6,1110.79
29.82,96.01,1.2,Medium,Mini,Rainy,0,SemiUrban,,141.52,4.43,3.81,Classical,98.62,61,1362.99
11.82,34.65,1.5,High,Mini,Sunny,0,Urban,110.5,259.85,3.51,4.23,Rock,53.02,4,1201.36
11.98,37.65,1.5,High,SUV,Rainy,1,Urban,98.78,75.26,3.45,3.27,Rock,50.92,79,1371.67
38.57,141.46,1.2,Medium,Mini,Sunny,0,Airport,97.79,84.99,4.12,,None,53.66,54,1684.53
1.4,-10.93,1.2,Low,Premium,Sunny,0,SemiUrban,103.41,79.81,3.92,4.74,Pop,73.81,39,710.88
28.93,66.93,1.5,Medium,SUV,Sunny,0,Airport,108.0,186.22,3.38,3.35,None,37.66,92,2017.16
,113.75,1.0,High,Premium,Rainy,0,Airport,96.28,126.02,3.01,3.17,None,90.65,12,1662.64
25.28,65.31,1.0,High,Sedan,Sunny,0,SemiUrban,112.29,254.08,3.65,3.99,Rock,54.95,87,1156.21
39.61,94.46,1.2,Medium,Sedan,Rainy,0,Urban,107.34,195.55,3.81,4.78,Rock,43.01,43,1874.4
13.16,37.21,1.0,Medium,Mini,Sunny,1,Airport,90.22,217.5,,4.41,Pop,24.61,51,844.5
14.26,40.8,1.5,Medium,Sedan,Sunny,0,Urban,106.48,126.89,3.82,4.15,Classical,36.68,65,1208.11
4.08,19.56,1.0,High,Premium,Rainy,1,Urban,102.63,172.95,3.76,3.35,Pop,65.98,9,997.48
18.27,76.47,1.0,Medium,Mini,Sunny,0,Airport,110.08,142.67,4.93,4.49,Pop,97.38,38,911.55
11.18,44.02,2.0,Low,Mini,Sunny,1,Airport,116.93,174.32,4.84,4.35,None,58.21,85,1597.65
14.39,47.57,1.0,Medium,Mini,Rainy,0,SemiUrban,97.88,222.07,3.78,4.92,Pop,53.67,70,819.78
33.55,123.58,1.2,High,Premium,Foggy,0,Urban,110.21,162.71,4.88,3.25,None,30.28,95,2062.53
37.48,88.74,1.0,Medium,Mini,Sunny,0,Urban,94.55,66.67,3.17,3.66,None,92.07,75,1183.4
8.24,18.69,1.0,Medium,SUV,Rainy,1,Airport,92.57,142.72,3.03,3.97,Rock,61.42,38,794.99
15.53,68.38,1.0,Medium,Mini,Foggy,0,Urban,117.95,272.13,3.66,4.28,Classical,84.86,81,952.33
37.22,146.27,1.0,Medium,SUV,Rainy,1,SemiUrban,115.87,255.8,3.37,3.94,Rock,6.62,98,1768.37
,25.81,2.5,Low,Sedan,Rainy,0,Urban,105.04,258.23,4.41,3.78,Rock,76.56,43,1662.78
4.6,34.19,2.0,Medium,Mini,Foggy,0,Urban,94.15,95.27,4.25,3.74,None,26.26,93,990.76
7.35,25.13,1.2,Medium,Sedan,Foggy,0,SemiUrban,97.9,69.84,4.95,,Rock,95.67,53,791.05
24.21,64.5,2.0,High,SUV,Rainy,0,Urban,107.02,253.32,4.51,3.82,Rock,14.54,54,2582.14
6.87,9.97,1.2,High,Sedan,Sunny,0,Urban,109.56,216.49,3.79,3.5,Classical,10.76,95,767.56
38.75,113.14,1.0,Medium,Sedan,Sunny,0,SemiUrban,110.72,177.07,3.54,3.58,None,34.4,50,1382.28
18.42,67.93,1.0,High,Mini,Sunny,0,Airport,112.43,221.79,,3.01,Rock,30.1,30,1138.35
20.56,75.22,1.2,Low,SUV,Sunny,1,Airport,96.3,282.72,3.53,3.07,None,98.61,35,1472.8
10.62,49.29,1.0,Medium,Mini,,1,Airport,98.89,82.28,3.36,3.57,Classical,62.46,27,748.31
19.37,59.18,1.0,Low,Mini,Sunny,0,Airport,90.38,92.38,4.68,3.38,Classical,77.95,56,794.96
26.81,103.66,1.5,Low,Mini,Sunny,0,Airport,92.22,197.47,3.65,4.12,Rock,14.17,83,1874.87
30.3,112.5,1.0,High,Mini,Sunny,0,Urban,99.28,226.7,4.37,4.03,Pop,99.55,92,1199.33
30.4,70.15,1.0,High,Sedan,Sunny,0,Urban,95.57,210.9,4.3,4.71,Pop,86.52,5,1175.01
23.54,83.51,1.0,Medium,Sedan,Sunny,1,SemiUrban,104.78,113.49,3.12,3.12,None,94.87,75,913.27
36.27,92.21,1.2,Low,Sedan,Sunny,0,Urban,115.46,205.55,3.05,4.37,Rock,21.75,90,1707.86
32.88,63.17,1.0,Medium,Mini,Rainy,0,Urban,111.69,190.06,3.89,4.82,Pop,32.36,70,1248.24
30.52,111.6,1.2,High,Mini,Rainy,1,SemiUrban,112.64,56.04,4.85,4.24,Classical,87.1,33,1583.54
3.17,18.64,1.0,Low,SUV,,0,SemiUrban,108.01,205.59,4.28,4.7,None,37.28,82,657.78
,12.27,1.2,Low,SUV,Rainy,0,Urban,111.01,162.78,4.71,,Classical,1.35,70,763.42
9.29,21.87,1.0,Medium,Mini,Sunny,0,SemiUrban,95.4,263.33,3.09,4.56,Rock,93.86,30,567.39
26.88,102.57,2.5,High,Sedan,Rainy,0,Airport,106.57,213.83,3.76,3.13,Rock,18.72,78,3577.71
17.04,62.63,1.2,Low,Mini,Rainy,1,SemiUrban,107.12,186.68,3.12,3.33,Classical,1.43,53,1012.72
16.69,63.26,1.5,High,SUV,Sunny,1,Urban,108.86,273.88,,3.18,Classical,30.27,77,1754.56
35.5,89.94,1.5,Medium,Premium,Rainy,1,Airport,113.38,215.96,3.57,4.82,Pop,68.46,1,2697.97
,80.21,1.2,Low,Mini,Sunny,1,Airport,118.32,112.64,4.84,4.14,Rock,63.36,21,1476.16
36.46,111.8,1.0,Medium,SUV,Sunny,0,Urban,111.35,166.89,4.64,3.68,None,19.95,18,1530.15
13.24,41.48,1.2,Medium,Mini,Sunny,0,Airport,117.68,218.11,4.61,4.06,Rock,46.68,16,1160.54
27.95,89.78,1.2,Low,Mini,Rainy,0,SemiUrban,106.5,255.17,3.05,3.02,Pop,68.01,5,1411.29
11.59,42.8,1.2,Medium,Sedan,Sunny,0,SemiUrban,98.68,120.84,4.02,4.39,Pop,57.23,80,872.59
8.43,45.18,1.0,Medium,Sedan,Sunny,0,Urban,109.76,231.63,3.19,,Pop,72.69,9,768.0
8.2,18.19,1.0,Low,SUV,Sunny,0,Airport,119.43,220.7,4.73,3.49,Classical,43.89,83,834.47
14.34,61.95,1.0,Medium,Sedan,,0,Urban,111.29,86.79,3.9,3.49,Rock,39.06,16,924.27
17.77,43.62,1.0,Low,SUV,Sunny,0,SemiUrban,119.07,88.23,3.19,,None,5.77,33,1001.36
33.41,89.56,2.0,Low,Sedan,Rainy,1,Urban,90.67,175.42,4.97,4.33,None,89.27,46,2580.11
5.68,28.48,1.0,Low,Sedan,Sunny,0,Urban,97.75,152.79,3.58,4.25,Pop,87.97,92,545.68
29.66,90.54,1.0,Medium,Sedan,Sunny,1,Airport,98.21,83.39,3.4,4.19,Classical,43.16,6,1234.28
21.73,42.45,1.5,Low,Mini,Sunny,1,Urban,102.8,71.91,4.13,3.61,Classical,82.68,53,1174.23
12.23,50.06,1.5,Low,Sedan,Sunny,1,SemiUrban,90.92,274.41,3.97,4.5,Pop,62.48,62,1106.21
20.22,71.04,1.2,Low,SUV,Rainy,1,SemiUrban,117.43,97.89,3.55,4.97,Rock,25.27,93,1360.59
12.7,37.3,1.0,Medium,Mini,Rainy,0,Airport,111.21,141.89,4.47,4.26,None,17.74,63,807.46
24.25,55.93,1.0,Medium,Premium,Sunny,0,Airport,92.52,166.54,3.58,4.07,Rock,5.15,83,1443.62
17.92,75.92,1.0,Low,Sedan,Sunny,0,Airport,95.24,70.76,3.69,3.35,None,66.04,92,918.9
7.41,25.73,1.0,High,SUV,Sunny,1,Urban,108.09,84.55,4.4,3.16,Classical,28.27,4,728.91
5.55,31.49,1.0,Medium,Premium,Rainy,0,SemiUrban,117.26,181.36,4.14,3.45,Pop,89.75,60,978.05
22.32,81.8,1.0,Medium,Sedan,Sunny,0,Airport,92.63,224.85,3.58,3.97,Pop,85.4,2,1146.98
36.19,139.48,2.0,Medium,Mini,,0,Urban,103.0,261.12,4.85,3.57,Rock,71.94,90,2758.08
14.41,61.95,1.0,Low,SUV,Rainy,0,SemiUrban,96.0,265.63,4.44,4.97,Rock,61.58,78,1068.77
29.59,111.81,1.0,High,SUV,Foggy,0,SemiUrban,95.41,186.26,3.6,4.23,None,92.68,14,1522.94
26.69,115.61,2.5,Low,Mini,Sunny,1,Airport,111.9,121.7,4.73,3.67,Pop,84.48,76,2895.6
37.33,154.2,1.2,Medium,Mini,Rainy,1,SemiUrban,114.79,194.89,3.63,4.47,Classical,26.19,93,1784.17
33.02,84.5,1.0,Medium,Mini,Sunny,1,Urban,117.63,205.75,4.95,3.44,Classical,25.74,26,1235.37
23.1,,1.0,High,Mini,Sunny,0,Airport,110.52,121.73,4.82,4.82,None,2.18,29,1122.5
26.62,106.61,2.5,Low,SUV,Rainy,1,Urban,91.97,216.81,,3.97,Rock,49.07,96,3373.52
36.04,125.02,1.0,Medium,Mini,Sunny,0,SemiUrban,100.71,93.55,4.33,4.02,None,45.56,36,1236.81
16.58,72.18,1.2,Medium,SUV,Sunny,0,Urban,103.25,123.95,4.07,3.45,Rock,25.0,52,1176.51
13.74,27.95,2.0,Low,SUV,Rainy,1,Airport,98.28,282.52,4.63,3.03,Pop,96.64,90,2106.63
1.42,-2.17,1.0,Low,SUV,Sunny,1,SemiUrban,,177.51,4.72,4.98,Pop,54.24,8,494.36
33.24,77.76,1.5,Low,Mini,Rainy,1,Urban,96.98,87.63,4.26,4.5,Rock,15.18,50,1764.56
32.24,74.1,2.5,Low,Sedan,Sunny,0,SemiUrban,116.98,217.1,4.11,4.57,Classical,84.39,14,2989.09
,22.75,1.2,Low,Premium,Sunny,0,SemiUrban,94.3,107.43,3.68,3.66,Classical,44.4,52,918.34
23.5,65.41,1.0,Medium,Mini,Sunny,0,Airport,102.78,58.71,4.8,4.19,Classical,75.52,13,1002.14
19.1,41.11,2.0,Medium,Mini,Sunny,1,Urban,93.75,267.98,4.21,3.77,Rock,36.2,62,1697.8
5.63,18.49,1.2,High,SUV,Sunny,0,Urban,100.75,158.61,3.14,,Classical,7.33,96,834.2
39.24,135.64,1.5,Medium,Sedan,Rainy,0,SemiUrban,104.54,244.34,4.34,4.6,Rock,99.13,68,2405.24
9.37,13.59,1.2,Low,Sedan,Sunny,0,SemiUrban,106.62,263.62,3.43,3.02,Classical,83.13,11,739.16
3.62,17.3,1.0,High,Premium,Sunny,0,Airport,99.94,193.38,3.28,4.08,Rock,22.17,12,1049.29
24.2,73.65,1.0,High,SUV,Sunny,0,Airport,114.29,74.22,4.97,4.04,Pop,83.55,65,1234.43
29.82,119.16,1.0,Medium,Mini,Rainy,1,Urban,,130.06,4.79,3.71,None,80.95,64,1187.67
2.27,8.55,1.0,Low,Sedan,Rainy,0,SemiUrban,119.77,113.23,4.46,3.03,Classical,80.24,48,558.61
26.69,103.1,1.0,High,Mini,Rainy,1,SemiUrban,93.71,201.04,4.17,4.26,None,24.82,9,1298.61
21.76,90.54,1.0,Low,Mini,Foggy,0,Urban,95.51,152.72,3.77,4.41,Classical,15.73,37,951.36
5.03,22.86,1.0,Low,Sedan,Foggy,1,Airport,114.05,153.06,3.63,3.02,Pop,51.34,26,747.47
7.73,34.8,2.0,Medium,Mini,Rainy,0,Urban,106.63,213.64,3.67,,Classical,70.55,87,1462.88
23.15,85.32,1.5,Medium,SUV,Rainy,1,Airport,100.8,57.96,3.91,4.07,Pop,47.79,1,1936.29
12.56,55.34,1.2,Low,Mini,Sunny,0,SemiUrban,102.31,83.07,3.68,4.95,Pop,42.22,68,714.91
37.59,84.78,1.2,Medium,Sedan,Sunny,0,Airport,106.91,272.13,3.45,4.1,Rock,46.29,14,1828.93
32.93,128.35,1.0,Medium,SUV,Rainy,0,Airport,,259.04,4.82,4.66,Rock,95.49,75,1668.22
39.36,124.41,1.2,High,Sedan,,0,Urban,112.95,285.27,,3.88,Pop,92.44,46,2064.42
11.13,54.56,1.2,Low,Sedan,Sunny,0,SemiUrban,103.47,102.43,4.28,3.06,Rock,93.92,32,788.07
38.82,98.16,1.5,Low,Sedan,Sunny,1,SemiUrban,102.38,135.26,3.89,3.65,Pop,30.04,39,2011.23
17.82,62.21,1.0,Medium,SUV,Foggy,0,Urban,113.2,77.96,,3.87,Rock,2.6,85,1016.76
14.55,43.37,1.5,High,Mini,Sunny,0,SemiUrban,107.08,210.1,3.32,4.01,Rock,97.62,3,1181.36
2.96,5.16,1.5,Low,SUV,Sunny,0,Urban,112.62,245.37,3.28,,Classical,6.46,37,898.24
3.06,5.4,1.2,Medium,SUV,Rainy,0,Urban,117.86,204.46,4.91,3.88,Classical,94.08,95,807.91
27.99,108.65,1.0,Low,Mini,Sunny,0,Urban,118.38,199.12,4.88,3.78,Classical,50.0,24,1213.29
18.86,50.61,1.2,Low,SUV,Rainy,0,Urban,102.88,250.62,4.34,3.3,None,57.87,17,1319.35
9.83,53.09,1.2,High,SUV,Rainy,0,SemiUrban,92.09,72.07,3.93,4.44,Rock,8.38,33,1003.04
24.94,71.43,1.2,Low,Sedan,Sunny,0,SemiUrban,90.37,235.54,4.78,3.66,None,92.02,94,1224.5
10.86,30.15,1.2,Medium,Mini,Rainy,0,Urban,111.16,273.14,4.48,3.63,None,15.12,75,953.63
23.53,57.89,1.0,Low,SUV,,1,SemiUrban,92.45,211.49,4.54,3.15,None,88.15,66,1082.82
15.01,,1.0,Low,Mini,Rainy,0,SemiUrban,101.71,221.0,4.3,4.85,Classical,19.34,31,793.36
33.12,101.87,1.0,High,Sedan,Sunny,0,Urban,109.87,210.79,4.84,4.34,Classical,18.61,4,1350.29
33.01,114.49,1.0,Medium,SUV,Sunny,1,Airport,119.95,255.95,3.62,4.48,None,14.88,7,1540.34
,41.32,1.0,Medium,SUV,Sunny,1,Airport,96.69,149.2,3.53,4.4,Rock,15.75,75,1110.74
14.68,52.03,1.0,Medium,Mini,Rainy,0,Airport,90.29,264.53,4.18,3.32,Classical,66.99,91,954.82
15.14,46.77,1.0,Low,Mini,Rainy,0,Urban,91.24,117.52,3.7,3.26,Classical,0.22,62,676.94
32.42,126.78,1.5,Medium,SUV,Rainy,0,SemiUrban,96.7,78.79,3.11,4.89,Rock,79.94,91,2092.18
13.8,35.61,1.5,Low,Sedan,Rainy,0,Urban,119.79,65.4,4.92,3.03,Pop,72.81,28,1152.97
9.15,36.72,1.0,High,Mini,Rainy,1,Airport,,74.59,4.81,4.77,Rock,41.55,48,860.74
4.3,16.03,1.0,Medium,Mini,Sunny,1,SemiUrban,112.48,164.07,3.02,4.84,None,83.14,7,460.43
19.2,68.89,1.5,Low,Sedan,Rainy,0,Airport,94.5,198.8,4.74,4.11,Pop,69.74,65,1683.78
19.8,51.91,1.2,High,Sedan,Sunny,0,Airport,96.11,208.91,4.04,3.75,Classical,97.11,95,1323.71
33.8,,1.0,Medium,SUV,Rainy,0,Urban,92.58,191.14,4.01,4.19,None,65.81,73,1395.81
9.63,28.94,1.5,Medium,Mini,Rainy,1,Urban,96.84,101.73,,4.09,Rock,62.84,59,1039.31
15.86,48.09,1.0,Low,SUV,Rainy,1,Urban,93.47,266.43,3.39,4.95,Rock,10.5,84,1102.33
32.53,74.56,1.2,High,SUV,Rainy,0,SemiUrban,90.52,102.73,3.56,3.7,None,89.19,59,1583.23
33.12,115.75,2.5,High,Sedan,Sunny,1,SemiUrban,113.96,256.43,4.11,4.19,None,62.49,15,3653.61
16.0,68.9,1.0,Medium,Mini,Sunny,1,Airport,95.71,228.54,3.97,4.05,Rock,47.33,67,990.47
18.91,50.6,2.0,Medium,SUV,Rainy,0,Urban,93.56,138.81,3.55,3.34,Classical,0.95,41,2097.86
12.83,51.73,1.0,Low,Mini,Sunny,0,SemiUrban,98.17,155.51,4.61,4.75,Pop,50.12,36,621.42
37.37,148.75,1.2,Low,Sedan,Sunny,0,Urban,112.61,253.43,,3.41,Rock,58.46,16,1799.9
5.63,18.89,1.2,Medium,Sedan,Sunny,0,SemiUrban,96.74,296.31,3.39,4.21,Rock,71.15,66,716.62
37.42,111.72,1.5,Low,SUV,Sunny,1,Airport,106.26,110.8,3.83,3.71,Rock,16.95,62,2283.44
27.67,103.09,1.0,High,Sedan,Sunny,0,Airport,96.51,222.17,4.41,4.69,Pop,9.61,78,1407.02
21.73,54.69,1.2,Low,Sedan,Rainy,0,Airport,101.61,68.58,3.65,4.7,Classical,57.15,47,1265.69
2.27,15.24,1.5,Medium,SUV,Sunny,0,Airport,105.64,70.21,3.64,3.28,Pop,84.19,32,930.6
19.55,62.2,1.2,Low,Premium,Sunny,0,Airport,112.73,162.75,3.23,4.91,Pop,64.09,98,1581.86
16.9,54.69,1.0,Low,Sedan,Rainy,0,Airport,98.45,54.59,3.2,3.29,Pop,76.56,86,904.36
7.29,28.08,1.0,Medium,Sedan,Sunny,0,Urban,103.39,277.61,3.59,3.91,Classical,35.96,78,754.62
26.6,56.61,1.2,Medium,SUV,Rainy,0,Urban,109.29,146.58,4.44,4.4,Rock,19.99,84,1383.78
38.87,134.93,2.0,Medium,SUV,Sunny,1,SemiUrban,98.26,145.3,4.08,3.81,Pop,26.45,82,2996.44
22.93,63.75,1.0,Low,Mini,Sunny,0,Urban,96.6,131.45,4.65,,None,20.76,25,895.26
28.88,107.01,1.2,Low,Sedan,Sunny,0,Airport,107.07,124.72,4.44,4.99,None,91.14,57,1615.33
3.67,29.31,1.0,High,Mini,Rainy,0,Airport,118.57,73.32,4.28,3.52,Classical,92.83,98,708.57
17.29,49.62,1.0,Medium,Sedan,Sunny,0,Urban,117.3,201.86,3.29,4.52,Classical,57.76,23,853.63
5.54,29.41,1.0,Medium,SUV,Foggy,0,Airport,108.01,113.34,4.83,4.32,Pop,64.29,70,918.52
24.9,105.86,1.2,Low,Mini,Rainy,0,SemiUrban,102.66,136.76,3.06,4.89,None,88.24,16,1286.05
37.6,90.37,2.5,Medium,Mini,Rainy,0,Urban,106.97,134.03,4.92,3.2,Rock,31.64,31,3337.36
26.81,61.16,1.5,Low,Sedan,Sunny,0,Urban,114.06,134.91,,3.54,Classical,26.52,45,1578.82
4.0,19.36,1.0,Medium,SUV,Sunny,0,SemiUrban,92.79,269.85,3.5,4.53,None,89.53,83,697.07
,29.75,1.2,Low,Sedan,Sunny,1,Urban,113.44,167.74,4.97,4.64,Pop,18.8,42,977.24
22.48,91.59,1.0,Low,Mini,Sunny,0,Urban,109.74,177.49,3.9,4.43,Pop,99.87,32,1032.85
16.73,55.53,1.0,Medium,Mini,Foggy,0,Urban,98.07,246.01,4.61,3.3,Classical,79.72,37,916.89
33.51,114.96,1.0,Low,Sedan,Sunny,1,SemiUrban,116.28,126.97,4.86,3.66,Rock,88.46,46,1211.47
32.77,,1.0,Medium,Sedan,Sunny,1,Urban,92.4,240.13,4.0,3.45,Classical,26.35,43,1374.97
24.86,71.77,1.2,Medium,Sedan,Rainy,0,Airport,117.56,95.12,4.24,4.53,Pop,85.07,85,1491.27
15.56,43.5,1.2,High,Sedan,Sunny,0,SemiUrban,101.64,227.09,4.31,4.79,Rock,36.03,69,1147.39
10.96,59.72,2.0,Low,Sedan,Sunny,0,SemiUrban,,85.96,4.17,4.23,Classical,42.78,29,1337.89
5.13,22.45,1.0,Low,Sedan,Foggy,0,Airport,94.63,222.23,3.37,3.31,Rock,64.66,57,684.3
14.84,57.21,1.0,Medium,SUV,Sunny,1,Airport,107.03,167.21,3.58,4.74,Classical,95.72,27,1117.07
17.11,66.89,1.0,Low,SUV,Rainy,0,Airport,91.0,66.31,3.21,3.87,Pop,53.95,19,1055.91
27.36,70.56,1.0,Low,Mini,Sunny,0,Airport,98.36,200.24,3.87,3.35,Classical,60.62,66,4657.59
26.67,91.6,2.5,Medium,Sedan,Rainy,1,Urban,114.89,222.85,3.37,4.24,Rock,90.14,89,3202.97
11.19,0.39,1.0,Medium,Sedan,Sunny,0,SemiUrban,103.63,100.53,3.35,3.17,Rock,23.04,18,1769.91
16.42,51.15,2.0,High,Mini,Rainy,1,Airport,109.79,283.82,3.23,,Rock,48.05,43,2208.65
8.09,28.98,1.0,High,Sedan,Sunny,0,Urban,114.22,106.86,3.85,4.94,None,87.81,67,703.27
7.12,40.94,1.0,Medium,Sedan,Sunny,0,Urban,105.91,127.83,3.19,4.19,Pop,82.94,30,599.75
33.26,132.99,1.0,Low,SUV,Sunny,0,Urban,107.57,234.0,4.46,4.71,Classical,5.95,56,1498.58
2.63,6.61,2.0,Medium,Mini,Sunny,0,SemiUrban,112.99,100.09,,4.73,Classical,5.65,71,706.97
17.35,30.47,1.0,Medium,Mini,Rainy,0,Urban,93.61,280.32,3.63,,Rock,86.5,2,937.79
7.56,34.2,2.5,Medium,Mini,Rainy,1,Airport,92.15,210.24,4.68,4.34,Pop,25.84,23,6987.38
35.29,95.46,1.0,High,Sedan,Sunny,0,Airport,,237.21,4.18,4.07,Classical,35.21,97,1558.51
,86.13,1.0,Medium,SUV,Sunny,0,Airport,119.25,79.74,3.81,3.09,Classical,67.81,34,1218.64
10.02,47.22,1.2,Medium,Sedan,Foggy,0,Airport,109.34,255.42,4.62,3.37,Pop,66.29,33,1146.8
20.59,70.0,1.0,Low,Sedan,,1,Urban,111.15,192.21,4.58,,Pop,70.43,55,1001.38
29.53,91.86,1.0,High,Mini,Sunny,0,SemiUrban,109.76,242.38,4.88,4.24,Classical,8.74,92,1218.33
38.37,135.04,1.5,Medium,Sedan,Rainy,1,Airport,108.17,67.9,4.88,3.32,Pop,59.99,78,2320.41
9.6,25.23,1.0,Low,Sedan,Rainy,0,SemiUrban,95.93,202.12,4.39,3.61,Pop,48.05,55,655.66
35.56,89.07,1.2,Low,Mini,Sunny,1,Airport,115.21,222.4,4.83,3.22,Rock,80.53,81,1592.7
37.44,140.99,1.0,Low,SUV,Sunny,0,SemiUrban,107.29,173.68,3.11,3.12,Rock,15.39,75,1518.66
36.74,108.63,1.0,Low,Mini,Foggy,0,Airport,119.35,258.82,3.38,4.99,Rock,70.33,44,1504.46
25.78,55.8,1.0,Medium,Sedan,Sunny,0,Airport,92.07,284.9,3.61,,None,76.33,96,1146.39
25.56,,1.2,Low,Sedan,Rainy,0,Airport,98.95,105.73,4.59,4.0,None,98.74,39,1464.08
16.73,67.15,1.5,High,Premium,Sunny,0,Urban,92.98,65.17,3.09,3.07,Classical,61.31,19,1701.81
30.34,113.89,1.2,High,Mini,Sunny,1,SemiUrban,115.77,243.26,4.52,3.32,Classical,25.85,3,1572.05
21.72,79.05,1.5,Low,Mini,Sunny,0,Airport,114.54,170.17,4.34,4.2,Pop,84.69,18,1498.68
27.42,83.84,1.0,Low,Premium,Sunny,1,Airport,113.19,64.51,4.76,3.8,Pop,79.65,77,1409.87
17.71,72.44,1.0,Low,Mini,Rainy,0,SemiUrban,110.36,72.28,3.09,4.22,None,3.62,69,817.34
29.53,109.32,1.0,Low,Sedan,Rainy,0,Urban,93.2,106.94,4.24,3.62,Rock,75.73,76,1250.81
33.15,109.63,1.5,Low,Mini,Rainy,0,Urban,102.18,51.14,3.2,3.98,None,69.04,49,1912.09
6.71,20.43,1.5,Medium,Sedan,Sunny,0,Urban,111.14,167.52,3.11,4.82,Pop,24.03,23,993.93
33.48,73.4,1.0,High,Sedan,Sunny,1,SemiUrban,100.83,142.58,4.9,4.23,None,58.98,83,1212.17
22.07,79.79,1.0,High,Sedan,Sunny,1,Urban,111.54,61.43,3.44,4.42,None,52.62,82,1122.13
33.94,73.72,1.2,High,Mini,Rainy,0,Airport,98.56,110.25,3.38,4.85,Rock,26.58,20,1502.99
17.82,50.55,2.0,Medium,SUV,Rainy,0,SemiUrban,106.31,235.01,4.75,4.43,Classical,46.42,14,2160.96
15.78,56.54,1.5,High,Sedan,Rainy,0,SemiUrban,100.64,251.85,3.63,4.29,None,19.38,39,1540.94
36.69,92.92,1.0,Medium,Sedan,Rainy,1,Airport,117.65,51.01,4.69,,None,15.88,30,1485.24
10.8,53.3,1.2,Low,Sedan,Sunny,0,SemiUrban,,76.6,4.34,4.39,Pop,93.94,64,729.37
33.92,94.35,1.5,Medium,Premium,Sunny,0,SemiUrban,98.6,299.57,3.38,4.2,Rock,57.39,62,2401.7
19.88,64.46,1.0,High,SUV,Sunny,0,SemiUrban,91.71,212.19,4.04,3.48,Rock,81.11,23,1042.79
21.05,86.16,1.2,Low,Mini,Sunny,0,SemiUrban,94.36,221.22,4.32,3.05,Pop,33.85,16,1038.85
13.03,48.94,1.0,Low,SUV,Sunny,0,Airport,106.95,144.84,4.45,3.84,Classical,33.86,61,822.31
23.35,99.66,1.0,Low,Sedan,Rainy,0,Airport,111.03,176.1,3.96,4.64,Pop,50.03,65,1279.82
13.68,34.64,2.5,Low,SUV,Sunny,0,Airport,118.63,176.95,3.71,4.05,Rock,85.56,77,2380.85
2.53,8.74,2.0,Low,Mini,Sunny,0,SemiUrban,107.9,136.97,4.9,3.17,None,94.91,31,769.06
11.61,43.47,1.0,Low,Mini,Sunny,0,Airport,110.42,222.43,3.83,3.88,Rock,4.78,69,809.46
1.25,-2.86,1.0,High,Sedan,Sunny,1,Urban,108.59,193.15,4.38,4.21,Classical,46.73,49,534.08
39.16,154.4,1.5,High,Sedan,Rainy,0,Airport,117.07,285.92,4.67,3.47,Classical,87.56,43,2814.77
38.66,117.89,1.0,High,Mini,Rainy,1,Urban,99.07,51.7,3.34,3.17,Rock,54.76,75,1431.18
16.41,59.58,1.0,Low,Mini,Sunny,0,Airport,108.1,271.29,3.97,4.12,Classical,45.07,79,1031.43
29.41,113.98,1.0,Low,Sedan,Sunny,0,SemiUrban,118.79,287.27,4.1,3.18,Rock,15.12,60,1250.01
14.49,56.84,1.2,Low,Mini,Sunny,1,SemiUrban,90.21,86.8,4.14,3.02,Rock,44.34,46,706.5
27.17,113.28,1.0,High,Mini,Rainy,1,Airport,98.13,105.49,3.3,4.48,Rock,73.97,15,1243.83
32.41,99.9,1.2,Low,SUV,Foggy,0,Airport,112.76,62.64,3.05,3.92,Rock,67.87,49,1716.59
37.92,97.31,1.0,Medium,SUV,,0,SemiUrban,104.1,108.77,4.33,3.08,None,43.89,95,1409.48
16.61,40.56,2.0,Low,Sedan,Sunny,0,Urban,95.05,209.82,4.24,,None,76.7,53,1512.24
31.55,78.38,2.0,Low,Sedan,Sunny,1,Airport,107.15,104.2,4.4,3.03,Classical,59.39,5,2467.76
11.37,31.03,1.5,Low,Mini,Rainy,0,Airport,105.45,263.03,3.45,3.65,Rock,27.46,7,1324.71
39.62,122.74,1.2,Medium,SUV,Sunny,0,Airport,103.62,278.64,3.68,3.34,Pop,13.86,21,2176.66
2.01,3.52,1.0,Low,Mini,Foggy,0,Urban,100.25,56.93,4.14,3.79,Rock,66.71,44,380.95
24.54,53.3,1.5,Low,Mini,Sunny,1,SemiUrban,91.58,176.73,3.12,3.03,Rock,17.53,88,1292.24
26.72,59.41,2.0,Low,Mini,Sunny,1,Airport,108.12,53.91,3.41,4.94,Rock,21.15,65,2027.38
27.83,107.23,1.0,Medium,Sedan,Sunny,0,Urban,105.52,204.81,4.76,3.3,Pop,27.86,62,1266.98
5.7,30.47,1.2,Medium,Sedan,Foggy,0,SemiUrban,107.56,136.86,3.31,4.92,Rock,94.85,47,699.73
37.6,103.14,1.0,High,SUV,Rainy,0,Urban,90.07,261.47,3.33,4.01,None,68.0,29,1602.79
8.07,37.15,1.0,Medium,Mini,Sunny,0,Urban,92.48,279.37,4.44,3.14,Classical,92.73,63,672.45
25.29,60.07,1.0,Low,SUV,Sunny,0,Airport,95.03,174.62,4.77,4.76,Classical,24.49,24,1212.59
9.68,38.47,2.5,Medium,Sedan,Sunny,0,SemiUrban,103.45,288.16,4.94,3.83,Rock,61.59,48,1856.56
12.98,47.55,1.0,Medium,Mini,Rainy,0,SemiUrban,114.24,266.69,4.67,3.29,Classical,67.33,5,794.12
,65.83,1.2,Medium,Sedan,Rainy,1,Urban,97.38,74.16,4.42,3.54,Classical,95.06,87,1212.15
17.27,64.49,2.5,High,SUV,Rainy,0,Airport,114.25,139.03,4.77,,Pop,46.69,22,3095.13
7.25,32.38,1.2,High,Sedan,Sunny,0,Urban,97.06,135.11,4.0,4.22,Pop,64.28,1,839.87
7.67,21.28,2.0,Low,Mini,Foggy,0,Airport,112.47,125.91,3.58,,None,87.76,28,4515.0
17.31,85.2,1.0,Low,SUV,Sunny,0,Airport,116.23,249.35,4.44,3.37,Classical,14.17,70,1218.35
30.53,70.08,2.5,High,Mini,Sunny,0,Airport,114.49,125.23,3.81,3.43,Classical,91.08,96,3125.77
36.02,83.79,1.0,Low,Premium,Sunny,0,Urban,112.15,144.8,,4.94,Rock,32.84,77,1563.76
4.28,21.24,2.5,Medium,SUV,Sunny,0,Urban,91.15,71.44,3.85,3.44,Pop,42.92,1,1493.58
48.99,87.26,1.0,High,Sedan,Foggy,0,Airport,99.9,179.98,4.25,3.46,None,50.46,78,4434.07
4.91,14.74,1.0,Medium,Mini,Sunny,0,SemiUrban,95.9,79.27,4.8,4.98,Rock,71.75,37,366.1
1.65,6.96,1.0,Medium,Sedan,Sunny,1,Airport,104.24,267.28,,4.31,Rock,15.75,38,549.01
26.81,77.78,1.0,Medium,Sedan,Foggy,1,Urban,100.63,249.59,4.31,3.61,Classical,68.54,9,1238.79
24.5,77.78,1.0,Low,Mini,Rainy,1,Urban,,125.57,3.07,3.48,None,9.52,34,1034.99
7.36,31.95,2.5,Medium,Mini,Sunny,1,SemiUrban,106.97,51.14,3.81,3.96,Pop,38.3,43,1190.84
10.12,,1.0,Low,Mini,Sunny,0,SemiUrban,,67.88,3.26,3.64,None,61.85,60,487.03
1.92,14.83,1.2,Low,Mini,Rainy,0,Urban,113.02,104.49,4.12,,Rock,14.05,84,542.92
33.56,133.88,1.0,Medium,Mini,Sunny,0,Urban,,174.54,3.79,3.14,Pop,66.78,53,1329.18
39.01,156.75,1.5,Medium,Mini,Sunny,1,SemiUrban,115.97,232.81,4.48,4.08,None,95.43,48,2222.24
6.28,15.79,1.2,Medium,SUV,Sunny,0,Urban,90.09,74.73,4.2,3.53,None,95.66,33,816.59
10.03,51.33,2.5,High,Sedan,Sunny,0,Airport,103.56,227.08,3.37,4.88,None,58.59,45,2368.33
34.87,128.04,1.0,Low,SUV,Sunny,0,SemiUrban,116.44,186.67,3.31,4.39,Pop,51.88,85,1469.52
37.13,86.05,1.0,Medium,Mini,Rainy,0,Urban,102.54,204.91,3.2,4.96,Pop,43.54,26,1329.96
17.37,57.47,1.0,Low,SUV,Rainy,0,SemiUrban,112.67,281.94,4.49,4.61,Pop,45.6,9,1095.88
2.97,11.81,1.5,Medium,Sedan,Rainy,0,Urban,102.09,288.23,3.66,3.63,Pop,56.76,60,1050.12
2.54,12.03,1.2,High,Sedan,Rainy,1,Urban,115.53,234.34,3.88,4.49,Classical,43.48,6,908.56
23.38,63.49,1.5,Low,Sedan,Rainy,0,SemiUrban,,223.17,3.86,3.93,Pop,42.64,93,1634.63
16.32,51.75,1.0,Medium,SUV,Rainy,0,Urban,116.95,240.69,4.32,4.03,Rock,28.83,39,1111.45
2.12,22.71,1.2,Medium,Mini,Rainy,0,Airport,91.67,218.26,3.09,4.06,Rock,67.78,19,739.77
23.75,42.86,2.0,Medium,Mini,Sunny,1,Airport,94.45,52.57,3.71,4.37,None,87.31,44,1814.06
1.44,28.98,1.0,Medium,Mini,Sunny,0,Airport,106.26,299.17,3.19,3.72,Pop,3.37,28,704.07
31.71,121.27,1.0,Medium,Mini,Rainy,1,Urban,118.85,209.23,3.1,,Pop,96.38,99,1351.48
12.95,,1.5,Low,Sedan,Sunny,0,Airport,102.19,172.17,,3.35,Pop,72.44,3,1297.09
2.57,13.13,1.0,Medium,Sedan,Rainy,1,Airport,98.31,163.19,3.84,3.71,Rock,0.95,14,734.02
23.95,88.06,1.2,Medium,Sedan,Foggy,1,Airport,118.95,108.55,4.39,4.35,Classical,9.99,15,1464.63
16.51,58.34,1.2,Medium,Mini,Sunny,1,SemiUrban,111.26,169.24,3.93,4.69,None,93.34,27,996.18
38.98,90.97,2.5,Low,Sedan,Rainy,0,SemiUrban,113.11,233.37,3.49,4.71,Classical,67.1,30,3604.42
22.22,73.93,2.0,Low,Mini,Sunny,0,Airport,93.32,113.56,4.3,3.67,None,6.06,85,1977.06
11.73,45.45,1.2,Low,Mini,,0,Urban,97.88,261.31,3.4,3.84,Pop,33.75,87,915.28
28.67,107.8,1.0,Low,Sedan,Sunny,0,Airport,105.11,102.68,3.76,3.52,Classical,88.42,9,1230.81
11.59,39.47,1.0,Low,Sedan,Rainy,1,SemiUrban,112.09,264.59,4.9,4.24,Rock,85.57,71,3591.64
36.27,99.06,2.0,High,Sedan,Sunny,0,Urban,100.42,196.0,4.66,3.75,Pop,19.07,45,2894.31
15.61,41.37,1.2,High,Mini,,1,Airport,96.13,259.41,4.83,4.85,None,42.33,60,1217.32
,68.61,1.5,High,SUV,Sunny,1,Airport,103.11,154.24,3.32,3.7,Rock,75.26,62,1897.12
2.97,17.37,1.0,High,SUV,Rainy,1,Urban,,130.32,,4.35,Pop,68.65,98,826.16
17.62,45.55,1.0,Low,Sedan,Sunny,1,SemiUrban,116.19,224.41,3.62,4.33,None,9.97,65,857.03
33.46,79.92,1.0,Medium,Premium,Rainy,0,SemiUrban,118.01,140.74,4.63,3.99,Pop,59.53,88,1432.03
32.42,,1.0,High,Mini,Sunny,0,Airport,95.06,288.2,3.91,3.04,Pop,2.53,17,1492.49
9.75,23.9,1.5,Medium,Sedan,Rainy,0,SemiUrban,98.38,235.13,4.47,,Rock,36.14,49,1128.86
9.82,25.42,1.5,Low,SUV,Rainy,0,Airport,113.58,157.37,3.62,4.41,None,51.77,1,1448.71
32.87,129.88,1.0,Medium,Sedan,Sunny,0,Airport,97.35,93.37,3.14,3.82,Classical,4.3,68,1344.57
37.29,117.17,1.2,Low,Sedan,Sunny,0,Airport,97.94,189.14,4.5,3.14,Rock,84.42,30,1783.25
4.72,24.87,2.0,Low,Mini,Sunny,0,Airport,110.3,198.92,4.2,4.8,Rock,41.33,99,1189.02
18.55,,1.2,Medium,Mini,Foggy,0,Urban,105.33,292.18,4.73,4.17,None,40.56,98,1121.76
14.16,44.75,1.2,High,Mini,Rainy,1,Airport,111.11,235.94,3.23,3.17,Classical,10.98,42,1235.73
34.96,88.66,1.0,Medium,Sedan,Rainy,0,Urban,92.18,113.41,4.94,3.09,Classical,47.5,10,1311.63
4.26,26.61,2.0,Low,Mini,Foggy,1,Airport,105.13,115.48,4.83,3.19,Classical,8.68,35,1170.32
9.23,37.49,1.0,Medium,Mini,,0,Urban,110.19,195.03,4.31,5.0,Classical,15.16,22,691.83
30.35,76.84,2.0,High,Sedan,Rainy,0,Urban,104.23,79.83,,3.56,None,83.49,19,2468.04
3.0,22.33,1.5,Low,Sedan,Rainy,0,Airport,93.83,223.87,,4.41,None,68.26,31,1086.57
20.21,85.85,1.5,Medium,Sedan,Foggy,1,Urban,,69.79,3.19,3.33,Classical,59.62,94,1399.81
18.24,,2.5,Low,SUV,Sunny,0,Urban,107.64,193.34,4.86,3.52,Classical,50.74,2,2548.64
14.04,66.46,1.5,Medium,Sedan,Sunny,1,SemiUrban,94.32,295.59,3.39,3.01,Classical,47.28,61,1321.1
16.39,55.33,1.0,Low,Mini,Sunny,1,Airport,99.11,268.24,3.71,4.71,None,95.14,37,875.5
21.67,56.23,1.0,High,Sedan,Sunny,0,SemiUrban,103.24,261.08,3.37,4.98,Pop,99.12,53,1133.39
7.29,25.87,1.0,Low,Mini,Sunny,0,Airport,,237.48,3.52,3.76,Pop,38.51,33,575.55
23.31,43.54,1.0,Low,Sedan,Sunny,0,Urban,97.96,282.21,3.79,3.43,None,1.37,78,984.95
32.41,73.9,1.0,Low,Sedan,Sunny,0,Airport,102.16,282.48,4.39,3.33,Pop,91.01,25,1392.59
30.65,113.67,1.2,Medium,Sedan,Foggy,0,Urban,101.03,90.54,4.62,3.52,Rock,32.02,16,1511.41
7.0,25.79,1.0,Medium,Mini,Foggy,0,Airport,92.91,107.14,3.12,3.77,Rock,92.37,26,636.19
6.82,37.6,1.2,Low,Mini,Sunny,0,SemiUrban,114.11,281.08,4.63,4.44,Rock,53.31,60,685.97
11.46,51.62,2.0,Low,Sedan,Rainy,1,SemiUrban,112.27,118.67,4.59,4.42,Rock,96.45,21,1441.33
15.08,43.65,1.5,Medium,Mini,Rainy,0,Airport,113.52,144.93,3.27,4.03,Rock,51.26,14,1332.17
16.93,59.76,2.0,Medium,Premium,Sunny,1,Airport,94.42,60.4,3.55,3.79,Pop,43.08,76,2449.36
27.51,91.35,1.0,High,SUV,Sunny,1,Urban,105.53,274.81,3.17,4.02,Pop,92.23,41,1361.96
3.21,18.84,1.2,Medium,Sedan,Sunny,0,SemiUrban,99.91,68.04,3.97,4.13,None,71.96,56,603.51
2.35,14.81,1.0,Medium,SUV,Sunny,0,SemiUrban,100.45,182.42,4.94,4.23,Classical,84.2,92,571.09
16.28,,1.2,Low,SUV,,1,Urban,91.97,104.9,4.75,4.3,Pop,7.57,50,1098.42
28.19,72.26,1.2,Medium,Mini,Sunny,0,SemiUrban,118.38,56.87,4.75,4.29,None,61.33,38,1213.2
8.54,53.34,1.0,High,Sedan,Rainy,0,Urban,118.19,122.47,3.25,3.42,Rock,66.79,84,820.41
26.02,80.68,1.0,Low,Mini,Sunny,1,SemiUrban,102.25,216.01,4.8,3.96,None,13.31,94,1040.33
11.13,20.12,1.5,Medium,Sedan,Sunny,0,Urban,115.63,72.29,3.04,3.67,None,30.01,30,1001.14
35.56,124.34,1.5,Medium,Mini,Sunny,1,SemiUrban,99.9,262.83,4.52,4.19,Rock,89.13,84,2089.57
35.93,78.86,1.2,Medium,SUV,Sunny,0,Airport,106.78,222.95,3.6,4.0,Rock,22.94,92,1783.03
12.59,61.64,1.0,Medium,Sedan,Rainy,0,Airport,112.34,64.6,4.0,3.4,None,77.88,56,1013.88
9.97,23.76,1.0,Low,Mini,Rainy,0,Airport,105.69,150.96,4.47,4.36,Rock,2.53,8,695.37
17.04,75.18,1.0,Low,SUV,Sunny,1,Airport,94.91,252.18,4.29,,None,18.14,10,1175.71
10.38,31.97,2.5,Low,SUV,Sunny,0,Airport,101.37,282.99,3.67,3.63,Pop,5.16,26,2338.77
27.22,,2.0,High,SUV,Rainy,0,SemiUrban,112.79,207.23,4.64,4.57,None,40.7,46,2682.76
33.22,91.89,1.0,High,SUV,Sunny,0,Airport,113.43,220.28,4.3,4.53,Pop,20.3,4,1619.35
27.25,87.16,1.0,Low,Sedan,Rainy,1,SemiUrban,100.14,269.17,4.69,4.9,Pop,26.02,4,1187.67
33.15,92.09,1.2,Low,Mini,Sunny,0,SemiUrban,106.21,163.62,3.73,4.17,Classical,50.6,97,1374.07
16.48,64.99,1.0,Low,Mini,Rainy,0,Airport,96.21,226.83,3.23,3.96,None,51.83,62,971.45
7.1,19.17,2.0,Low,Mini,Sunny,0,Airport,97.53,194.42,3.74,4.33,Pop,21.29,86,1215.48
29.78,83.66,1.5,Low,Mini,Foggy,1,Urban,94.34,223.75,3.99,4.69,None,85.09,88,1715.34
15.06,,1.0,Low,Mini,Sunny,1,Urban,103.14,270.59,3.29,4.2,None,33.56,47,785.21
,87.17,1.0,Medium,Sedan,Sunny,1,Airport,111.6,247.47,4.12,4.49,Rock,37.88,94,1320.5
11.56,46.56,1.5,Medium,Mini,Sunny,0,Urban,116.38,81.86,4.32,3.63,None,89.62,20,912.67
4.17,27.75,1.0,Low,Mini,Foggy,0,SemiUrban,106.34,283.0,3.01,3.65,Classical,43.04,45,547.43
39.71,101.28,1.2,Medium,Sedan,Sunny,0,Airport,,62.5,4.11,3.14,Rock,21.6,52,1750.67
7.09,29.58,1.0,Medium,Mini,Rainy,0,Airport,98.0,239.17,3.26,3.54,Rock,8.59,63,731.1
39.55,137.55,1.0,Low,Mini,Sunny,0,Urban,96.06,121.34,3.29,3.98,Pop,66.61,38,1399.89
39.11,114.13,1.2,Medium,Sedan,Sunny,0,SemiUrban,101.87,244.97,3.75,4.33,Classical,19.17,57,1769.65
31.96,97.39,1.2,Low,Mini,Rainy,1,SemiUrban,106.77,53.68,3.19,4.1,Classical,79.67,66,1382.95
26.72,102.3,1.0,Low,Premium,Rainy,0,SemiUrban,91.01,105.15,4.14,4.44,None,89.34,17,1325.61
23.53,77.55,1.0,Low,Sedan,Rainy,1,Urban,92.76,69.99,4.47,3.91,Pop,50.87,36,1024.83
34.78,82.47,1.2,High,Sedan,Sunny,1,SemiUrban,108.92,238.12,3.65,4.03,Classical,58.41,82,1576.61
12.29,33.88,1.5,Medium,Mini,,1,SemiUrban,95.98,98.51,4.87,3.94,None,7.48,24,993.08
19.24,60.03,1.0,Medium,Mini,Sunny,0,SemiUrban,103.6,281.91,4.42,4.2,Pop,65.91,4,884.12
25.16,66.26,1.5,High,Sedan,Sunny,0,SemiUrban,118.1,152.75,4.98,3.68,Pop,91.33,59,1722.53
17.04,47.23,1.0,Low,Premium,Sunny,0,Airport,115.88,229.84,4.21,4.23,Rock,0.08,28,1281.45
17.67,56.58,1.0,High,Sedan,Sunny,1,Urban,91.91,256.23,3.92,3.81,None,21.59,27,970.66
13.88,48.76,1.5,Medium,Sedan,Sunny,0,SemiUrban,91.76,288.29,4.53,4.2,Rock,33.0,78,1392.02
23.01,53.25,1.2,Medium,Mini,Sunny,0,Airport,94.36,165.42,3.79,,Rock,81.82,9,1237.08
34.17,128.22,1.0,Medium,Sedan,Foggy,0,Airport,93.49,217.77,3.0,3.33,Rock,10.78,4,1583.17
8.86,21.17,1.0,Medium,Mini,Rainy,0,Airport,97.61,141.07,3.43,3.39,Pop,44.2,10,730.18
,135.38,1.0,High,Mini,Sunny,0,SemiUrban,101.16,120.89,3.41,3.29,None,18.56,15,1398.52
27.87,86.61,1.5,High,Sedan,Rainy,0,SemiUrban,92.49,221.71,3.98,3.32,Rock,91.25,57,1912.5
33.11,108.6,1.0,Low,Mini,Sunny,0,Airport,103.82,151.06,4.42,,Rock,20.94,3,1296.89
22.69,83.15,1.0,Low,Sedan,Sunny,1,Airport,105.89,193.11,4.11,4.76,Rock,31.15,40,1089.85
31.4,72.23,1.0,Low,SUV,Sunny,1,Airport,109.85,99.65,3.21,4.76,Pop,55.24,98,1363.22
1.63,4.32,1.0,Low,Mini,Sunny,1,Airport,102.19,228.69,3.52,4.46,Classical,8.07,71,568.88
32.92,102.31,1.5,Low,Mini,Sunny,0,SemiUrban,98.88,292.35,3.27,,Pop,42.77,88,1802.61
2.57,9.94,1.0,Low,Mini,Rainy,0,Airport,109.3,184.46,3.16,3.93,Pop,31.35,35,665.52
107.13,225.07,1.2,Low,Mini,Sunny,0,Airport,117.34,180.01,3.31,3.25,None,86.91,76,4700.11
39.69,164.84,1.0,Medium,Sedan,Rainy,0,SemiUrban,101.89,263.57,4.04,3.4,Rock,79.54,95,1633.73
12.47,63.28,1.2,High,Mini,Foggy,1,Urban,98.8,87.89,4.51,4.88,Pop,92.66,98,974.98
9.2,39.2,1.0,Low,Sedan,Sunny,1,Urban,111.53,148.37,,3.64,Rock,27.84,93,675.81
30.85,97.46,1.0,Low,Sedan,Rainy,1,SemiUrban,116.32,93.43,3.4,4.18,Classical,81.47,42,1194.41
10.87,46.72,1.0,Low,Mini,Sunny,0,Airport,118.79,186.6,3.86,4.23,Classical,82.14,81,760.05
34.76,126.31,1.5,High,Sedan,Sunny,0,SemiUrban,96.6,204.09,3.66,3.43,Pop,11.58,72,2116.63
5.01,35.79,1.5,Medium,SUV,Rainy,0,SemiUrban,99.08,278.49,3.09,4.52,None,50.03,36,1260.09
5.91,,1.0,High,Mini,Sunny,0,SemiUrban,117.18,257.72,4.85,3.19,Classical,97.27,75,676.67
39.19,90.0,1.0,High,Sedan,Sunny,1,Airport,98.1,211.62,3.02,3.54,Classical,83.11,38,1492.95
27.28,112.56,1.0,High,Sedan,Sunny,0,SemiUrban,100.37,243.67,3.08,4.11,Pop,65.7,30,1238.45
34.03,94.7,1.2,Low,Sedan,Rainy,0,SemiUrban,109.18,207.17,3.6,3.97,Pop,51.36,64,1545.49
13.65,54.8,2.0,Medium,Mini,Sunny,0,Airport,107.04,192.72,4.55,4.47,None,70.96,27,1719.7
27.38,54.32,2.5,High,SUV,Sunny,0,Airport,116.34,61.93,3.98,4.92,Rock,80.07,6,3286.8
24.18,64.86,1.2,Low,Sedan,Rainy,0,Urban,108.36,56.1,4.02,3.49,Classical,49.39,23,1271.93
24.52,95.0,1.0,Medium,Sedan,Sunny,0,Urban,104.67,263.05,4.23,3.07,Rock,74.15,27,1125.06
27.62,61.58,1.2,Low,Sedan,Sunny,0,Airport,92.22,120.49,3.08,3.66,None,15.49,25,1354.73
23.44,95.46,1.0,Low,SUV,Sunny,0,SemiUrban,119.25,137.73,4.92,4.65,None,39.4,81,1177.91
17.73,61.39,1.2,High,SUV,Sunny,1,Urban,102.67,162.34,4.1,4.48,Classical,5.62,22,1309.0
11.76,31.07,1.0,Medium,SUV,Rainy,0,Airport,107.18,60.6,4.65,4.03,Rock,76.63,22,832.06
30.97,91.55,1.0,Medium,Mini,,0,Urban,105.06,290.4,3.86,3.9,Rock,21.15,46,1306.74
9.82,40.25,1.0,Medium,Mini,Sunny,0,Urban,112.14,75.75,3.87,3.76,Pop,16.51,63,720.6
28.0,44.8,1.0,Medium,Sedan,Sunny,0,Airport,109.39,292.05,3.34,3.43,Pop,43.78,49,1252.72
10.1,36.2,1.2,Medium,Mini,Sunny,0,SemiUrban,,226.97,3.72,3.68,Pop,53.48,59,734.61
25.39,93.84,1.5,High,Sedan,Rainy,0,Urban,105.6,285.77,3.37,3.39,Rock,16.59,51,1968.01
30.14,81.43,1.5,High,Mini,Rainy,0,Urban,114.78,63.07,4.83,3.13,Pop,36.28,89,1860.27
9.53,25.31,2.5,Medium,Sedan,Rainy,0,Airport,109.0,161.86,3.66,4.78,None,57.97,27,2117.3
3.34,,1.0,Medium,Sedan,Sunny,0,Airport,118.64,288.19,3.8,3.49,Rock,9.14,12,701.81
6.11,9.73,1.2,Low,Sedan,Sunny,0,SemiUrban,112.62,211.61,3.27,3.19,Pop,31.73,70,675.93
24.63,65.65,1.2,Low,Mini,,0,Urban,104.56,186.7,4.98,4.0,Classical,26.13,49,1074.23
34.13,83.54,1.5,Low,SUV,Rainy,1,SemiUrban,114.21,217.89,4.14,3.5,Pop,72.08,80,2070.49
2.75,24.75,1.0,Low,SUV,Sunny,0,Airport,103.27,96.57,4.15,3.81,Rock,16.58,61,692.88
29.63,126.7,1.0,Low,Sedan,Rainy,0,Airport,96.4,236.49,3.29,4.93,None,49.39,47,1411.59
14.31,34.13,1.0,Low,Sedan,Sunny,0,SemiUrban,108.89,118.92,4.36,3.37,Pop,32.72,85,608.15
19.66,70.91,2.5,Low,Sedan,Sunny,0,Airport,,120.42,4.36,3.62,Classical,72.23,96,2554.94
37.23,157.4,2.0,Medium,Mini,Foggy,1,Airport,90.75,199.36,,4.03,Pop,96.29,90,3185.75
13.95,51.34,1.0,Low,Mini,Sunny,1,Urban,96.42,55.27,3.57,3.85,Pop,86.5,85,576.65
19.15,54.64,2.0,Medium,SUV,Sunny,0,Urban,95.01,63.51,4.74,3.2,Pop,51.68,6,1891.88
1.53,17.41,1.0,Low,Mini,Sunny,0,Airport,113.85,53.96,3.89,4.49,None,85.61,34,390.25
4.18,16.77,1.0,Medium,Sedan,Sunny,1,Urban,111.8,241.7,3.45,3.94,None,70.97,17,665.43
11.09,45.23,1.5,High,Mini,Rainy,0,SemiUrban,108.44,56.73,,3.52,Classical,19.15,18,978.59
2.09,13.47,1.0,Low,SUV,Foggy,0,SemiUrban,,73.93,3.07,4.54,Rock,69.15,81,485.94
25.62,104.38,1.0,High,Mini,Rainy,0,SemiUrban,95.34,201.65,4.72,3.76,Classical,58.47,75,1266.66
17.63,,2.0,Medium,Sedan,Sunny,0,Airport,,168.73,3.13,3.64,Pop,20.4,41,2063.67
22.38,62.64,1.2,Low,SUV,Rainy,0,Urban,117.27,141.51,3.8,4.51,Rock,97.29,1,1405.13
7.81,37.99,2.5,Low,Sedan,Sunny,0,Urban,109.41,138.91,3.29,3.22,None,81.56,25,1568.73
12.54,44.45,1.0,High,Sedan,Sunny,1,SemiUrban,,264.88,3.94,4.82,None,76.88,47,944.06
26.89,81.25,1.0,Medium,Sedan,Sunny,0,Urban,112.2,69.47,,3.09,None,97.72,52,1092.47
38.65,124.21,1.0,Low,Sedan,Sunny,1,Urban,98.45,281.53,3.29,3.28,None,98.83,15,1404.76
2.97,4.4,2.0,High,Mini,Rainy,0,SemiUrban,107.85,108.94,3.22,3.46,None,47.66,35,1029.65
35.72,134.81,1.0,Medium,Mini,Sunny,1,Urban,102.81,171.92,3.4,4.35,Rock,50.59,76,1418.21
23.5,,1.0,Medium,Sedan,Sunny,0,SemiUrban,99.21,289.25,4.88,4.37,Pop,84.92,22,1124.52
22.99,99.95,1.0,High,SUV,Rainy,0,SemiUrban,116.29,209.71,3.56,4.99,Pop,63.34,48,1416.66
20.51,82.54,1.5,Medium,Sedan,,0,Airport,94.82,112.82,,4.09,Rock,7.87,87,1514.68
,11.45,1.0,Low,Sedan,Sunny,0,SemiUrban,90.54,295.59,,4.66,Pop,69.11,64,521.35
4.51,11.01,1.0,Medium,Sedan,,1,Urban,100.77,253.63,4.44,3.9,None,47.3,45,672.71
,65.14,1.0,High,Premium,Rainy,0,Urban,95.95,128.53,4.26,4.28,None,5.93,66,1377.49
14.3,33.4,1.0,Low,SUV,Sunny,1,SemiUrban,114.33,199.79,4.92,3.12,Pop,91.41,51,863.13
36.77,102.65,1.0,Low,Sedan,Sunny,1,Airport,93.8,189.05,3.66,4.64,Classical,23.34,48,1390.71
16.86,38.12,1.0,Low,Mini,Rainy,0,SemiUrban,118.12,204.16,,4.3,Pop,95.25,45,701.01
6.59,36.99,2.0,Low,Mini,Sunny,0,SemiUrban,95.03,80.61,4.56,4.26,Classical,50.22,63,846.01
28.87,46.91,1.0,Low,Mini,Rainy,0,Airport,116.68,211.37,3.32,3.44,Pop,64.47,69,1208.13
12.44,40.49,1.0,High,SUV,Sunny,0,Airport,95.05,103.54,4.46,3.81,Rock,26.33,35,994.4
21.49,58.13,1.0,High,Sedan,Sunny,0,SemiUrban,91.44,129.83,4.54,3.46,Rock,98.61,92,909.51
28.22,107.4,2.5,Low,Sedan,Rainy,0,Airport,104.64,186.35,4.72,4.41,Rock,4.69,1,3447.47
36.11,94.04,1.0,Medium,Premium,Sunny,0,Urban,100.69,103.25,4.38,4.99,None,86.21,17,1604.4
31.9,113.6,1.5,Medium,SUV,Sunny,0,SemiUrban,107.94,273.05,3.33,3.39,Pop,6.69,22,2171.24
27.38,98.67,2.0,Low,SUV,Sunny,0,Urban,109.22,154.39,3.67,3.25,Pop,90.72,2,2487.59
27.51,106.36,1.0,Low,Mini,,0,Airport,118.03,91.37,3.11,3.67,Pop,90.87,55,1180.2
37.89,94.18,1.0,Low,Mini,Sunny,1,Urban,118.58,65.2,4.51,4.01,Rock,36.79,65,1146.45
12.54,47.52,1.2,Medium,Mini,Sunny,0,Airport,104.85,245.36,4.38,4.4,Rock,60.0,29,1151.49
1.04,3.23,1.5,Low,Sedan,Sunny,0,SemiUrban,96.26,257.08,4.03,3.99,Classical,85.41,80,690.87
11.61,14.07,1.5,Low,Sedan,Foggy,0,Airport,97.42,70.0,4.96,4.97,Classical,31.67,47,1102.86
9.5,33.86,1.5,Low,Mini,Rainy,0,SemiUrban,92.99,185.66,3.64,4.48,Rock,12.96,88,848.84
26.81,86.11,1.0,High,Sedan,Foggy,0,Airport,98.4,213.32,4.78,3.37,Pop,91.61,57,1436.92
25.71,67.84,1.2,Medium,Mini,Sunny,0,Airport,117.34,277.07,3.36,,Pop,7.43,51,1369.6
,,1.0,Medium,Sedan,Sunny,0,Urban,100.94,62.07,4.91,4.61,Rock,13.18,34,982.1
1.63,11.29,1.2,High,Sedan,Sunny,0,Urban,108.89,136.88,3.58,4.76,Rock,17.73,44,660.02
29.42,85.1,1.2,Low,Sedan,Sunny,0,SemiUrban,119.44,79.85,4.61,4.06,Pop,61.8,71,1274.94
13.62,25.96,1.0,Medium,Premium,Sunny,0,SemiUrban,93.2,157.16,3.22,3.9,Rock,31.86,18,966.84
26.94,,1.0,Low,Sedan,Rainy,1,Urban,,143.04,3.82,3.31,None,55.75,75,1144.94
22.71,61.52,1.0,Low,Mini,Sunny,0,SemiUrban,110.99,198.84,4.93,3.49,Pop,77.94,23,928.19
,54.8,1.0,High,Mini,Sunny,1,SemiUrban,114.57,218.78,3.62,4.41,Pop,60.42,44,860.72
6.25,,2.0,Medium,Sedan,Sunny,0,Urban,94.12,291.13,4.56,3.1,Rock,91.07,77,1295.13
4.68,23.73,1.2,Low,SUV,Sunny,1,Airport,105.05,90.71,3.97,4.21,Pop,10.05,78,892.22
33.43,102.95,1.5,Low,SUV,Sunny,0,SemiUrban,108.96,249.8,4.21,3.45,None,92.49,18,2095.51
36.82,126.61,1.0,Low,Premium,Sunny,0,SemiUrban,112.8,261.51,4.2,3.44,Pop,48.57,2,1636.23
26.34,84.86,1.0,Medium,Sedan,Sunny,0,Airport,111.38,191.27,4.14,3.84,Rock,5.74,45,1221.02
5.03,22.19,1.0,Low,Sedan,Sunny,0,SemiUrban,107.13,246.95,3.97,3.9,Rock,88.88,2,603.4
16.68,34.41,1.0,Medium,Sedan,,1,Urban,104.08,137.41,3.38,4.3,Pop,11.39,68,852.92
29.43,56.64,1.2,High,Sedan,Sunny,0,Urban,118.25,58.66,3.02,3.3,Pop,67.14,81,1383.1
31.41,82.43,2.0,Low,Mini,Sunny,0,SemiUrban,95.45,87.67,4.35,3.69,Classical,28.32,78,2007.23
5.61,9.11,1.0,High,Mini,Sunny,0,SemiUrban,96.13,91.85,4.41,3.32,Classical,10.51,22,524.07
1.0,,1.2,Low,Sedan,Rainy,0,Urban,93.33,268.84,4.55,,None,84.3,80,615.92
28.77,94.19,1.0,Medium,Mini,Sunny,0,Airport,93.38,289.47,4.86,3.38,Rock,42.73,63,1246.63
,45.85,1.0,Medium,SUV,Rainy,0,Urban,116.2,150.65,3.33,4.76,Rock,61.97,73,1002.05
10.92,38.05,1.0,Medium,SUV,Sunny,0,Airport,108.2,214.08,4.78,,Rock,70.57,79,990.73
1.5,-2.21,1.2,Low,Sedan,Rainy,0,Airport,,125.84,3.47,4.13,Rock,55.25,97,701.6
22.07,92.08,1.2,High,Mini,Rainy,0,Airport,116.61,161.39,4.08,4.41,Classical,77.93,3,1402.57
34.19,125.61,1.0,Low,Sedan,Rainy,0,Airport,99.02,205.17,3.52,4.79,None,50.01,4,1481.46
38.35,142.42,1.2,Medium,Sedan,Sunny,0,Airport,109.24,264.05,3.28,3.49,None,41.6,35,1905.47
23.06,45.4,1.2,Low,Sedan,Sunny,0,Airport,101.38,156.69,3.1,4.36,Classical,75.18,97,1192.4
21.06,47.44,1.0,Medium,Sedan,Rainy,1,SemiUrban,116.29,224.75,3.69,4.42,Rock,20.94,42,990.58
4.32,19.01,1.2,Medium,SUV,Sunny,1,Urban,112.03,112.19,4.94,4.15,Classical,94.22,10,867.48
22.41,,1.5,Medium,SUV,Rainy,0,Urban,93.7,132.15,3.95,4.7,None,29.98,60,1873.23
15.82,28.92,1.0,Low,Sedan,Rainy,0,SemiUrban,97.6,104.87,3.08,3.91,Pop,3.88,11,784.22
24.68,66.87,1.2,Medium,Mini,Rainy,1,SemiUrban,109.73,266.26,4.35,4.43,Rock,54.26,79,1377.64
16.16,,1.0,Low,Sedan,Sunny,0,Airport,97.38,79.62,3.4,3.37,Rock,30.15,36,934.72
10.37,,1.5,Low,SUV,Sunny,1,Urban,106.02,242.49,3.12,4.94,Rock,15.85,18,1114.51
4.7,24.6,2.0,Medium,SUV,Sunny,0,Airport,97.33,207.97,4.59,4.23,None,78.3,18,1688.05
13.28,30.55,1.0,Medium,Mini,Rainy,1,SemiUrban,110.48,212.5,3.89,4.47,Pop,59.03,28,793.57
4.77,21.82,1.0,Low,SUV,,0,Airport,92.25,269.23,,3.6,Pop,59.25,9,867.94
7.9,40.71,1.0,Medium,Mini,Sunny,0,Airport,111.64,182.7,4.43,3.85,Classical,51.59,31,701.86
39.51,,1.0,Medium,Sedan,Rainy,0,Urban,100.11,68.96,3.58,3.35,Pop,64.51,81,1348.1
18.32,80.22,1.0,Low,SUV,Rainy,0,Urban,103.61,282.78,,4.9,Classical,92.23,85,1184.02
21.74,81.36,1.2,Medium,Sedan,Sunny,1,Urban,104.51,134.34,4.74,4.81,Classical,33.02,50,1242.91
35.07,138.43,1.0,High,Sedan,Sunny,0,Airport,95.83,57.44,3.63,3.3,Pop,63.54,81,1534.21
39.83,156.32,1.0,Medium,Mini,Sunny,0,Airport,118.26,183.29,3.58,3.49,Classical,78.33,66,1635.82
23.73,71.34,1.5,Medium,Mini,Sunny,1,SemiUrban,,139.61,4.0,4.06,Pop,20.33,11,1360.49
32.69,110.54,1.2,Low,SUV,Sunny,0,SemiUrban,101.18,277.94,4.08,3.24,Pop,73.43,23,1694.44
13.75,24.35,1.0,Medium,SUV,Rainy,0,SemiUrban,93.86,177.68,4.16,4.17,None,38.17,84,854.64
,40.0,1.2,Medium,SUV,Rainy,0,SemiUrban,100.8,63.34,3.44,3.53,None,84.13,83,1015.41
16.71,,2.0,Medium,Mini,Foggy,0,SemiUrban,93.12,109.52,3.11,4.28,Rock,29.51,76,1496.44
27.23,71.98,1.0,High,SUV,Sunny,0,SemiUrban,101.36,105.79,4.08,3.16,Classical,69.29,4,1221.58
27.61,108.81,1.0,Low,Mini,Foggy,0,SemiUrban,95.82,241.02,4.21,3.33,Pop,51.06,83,1155.16
13.29,33.12,1.5,Low,Mini,,1,Urban,106.61,66.47,4.92,,None,74.95,86,822.12
6.2,15.28,1.2,Low,Sedan,Rainy,0,SemiUrban,90.36,131.37,,4.39,Classical,81.25,16,674.63
25.66,57.64,1.0,Medium,Sedan,Foggy,0,Airport,105.18,217.69,3.31,4.17,Pop,12.14,12,1187.02
6.0,36.48,1.0,High,Mini,Rainy,0,Airport,98.48,203.34,3.61,3.63,Rock,26.27,99,841.05
23.56,102.25,1.5,Medium,Mini,Sunny,0,Airport,99.64,211.9,3.1,4.16,Pop,25.72,44,1710.16
28.04,76.75,2.5,Low,Sedan,Sunny,0,Urban,100.64,189.84,3.03,3.55,Rock,4.53,43,2759.61
28.32,91.83,1.5,Medium,Mini,Rainy,0,Airport,109.58,93.93,3.96,4.92,Classical,95.81,40,2009.11
30.39,68.3,2.5,Low,Mini,Foggy,1,Airport,112.73,218.58,4.32,3.32,Classical,55.78,83,3099.54
35.04,73.54,1.2,Low,Sedan,Sunny,1,Urban,,287.74,4.9,4.22,None,22.06,46,1620.49
20.5,71.79,2.0,Low,Mini,Rainy,0,Airport,117.75,60.27,4.27,3.92,Pop,56.54,98,1993.57
29.48,119.45,1.2,Medium,Sedan,Foggy,0,Urban,112.39,140.46,3.36,3.69,Classical,82.89,41,1607.97
25.15,65.41,2.0,Medium,SUV,Sunny,0,Airport,102.12,122.9,4.81,3.99,Classical,15.95,50,2519.84
8.28,23.98,1.0,Low,Mini,Sunny,0,Airport,92.93,87.03,4.76,3.24,Rock,64.84,97,519.87
2.0,20.05,1.5,Medium,Premium,Foggy,0,SemiUrban,106.81,116.1,3.82,3.86,Rock,14.94,7,1159.7
12.1,45.07,1.0,High,Mini,Sunny,0,Airport,108.41,56.36,4.04,4.8,Pop,85.03,96,816.58
18.28,76.71,1.0,Low,Mini,Rainy,0,SemiUrban,94.09,210.69,4.0,3.31,Rock,23.96,43,906.29
25.07,80.39,1.2,Medium,Sedan,Rainy,0,SemiUrban,115.56,203.11,,4.12,Pop,60.52,66,1468.54
34.15,98.23,1.0,Medium,Sedan,Sunny,0,Airport,101.44,175.86,3.66,4.56,Rock,1.77,18,1374.03
8.65,29.62,1.0,High,Sedan,Rainy,1,Airport,94.57,128.51,4.97,4.64,Rock,0.12,14,988.63
5.9,17.33,2.5,Medium,Mini,Sunny,0,Urban,105.63,294.05,,3.35,Pop,68.16,4,1509.94
38.58,150.08,1.2,Medium,SUV,Sunny,1,SemiUrban,102.66,204.8,3.67,4.48,Classical,5.65,18,1910.89
5.21,17.95,2.0,Medium,Premium,Rainy,1,Airport,109.26,271.84,4.23,4.52,Pop,21.2,83,2198.61
19.66,61.33,2.5,Low,Premium,Sunny,1,SemiUrban,95.18,126.52,3.17,4.09,Rock,93.92,56,2814.02
23.84,80.23,1.0,Medium,Sedan,Sunny,1,SemiUrban,90.62,238.8,4.49,3.85,Classical,64.58,34,1097.74
22.11,90.08,1.0,Medium,Sedan,Sunny,1,Airport,104.29,51.48,,3.12,Rock,26.19,79,1077.76
4.36,29.5,1.0,Medium,SUV,Sunny,0,Airport,94.72,219.21,3.93,3.02,Rock,67.15,12,781.36
3.22,15.69,1.2,Low,SUV,Sunny,0,SemiUrban,94.69,237.04,3.15,4.17,Rock,99.34,84,700.84
5.11,9.72,1.2,Low,Premium,Sunny,0,Airport,110.34,117.48,4.16,3.72,Pop,43.6,91,1133.21
23.84,99.0,1.2,Low,SUV,Rainy,0,SemiUrban,97.76,299.53,3.11,3.56,Classical,50.99,87,1543.21
22.23,62.78,1.0,Medium,Sedan,Sunny,0,Urban,115.2,174.57,4.63,3.23,Rock,53.44,93,1011.1
10.12,35.56,1.0,High,Mini,Sunny,1,Urban,105.44,142.35,4.17,4.87,None,16.07,26,678.08
25.87,,1.0,Low,Sedan,Rainy,0,Airport,108.24,96.25,4.74,3.37,Classical,53.36,66,1200.5
,73.37,1.0,Low,SUV,Sunny,1,SemiUrban,99.63,88.86,3.76,4.32,Classical,63.0,3,1174.52
2.62,26.95,2.0,High,Mini,Sunny,1,Urban,96.71,101.66,3.5,3.08,Rock,48.97,85,913.47
20.43,48.95,1.0,Medium,Mini,Rainy,0,SemiUrban,94.77,184.04,4.88,4.32,Pop,46.09,37,935.76
27.88,84.56,1.0,High,Mini,Sunny,0,Airport,111.21,184.14,4.8,4.31,Rock,22.0,55,1244.58
10.84,,1.0,Low,Premium,Sunny,1,Urban,110.67,182.62,3.13,4.81,None,58.11,19,1034.94
13.0,56.35,1.5,High,SUV,Sunny,0,Urban,104.78,264.88,4.73,4.18,Rock,54.82,36,1683.57
24.93,111.26,1.0,High,Mini,Foggy,0,SemiUrban,113.44,50.39,4.86,3.05,Classical,92.95,56,1067.61
36.02,116.47,1.0,Low,Mini,Rainy,0,Urban,114.08,116.73,3.91,4.92,Classical,36.71,50,1291.67
,107.06,1.2,Low,Sedan,Sunny,0,SemiUrban,103.27,271.41,4.79,3.2,Pop,70.09,93,1572.9
23.74,88.27,2.0,Low,Sedan,Sunny,1,SemiUrban,109.53,74.98,3.89,3.48,None,78.34,66,1950.32
29.48,98.79,2.0,Low,Mini,Rainy,0,Airport,117.36,98.69,3.11,4.49,None,79.19,14,2582.82
15.23,64.94,1.0,High,Premium,Sunny,0,Airport,92.44,131.68,4.09,4.4,Pop,56.55,87,1272.35
26.0,44.5,1.5,Low,Sedan,Sunny,0,Urban,90.36,253.16,4.87,4.44,Classical,62.45,50,1497.9
19.18,46.21,1.0,Medium,Sedan,Sunny,0,Airport,104.2,195.96,4.07,3.84,Rock,80.14,51,2898.23
8.41,25.73,1.0,High,SUV,Rainy,0,Urban,99.95,188.92,3.28,3.76,None,2.9,65,859.51
28.37,60.01,1.2,Low,Mini,Rainy,0,Airport,92.61,281.26,3.88,4.18,Classical,21.5,3,1492.05
22.7,87.04,1.0,Medium,Sedan,Sunny,0,Airport,94.49,171.83,3.21,3.55,Pop,52.5,51,1068.27
14.99,29.2,1.5,Low,Sedan,Sunny,0,Urban,97.72,286.75,4.17,3.4,None,73.0,16,1253.08
36.54,138.23,2.0,Low,Premium,Sunny,1,Airport,92.98,83.53,4.25,3.32,Classical,18.04,99,3433.47
,-3.97,1.0,High,Mini,Sunny,1,SemiUrban,99.57,149.94,4.33,3.77,Classical,86.91,33,409.55
13.32,70.11,1.0,Low,SUV,Sunny,1,Airport,93.98,255.57,3.11,4.79,Classical,51.34,82,1101.1
3.22,15.64,1.0,Low,Sedan,Sunny,0,SemiUrban,108.74,87.58,4.7,4.85,Pop,37.85,92,432.51
30.89,100.91,1.2,Medium,SUV,Sunny,0,Urban,110.9,93.89,4.83,4.78,Classical,15.17,44,1545.96
28.38,97.12,2.0,Medium,SUV,Sunny,1,Urban,113.26,145.43,3.57,,None,56.0,89,2511.33
13.92,41.31,2.0,Medium,Mini,Sunny,0,Airport,116.09,282.17,4.57,4.19,None,78.83,61,1801.31
27.35,99.11,1.2,High,Mini,Rainy,0,Airport,90.09,95.49,3.97,4.3,None,31.3,90,1504.81
16.44,58.72,1.0,Low,Mini,Sunny,1,Airport,95.29,288.91,4.06,3.92,Rock,49.65,50,950.9
30.49,122.08,1.5,Medium,Sedan,Rainy,1,Airport,114.44,218.0,3.49,4.14,None,17.68,42,2322.82
18.71,58.06,1.0,High,SUV,Sunny,0,SemiUrban,90.91,167.81,4.79,3.25,Classical,25.99,88,1060.1
17.08,54.36,2.5,Low,Mini,Sunny,0,Airport,,54.41,4.92,4.8,Rock,69.13,94,2025.57
37.45,75.07,1.0,Medium,Sedan,Sunny,0,Urban,95.42,181.18,4.31,3.27,None,96.64,34,1365.23
10.78,19.76,1.2,Low,SUV,Rainy,1,Airport,,153.92,3.3,4.67,None,61.25,56,1062.88
5.7,39.55,1.0,Low,SUV,Sunny,0,Airport,118.87,247.7,4.07,3.1,Classical,63.15,96,787.21
23.8,90.55,1.0,Medium,Sedan,Sunny,1,SemiUrban,109.46,189.81,3.6,3.8,None,88.08,47,1096.89
38.8,161.49,1.2,Medium,SUV,Sunny,1,Airport,,293.44,3.9,3.39,None,18.17,19,2184.38
15.74,40.73,1.2,High,Mini,Foggy,0,Airport,,77.98,4.35,3.32,Classical,81.37,66,1042.09
3.42,15.0,1.5,Medium,Mini,Foggy,1,SemiUrban,90.17,278.74,3.14,4.35,Pop,85.86,37,760.7
14.23,39.64,1.2,High,Mini,Rainy,0,SemiUrban,118.51,144.89,3.41,4.78,Pop,69.36,14,996.95
20.73,91.76,1.0,Low,Sedan,Sunny,0,SemiUrban,100.33,176.85,4.5,4.58,Rock,3.53,9,993.08
7.31,,2.0,Low,Sedan,Rainy,0,Urban,119.4,263.3,3.08,3.58,None,92.59,93,1552.07
26.67,100.05,1.5,High,Mini,Sunny,0,SemiUrban,110.29,221.21,4.2,4.21,None,59.3,19,1734.51
39.91,107.93,1.0,High,Mini,Rainy,0,Urban,,286.54,3.53,3.59,Classical,22.17,82,1479.59
18.62,74.01,1.5,Low,Mini,Rainy,0,Urban,108.46,296.17,4.8,3.18,Rock,48.68,43,1521.27
14.83,35.8,2.5,Medium,Mini,Sunny,0,SemiUrban,101.41,210.39,4.67,3.23,Pop,56.82,39,1802.91
16.63,50.47,1.2,Low,SUV,Foggy,0,Airport,109.28,189.95,4.84,3.35,Pop,8.0,54,1310.31
5.49,10.22,1.0,Medium,Premium,Rainy,0,Airport,113.72,113.25,3.19,4.32,None,59.3,50,990.84
35.45,138.36,1.2,High,Mini,Sunny,0,Urban,104.12,118.87,4.99,3.27,Classical,62.01,44,1729.95
17.18,61.45,1.0,Medium,Mini,Rainy,0,Airport,96.66,113.44,3.29,4.15,None,79.55,46,891.67
16.1,,1.2,Low,SUV,Sunny,1,SemiUrban,,246.2,4.74,3.0,None,92.24,93,1237.14
26.73,104.61,1.2,Low,Mini,Rainy,0,SemiUrban,102.38,203.87,3.75,,None,46.21,84,1475.5
18.24,,2.0,Low,SUV,Sunny,0,Airport,95.29,233.94,4.91,3.52,Pop,27.95,46,2145.86
26.28,117.17,1.2,Medium,Mini,Sunny,1,Airport,112.18,254.06,3.0,4.14,Rock,67.94,81,1534.6
3.4,0.04,1.0,Medium,Sedan,Sunny,0,Urban,109.66,273.34,4.38,3.69,Classical,14.91,38,626.44
32.74,126.51,1.5,High,SUV,Rainy,0,Airport,114.5,86.74,4.99,4.07,Rock,9.87,25,2462.66
37.68,102.73,1.0,High,Mini,Foggy,0,Urban,90.05,268.77,4.39,3.39,Pop,78.26,43,1516.16
26.3,62.53,1.0,Low,Mini,Sunny,0,Airport,100.42,211.44,4.41,,Pop,86.21,7,1013.8
38.23,105.07,1.0,Medium,SUV,Sunny,0,Airport,99.44,279.5,4.33,4.76,Pop,81.38,32,1605.57
6.91,14.69,1.0,Medium,Premium,Rainy,0,Airport,117.72,282.18,4.96,4.16,None,88.92,56,1191.86
19.62,65.88,2.5,Low,Sedan,Sunny,0,Airport,100.49,156.66,4.44,3.88,Pop,27.7,78,2585.25
24.47,57.73,1.2,Low,SUV,Foggy,0,SemiUrban,105.82,228.55,3.99,,Classical,62.79,36,1323.67
23.69,55.5,1.5,High,SUV,Rainy,1,Airport,90.11,256.48,3.5,3.81,Classical,61.17,11,2011.69
16.66,51.09,1.0,Medium,Mini,Foggy,0,Urban,114.24,114.37,4.55,3.47,Classical,4.44,33,869.09
14.19,34.32,1.5,Medium,Mini,Rainy,0,SemiUrban,93.42,171.51,3.32,3.76,Classical,2.55,50,1071.37
5.95,9.83,1.2,Medium,Mini,Rainy,0,Urban,116.47,114.82,3.12,3.84,None,87.58,16,631.95
16.28,53.19,1.0,Low,Mini,Sunny,0,SemiUrban,112.05,72.12,4.53,4.38,Rock,1.77,67,709.37
,21.21,2.5,Medium,Sedan,Sunny,0,Airport,106.69,224.49,3.74,3.64,Classical,73.0,91,1971.62
29.64,90.74,1.2,High,Mini,Sunny,1,Urban,112.47,193.07,3.42,3.75,None,42.95,42,1448.88
9.14,40.47,1.2,Low,Mini,Rainy,1,Airport,113.79,149.99,4.53,4.25,Rock,3.94,10,852.87
3.28,22.95,1.0,Low,Mini,Rainy,0,SemiUrban,112.55,103.14,4.74,4.58,None,85.09,7,344.19
22.54,76.65,1.0,Medium,Mini,Sunny,1,Airport,109.83,97.37,3.21,4.68,Classical,38.97,58,984.58
24.21,95.67,2.0,Low,Mini,Sunny,0,Urban,116.42,119.87,3.83,4.2,None,73.54,47,1975.08
35.0,89.81,1.5,Medium,Mini,Sunny,0,SemiUrban,102.69,295.54,3.05,3.92,Classical,50.09,60,1862.02
,75.38,1.2,Low,SUV,Rainy,0,SemiUrban,106.99,290.64,4.66,4.32,None,86.93,20,1462.41
14.47,60.05,2.0,Medium,SUV,Sunny,0,Airport,119.08,261.2,3.02,3.06,None,50.22,5,2296.32
32.32,81.25,1.2,Medium,SUV,Sunny,1,Airport,101.17,67.1,3.78,4.12,Rock,75.51,84,1672.99
22.07,,1.2,Low,SUV,Sunny,0,SemiUrban,112.53,257.96,4.81,3.62,Rock,60.0,62,1369.41
4.09,17.77,1.0,Low,SUV,Sunny,0,Urban,101.75,238.91,4.17,4.04,None,78.15,74,664.88
23.07,47.32,1.2,Low,Mini,Sunny,1,Urban,104.11,284.65,4.61,3.58,Classical,10.9,69,1162.3
36.41,68.55,1.0,Low,SUV,Sunny,0,Urban,100.07,166.71,3.27,3.36,Classical,35.43,38,1358.52
16.46,68.67,1.0,Medium,Sedan,Foggy,0,Airport,94.59,178.73,3.23,3.49,Classical,36.71,4,1056.53
12.56,53.01,2.5,Low,Mini,,1,Airport,119.17,191.93,3.71,4.49,Pop,11.19,56,2117.15
6.6,30.03,1.0,Medium,Sedan,Sunny,0,SemiUrban,103.42,186.49,4.35,3.75,None,89.58,17,577.29
6.91,11.84,1.0,Medium,Mini,Sunny,0,Airport,98.38,128.44,3.33,4.45,Rock,26.61,42,637.7
17.88,64.63,1.0,Low,Mini,Rainy,0,Airport,109.39,90.35,3.13,4.5,Pop,77.8,93,937.2
24.23,93.06,1.0,Medium,Mini,Sunny,0,Airport,93.33,227.94,,3.04,Pop,48.64,97,1173.28
,15.25,1.0,Medium,Sedan,Sunny,1,Urban,106.3,278.14,3.58,,Pop,88.78,60,589.21
37.64,119.78,1.0,Low,SUV,Sunny,1,SemiUrban,107.22,216.6,4.25,3.2,None,72.97,26,1400.32
,67.62,1.2,Medium,Mini,Sunny,0,SemiUrban,95.88,257.28,4.32,3.94,Classical,75.76,81,1279.33
23.88,68.12,1.2,Low,SUV,Sunny,0,Airport,118.79,180.32,3.08,4.9,Pop,48.69,46,1449.33
33.31,113.94,1.5,Low,Mini,Sunny,1,Airport,,176.28,4.13,3.32,None,38.93,30,1932.23
4.13,16.05,2.5,Low,Mini,Sunny,0,Urban,96.68,296.37,3.4,3.38,Pop,46.85,5,1259.61
19.6,47.92,1.2,Low,Mini,Sunny,1,Urban,,298.64,3.18,3.47,None,48.95,73,1099.3
25.57,64.32,1.0,Medium,SUV,Rainy,0,Airport,99.21,202.18,3.79,4.66,Pop,5.89,16,1344.35
33.32,87.46,1.0,Medium,Premium,Rainy,0,Urban,111.9,142.72,4.59,4.68,Classical,10.63,62,1618.69
31.56,78.54,1.5,Low,Mini,Sunny,1,Airport,108.85,143.11,4.94,4.8,Pop,28.94,40,1783.77
11.81,10.82,1.2,Medium,Premium,Sunny,0,SemiUrban,94.79,217.97,3.99,4.01,Classical,41.36,22,1047.37
37.69,119.71,1.0,Medium,SUV,Sunny,1,Urban,92.83,106.09,4.77,,Pop,6.73,13,1498.58
5.85,38.71,1.0,Low,Mini,Sunny,0,Urban,108.23,295.06,4.89,3.54,None,48.01,2,652.11
35.13,101.14,1.5,High,Sedan,Sunny,0,SemiUrban,110.05,228.25,,4.22,Rock,58.08,62,2227.4
38.87,134.53,1.2,Low,SUV,Sunny,1,SemiUrban,93.93,90.28,3.29,3.86,Classical,96.08,53,1707.61
7.91,31.1,1.2,High,Sedan,Foggy,0,Urban,95.18,141.04,3.62,3.58,Rock,10.44,13,901.22
29.16,69.2,1.0,Low,Sedan,Rainy,1,Urban,91.5,105.92,3.78,4.53,Rock,80.97,60,1149.16
2.57,18.36,1.2,Medium,Sedan,Foggy,0,Airport,94.03,71.52,3.91,4.47,None,73.14,85,712.26
16.81,68.57,1.5,High,Mini,Sunny,0,Urban,107.64,211.21,4.29,4.5,Pop,74.57,49,1473.7
21.14,44.31,2.0,Medium,Mini,Rainy,1,Airport,96.02,76.1,4.29,4.2,None,84.54,39,1899.71
23.65,48.77,1.5,Low,Sedan,Rainy,0,SemiUrban,98.66,149.04,4.09,3.67,Pop,96.55,86,1410.62
37.5,88.59,1.2,Medium,SUV,Rainy,0,SemiUrban,106.66,217.38,3.46,4.34,Rock,64.06,42,1772.36
27.22,98.44,1.2,Low,SUV,Sunny,1,Airport,102.42,90.31,3.73,3.4,Pop,88.43,89,1490.94
19.77,76.05,1.2,Medium,Sedan,Rainy,1,SemiUrban,115.36,271.04,3.83,3.5,None,12.55,53,1278.09
32.58,126.72,1.0,Medium,Mini,Sunny,1,Urban,107.13,96.23,4.33,4.91,Rock,23.8,3,1258.77
38.07,163.38,2.0,Medium,Mini,Sunny,0,SemiUrban,93.96,202.66,3.28,4.09,None,37.75,88,2884.55
1.86,-3.7,1.2,Low,SUV,Sunny,1,Urban,101.53,280.95,3.48,4.43,Pop,7.73,18,726.93
39.32,118.54,1.2,Medium,Sedan,Rainy,1,SemiUrban,97.76,73.84,3.57,3.91,Pop,22.05,91,1678.99
4.36,,2.5,Low,Sedan,Foggy,0,SemiUrban,,76.24,4.04,3.0,Pop,97.98,37,1061.78
32.76,74.18,2.5,Low,Mini,Rainy,1,Urban,97.69,81.42,4.51,4.02,None,74.13,36,2772.37
11.93,44.64,1.2,Medium,Mini,Rainy,0,Urban,102.55,139.38,4.69,4.08,Classical,71.91,48,945.34
6.16,25.6,1.0,Medium,Mini,Sunny,0,Airport,93.96,217.9,4.48,3.19,Pop,53.48,90,692.13
18.15,41.07,1.0,Medium,SUV,Rainy,0,Airport,97.57,184.66,4.5,,Classical,22.58,31,1152.63
26.11,65.63,2.0,Low,Sedan,Sunny,0,Urban,111.04,124.55,3.48,3.25,Classical,12.21,80,2062.23
15.86,47.25,1.0,High,Sedan,Sunny,0,Urban,114.82,204.52,4.77,4.76,Rock,52.4,74,1041.06
3.13,21.39,2.5,Medium,SUV,Rainy,0,Airport,90.41,161.62,3.11,3.06,Classical,65.92,1,1953.89
24.38,91.98,1.0,Low,Mini,Foggy,0,Urban,92.5,138.16,4.08,4.52,None,56.28,57,1025.21
36.19,145.21,1.2,High,Mini,Rainy,0,SemiUrban,,145.61,3.18,3.86,None,46.04,73,1831.78
15.95,35.89,1.2,High,Mini,Rainy,0,SemiUrban,96.44,139.84,4.2,3.01,None,2.49,59,908.09
9.44,33.78,1.0,Low,Sedan,Sunny,0,Airport,99.37,177.94,3.09,3.9,Classical,59.81,37,760.81
18.26,49.71,2.0,Medium,SUV,,1,SemiUrban,,145.06,4.28,4.96,Rock,52.08,14,1855.27
2.89,1.43,1.2,Medium,SUV,Rainy,0,SemiUrban,115.98,129.88,3.07,3.9,Classical,28.3,93,754.3
33.0,82.83,1.0,Low,Sedan,Sunny,1,Airport,94.88,130.26,3.33,3.55,Classical,79.63,2,1311.13
33.23,132.57,1.0,Low,Sedan,Sunny,0,SemiUrban,114.38,104.75,4.51,4.84,Rock,69.25,3,1294.02
23.93,102.54,1.5,Medium,SUV,Sunny,0,Airport,104.03,102.45,3.61,3.16,None,97.24,50,1989.89
14.77,28.71,1.0,Low,Sedan,Sunny,0,SemiUrban,113.5,121.52,4.77,4.51,Pop,50.11,27,750.78
32.19,82.95,2.0,High,Mini,Sunny,1,Urban,110.64,293.06,3.2,3.49,Pop,6.79,6,2576.75
22.63,58.89,1.0,Low,Sedan,Sunny,1,SemiUrban,111.96,101.04,4.06,4.42,Classical,92.85,37,911.16
33.21,77.17,1.0,High,SUV,Foggy,0,Airport,93.42,161.15,4.85,3.28,Rock,45.81,93,1546.25
25.63,,1.0,High,Sedan,Rainy,0,SemiUrban,99.26,277.13,3.83,3.1,Pop,99.41,13,1200.64
31.59,90.27,1.0,Medium,Mini,Sunny,0,Airport,96.81,52.88,3.66,4.36,None,50.29,16,1261.86
24.34,82.18,1.0,Low,Mini,Rainy,0,Airport,93.78,201.22,4.93,3.75,Classical,41.9,53,1180.7
17.15,57.24,2.5,Medium,Sedan,Sunny,1,Airport,109.18,267.55,3.85,4.98,Rock,7.62,1,2725.69
38.36,120.05,1.0,Medium,Mini,Rainy,1,SemiUrban,110.85,91.89,4.4,4.12,Classical,12.42,88,1410.11
22.1,82.19,1.0,Medium,Sedan,Sunny,1,Urban,94.24,253.18,4.84,3.11,Pop,11.3,43,1097.47
24.6,75.6,1.0,Low,Mini,,0,SemiUrban,113.06,211.53,3.02,3.28,Classical,64.02,28,1034.73
9.6,54.44,1.2,High,Sedan,Rainy,0,Urban,98.6,255.32,,,Rock,53.16,75,1152.86
25.4,80.61,1.5,Low,Mini,Sunny,1,Airport,101.3,67.73,4.43,3.14,Classical,98.6,23,1599.06
23.29,100.37,1.5,Medium,SUV,Rainy,0,Urban,119.8,67.74,3.84,4.08,Pop,43.42,94,1877.49
8.21,49.46,1.0,High,Mini,,0,Airport,95.76,85.75,4.35,3.03,Rock,15.9,47,728.15
3.32,,1.2,Medium,Sedan,Rainy,0,Airport,93.54,294.74,4.61,4.44,None,28.29,79,936.81
,88.98,1.2,Low,Mini,Sunny,0,Airport,98.06,269.85,3.63,3.28,None,80.13,23,1434.32
30.78,109.72,1.2,Low,Mini,Rainy,1,SemiUrban,117.95,193.09,3.65,3.36,Classical,82.39,54,1444.55
21.41,83.04,1.0,Medium,Sedan,Sunny,1,SemiUrban,93.6,182.11,3.18,3.57,None,11.79,56,1018.09
9.84,28.72,1.5,Low,Mini,Rainy,0,SemiUrban,108.48,113.77,4.91,3.01,Classical,98.54,78,847.91
,96.47,1.0,Low,Sedan,Foggy,0,Urban,113.79,102.98,3.07,4.05,None,35.24,17,1246.2
4.12,,1.0,Low,Mini,Sunny,0,SemiUrban,117.67,108.63,3.94,4.94,Pop,35.82,58,401.87
18.23,67.08,1.0,Medium,Sedan,Rainy,0,Airport,,232.52,,4.39,None,28.49,63,1145.61
7.37,,1.0,Low,Sedan,Sunny,0,Airport,103.73,208.51,3.28,4.91,Pop,76.76,15,817.97
8.19,32.32,1.0,High,SUV,Rainy,0,SemiUrban,114.83,175.44,3.98,3.26,Classical,93.78,74,881.98
8.89,23.02,1.2,Medium,Sedan,,0,Urban,95.88,258.39,3.59,3.48,Rock,71.33,64,914.1
16.08,55.24,2.0,Medium,SUV,Sunny,0,Urban,103.86,64.82,4.61,3.7,Rock,9.42,96,1827.05
2.99,21.03,1.2,Low,SUV,Sunny,1,SemiUrban,109.13,59.06,4.65,,Pop,77.28,23,562.44
16.51,66.8,1.0,High,Mini,Rainy,1,Airport,111.0,255.18,3.87,4.99,Rock,77.82,43,1188.57
20.96,76.43,1.5,Low,SUV,Sunny,0,Airport,93.36,154.08,3.87,,Rock,64.99,76,1675.45
19.85,68.18,1.5,Low,Sedan,,0,SemiUrban,116.01,216.39,3.15,4.17,Classical,19.16,9,1402.03
15.93,63.99,1.0,Low,Mini,Sunny,0,Airport,114.55,151.05,3.71,4.17,Classical,49.98,44,915.89
33.73,101.26,1.2,Low,SUV,Sunny,0,Airport,99.51,159.64,3.81,4.54,Classical,3.29,60,1662.3
6.67,18.84,1.5,Medium,Mini,Sunny,1,SemiUrban,104.29,55.63,3.89,3.38,None,25.52,27,543.09
20.72,34.03,1.0,Medium,Sedan,Sunny,0,Urban,101.52,182.61,3.91,4.65,Pop,67.18,85,743.75
3.42,29.19,1.0,Low,Sedan,Rainy,0,Urban,119.43,58.86,3.18,4.48,Rock,36.27,62,599.87
,10.84,1.0,Medium,Sedan,Sunny,0,Urban,107.52,137.85,3.33,3.14,Rock,16.04,44,521.64
23.38,78.92,2.5,Medium,Sedan,Rainy,0,SemiUrban,98.11,84.18,,3.08,Rock,10.72,46,2711.01
23.07,66.93,1.0,High,Mini,Sunny,0,SemiUrban,112.38,104.46,3.76,3.31,Classical,76.43,89,953.09
35.24,128.77,1.0,Low,Mini,Rainy,0,Airport,114.65,276.87,3.28,4.31,Rock,28.24,74,1480.39
22.76,80.02,1.2,Low,Mini,Sunny,0,Urban,111.78,292.33,,4.91,Classical,96.35,14,1251.2
38.43,142.91,2.0,Low,Mini,Sunny,0,Airport,92.51,58.27,3.24,3.22,Pop,73.88,13,2833.73
2.9,13.7,1.0,Low,SUV,Sunny,0,Airport,98.63,278.5,3.01,4.22,Pop,35.32,21,719.8
4.82,20.94,1.5,Medium,SUV,Sunny,0,SemiUrban,100.87,262.8,4.23,4.19,Rock,34.3,44,1049.44
2.72,5.88,1.2,Medium,Sedan,Sunny,0,SemiUrban,96.51,179.05,3.17,3.34,Pop,14.13,3,671.41
8.23,27.57,1.2,Low,Mini,Sunny,0,Airport,104.44,170.92,3.12,3.53,Rock,71.59,79,777.52
22.11,88.2,1.5,Medium,Sedan,Sunny,1,Urban,99.58,146.75,3.17,4.08,Classical,49.43,6,1520.9
26.18,59.21,1.0,Low,Mini,Sunny,0,SemiUrban,91.09,213.35,4.87,3.67,None,82.31,4,849.16
2.78,8.37,2.0,Low,SUV,Foggy,0,Urban,109.56,95.62,3.21,3.32,None,27.59,79,1162.14
,117.5,1.5,Low,Mini,Sunny,0,SemiUrban,103.08,68.56,4.68,3.86,None,33.97,72,1769.72
33.84,101.79,2.0,Medium,Sedan,Rainy,0,Airport,90.84,294.95,4.55,3.18,Classical,47.86,16,3111.2
12.57,53.91,1.5,Medium,Sedan,Sunny,0,Airport,117.99,255.3,4.68,4.16,Pop,70.66,64,1575.24
4.01,13.96,2.0,Medium,Premium,Sunny,1,Airport,109.53,145.01,4.21,3.29,Rock,86.11,97,1917.44
7.63,34.16,1.0,High,Mini,Sunny,0,Airport,92.22,66.4,3.31,4.46,Rock,95.41,75,742.37
5.95,31.65,1.0,Medium,Mini,Rainy,0,Airport,116.68,289.31,4.54,4.09,Pop,4.83,16,842.15
5.81,16.0,1.0,Low,Premium,Rainy,1,Airport,102.63,62.85,4.13,3.16,Rock,84.55,19,881.48
21.22,73.72,1.0,Low,Sedan,Rainy,1,Urban,97.19,50.66,4.14,3.45,None,12.59,83,1009.58
10.59,29.35,1.5,High,Sedan,Sunny,0,Urban,91.38,122.16,4.22,3.86,Rock,98.24,48,1089.44
,56.66,1.0,Medium,SUV,Foggy,1,Airport,,236.31,3.3,3.79,None,4.42,3,1181.61
39.59,,1.0,Medium,Mini,Sunny,0,SemiUrban,119.08,261.29,3.58,4.65,Rock,31.21,13,1492.14
27.69,61.52,1.5,Medium,Mini,Sunny,0,SemiUrban,95.56,196.23,4.99,4.26,Rock,99.91,41,1480.53
38.01,86.34,2.0,Low,Mini,Sunny,0,SemiUrban,,165.04,4.75,4.77,Rock,24.82,7,2451.58
,18.48,1.5,High,SUV,Sunny,0,Airport,97.13,53.73,3.72,4.1,None,85.55,58,1154.87
15.9,,1.5,Low,SUV,Sunny,1,Airport,107.17,137.0,4.97,3.63,None,83.43,5,1410.72
22.63,75.31,1.2,Low,Sedan,Rainy,0,SemiUrban,116.14,70.96,,3.06,Classical,26.45,7,1157.09
3.99,24.59,2.0,Low,Sedan,Sunny,0,Urban,93.92,104.84,3.7,3.42,Rock,50.43,42,829.82
1.16,15.14,1.2,Medium,Mini,Sunny,0,Urban,98.95,67.14,4.11,3.51,Pop,7.68,49,470.84
27.15,93.69,2.5,Medium,Sedan,,1,Urban,94.94,274.18,4.24,3.18,Pop,13.61,79,3055.33
26.03,74.9,1.0,Medium,SUV,Sunny,0,SemiUrban,96.86,226.99,4.61,4.06,Classical,35.93,28,1092.58
17.02,65.62,1.5,Medium,SUV,Sunny,0,Airport,93.9,163.58,4.47,4.28,None,90.59,15,1630.84
20.1,76.76,1.2,Medium,Mini,Sunny,1,SemiUrban,109.04,282.76,4.38,3.1,Rock,66.2,65,1149.2
17.2,57.78,1.2,Low,Mini,,1,Urban,91.31,102.13,4.95,3.69,Rock,60.44,19,890.81
1.94,2.51,1.5,Medium,SUV,Sunny,0,Urban,111.87,288.4,4.2,3.05,None,95.2,95,1012.85
14.08,,1.5,Medium,Sedan,Foggy,0,Urban,94.26,68.55,3.01,4.46,Classical,77.87,97,1207.89
7.91,,2.0,Medium,Sedan,Rainy,0,Airport,98.0,249.93,4.23,4.0,Pop,99.44,45,1706.65
4.84,21.95,1.0,Medium,Sedan,Sunny,0,Airport,100.36,132.17,4.52,4.38,Pop,45.98,77,675.89
38.31,107.85,1.0,Medium,Mini,Rainy,0,SemiUrban,101.43,82.99,4.84,4.24,None,19.32,77,1387.15
,100.3,1.0,Low,Mini,,0,Airport,95.19,215.4,3.78,4.71,Classical,42.48,9,1057.87
29.42,67.5,1.0,Medium,Mini,Sunny,0,Airport,104.66,208.85,3.1,4.76,Rock,42.48,72,1273.33
13.3,,1.0,Low,Mini,Rainy,0,Urban,,283.55,3.25,4.12,None,77.66,93,823.64
16.33,72.74,1.5,Medium,Mini,Sunny,1,SemiUrban,103.76,119.03,4.82,3.92,None,26.65,70,1157.06
10.24,21.2,1.2,Medium,Mini,Rainy,0,Urban,90.84,241.54,4.9,4.98,Rock,52.91,85,896.94
4.78,10.85,1.5,Low,Mini,Sunny,0,Airport,100.9,280.39,3.47,3.39,Pop,40.62,10,885.98
7.98,26.59,1.2,Medium,Mini,Rainy,1,SemiUrban,102.09,164.07,4.35,4.28,None,45.41,86,707.76
32.1,72.18,1.2,High,Mini,Sunny,0,Airport,98.5,154.25,3.95,4.24,None,9.99,37,1566.93
27.42,113.06,1.0,Low,Sedan,Rainy,0,Airport,,142.14,4.21,4.91,None,56.43,63,1425.9
22.33,101.31,1.5,High,SUV,,0,SemiUrban,95.97,295.95,3.1,3.19,Classical,63.39,51,1989.49
19.53,50.27,1.5,High,Mini,Sunny,0,SemiUrban,118.7,202.07,4.93,4.9,Pop,4.89,8,1357.81
36.97,,1.0,Medium,Mini,Rainy,0,Urban,105.88,280.59,3.94,4.53,None,13.0,6,1510.22
3.84,20.12,1.0,High,Mini,Rainy,0,SemiUrban,106.1,162.36,,3.26,Classical,7.05,92,573.57
11.94,26.13,1.0,Medium,SUV,Rainy,0,Urban,102.77,270.54,4.03,3.39,Rock,20.31,85,1020.86
14.65,38.74,1.5,Medium,Mini,Sunny,1,Urban,108.51,165.63,4.71,3.55,Rock,7.04,55,1130.98
31.51,83.65,1.5,High,Mini,Rainy,0,SemiUrban,102.7,89.41,4.27,4.35,Classical,41.33,90,1779.99
39.71,139.34,1.2,Low,SUV,Rainy,0,Urban,110.67,199.77,3.64,4.5,Pop,25.82,63,1991.92
10.39,33.11,1.0,Low,Mini,Sunny,0,Airport,92.65,267.35,4.0,4.47,Pop,73.92,20,678.9
35.1,96.16,1.0,Low,Premium,Sunny,0,SemiUrban,90.89,58.56,4.58,4.31,Pop,92.91,32,1488.76
33.39,97.18,1.0,Medium,SUV,Sunny,0,Airport,106.87,120.9,3.54,3.27,Pop,52.77,96,1395.3
9.76,43.46,1.0,Low,Sedan,Sunny,1,Airport,112.02,286.57,4.57,3.09,Pop,35.8,59,845.09
16.57,59.1,1.0,Low,Sedan,Rainy,0,Urban,110.07,117.55,4.42,3.55,Classical,55.86,3,935.85
16.98,58.22,1.0,High,Mini,Sunny,0,Airport,101.96,149.59,3.02,4.2,Pop,14.59,97,968.41
39.15,114.65,1.2,Medium,Sedan,,1,Urban,90.1,131.97,4.73,3.71,Pop,80.56,37,1687.5
8.05,35.01,1.0,Medium,Mini,Sunny,0,Airport,93.62,115.12,4.04,4.7,None,54.55,81,673.41
32.17,110.71,1.0,Low,Sedan,Rainy,0,Urban,101.76,148.02,4.86,4.64,Rock,2.58,76,1327.2
14.03,60.03,1.2,Low,Mini,Sunny,1,Airport,109.93,262.94,3.02,3.44,Rock,49.74,48,1023.36
29.5,118.52,1.2,Low,Mini,Sunny,0,Urban,99.36,132.48,4.72,,None,62.27,80,1433.44
17.38,,1.2,Medium,Sedan,Rainy,0,Urban,105.95,225.83,4.54,4.66,None,14.78,47,1353.32
23.56,63.02,1.0,Medium,Sedan,Rainy,1,SemiUrban,95.27,111.47,4.32,,Pop,38.39,16,1009.09
,103.68,1.5,Medium,Mini,Sunny,0,Urban,95.09,95.24,4.2,3.85,Rock,27.62,45,1624.78
32.36,134.22,2.0,Low,Sedan,Foggy,0,Urban,112.28,251.76,4.2,,None,48.62,11,2770.82
34.79,94.99,1.0,High,Sedan,Rainy,1,SemiUrban,103.15,81.96,4.68,4.48,Classical,47.26,72,1311.07
3.33,11.69,1.0,Low,Sedan,Rainy,0,SemiUrban,118.47,243.35,4.99,3.59,Classical,87.98,18,498.62
27.99,67.25,2.0,Low,Sedan,Rainy,1,Urban,96.34,209.12,3.92,3.68,Rock,88.47,58,2129.82
6.46,26.61,2.0,High,Sedan,Sunny,1,Urban,103.43,184.07,4.13,3.28,None,27.26,54,1435.07
17.22,64.17,1.0,Low,SUV,Sunny,0,Airport,95.65,165.14,3.36,3.76,Rock,74.3,63,1017.31
22.39,73.88,1.0,Medium,Sedan,Rainy,0,Airport,97.68,183.85,3.78,3.73,Rock,13.33,11,1207.19
16.71,65.02,1.5,Low,SUV,Sunny,0,SemiUrban,109.2,81.31,3.34,4.25,Rock,36.89,88,1330.16
21.26,54.81,1.0,Low,Mini,Rainy,0,Urban,117.29,111.63,3.02,3.61,None,36.93,92,887.79
39.86,100.16,2.0,Medium,Mini,Sunny,0,Airport,93.85,54.76,4.45,3.84,Rock,84.56,31,2770.99
6.27,18.34,1.0,Low,Sedan,Sunny,0,Airport,93.89,224.75,3.61,3.26,Pop,7.33,97,695.77
27.34,112.47,2.0,Low,Mini,Sunny,0,Urban,118.57,249.42,4.74,4.46,Pop,51.59,34,2427.09
16.44,64.92,1.0,Medium,SUV,Rainy,0,SemiUrban,112.09,222.4,3.98,3.08,None,43.41,96,1078.4
6.19,25.84,1.0,Low,Mini,Rainy,0,SemiUrban,99.38,227.18,4.61,4.5,Rock,59.63,46,579.23
7.19,36.65,2.5,High,Sedan,Sunny,1,Airport,102.21,265.88,3.85,3.36,Rock,87.0,57,2242.7
38.02,112.38,1.0,High,Sedan,Sunny,0,SemiUrban,113.67,225.52,4.67,4.96,Classical,7.12,43,1520.47
35.3,87.85,1.0,Medium,Mini,Sunny,0,Airport,110.96,137.62,4.71,4.98,None,98.06,51,1271.37
,138.52,2.0,Low,Sedan,Rainy,0,Airport,108.29,109.83,3.93,4.99,Rock,66.02,84,3078.53
39.67,156.86,1.0,Medium,SUV,Sunny,1,SemiUrban,115.94,152.61,4.87,3.03,Rock,76.38,28,1663.68
9.12,18.42,1.0,Medium,Premium,Sunny,0,Urban,99.37,165.8,3.59,3.43,None,39.79,32,2533.4
14.86,45.88,1.0,Low,Sedan,Sunny,1,Airport,96.34,118.19,3.75,4.11,None,94.23,37,838.22
27.1,70.16,1.2,Low,Sedan,Sunny,1,Airport,102.29,123.44,3.95,4.47,Rock,33.19,21,1416.32
59.61,145.12,1.5,High,SUV,Foggy,0,Urban,90.22,227.46,4.5,4.63,Classical,77.37,39,8856.14
17.32,70.19,2.0,Medium,Mini,Sunny,0,Airport,105.22,101.83,3.8,,Classical,82.17,96,1723.79
14.95,59.95,1.2,Medium,Mini,Sunny,0,Urban,100.96,241.86,3.17,4.71,None,68.42,79,1035.19
24.16,65.94,1.0,Low,Mini,Rainy,0,Urban,93.96,114.33,3.0,4.4,Rock,75.88,26,1031.33
23.45,71.22,1.0,Medium,Premium,Rainy,0,Urban,116.26,151.61,4.75,3.58,Classical,14.55,7,1354.67
7.3,20.81,1.5,Low,Mini,Foggy,0,SemiUrban,95.83,118.89,4.28,3.02,None,11.33,24,813.6
19.4,69.92,1.5,High,SUV,Sunny,1,Airport,111.18,255.4,3.34,4.83,None,55.96,44,1978.28
22.59,,2.0,Low,Sedan,Sunny,0,Airport,111.17,148.53,4.8,3.4,Classical,34.07,99,2035.12
23.24,65.68,2.5,High,Mini,Sunny,0,Airport,91.28,294.63,4.44,3.73,Pop,86.0,63,2908.89
9.19,27.56,1.0,Low,SUV,Sunny,0,Urban,102.83,200.19,4.53,4.7,Pop,22.45,92,767.85
29.95,104.31,1.2,Medium,Sedan,Rainy,0,SemiUrban,104.29,54.17,3.9,4.33,Pop,66.67,34,1477.15
1.98,20.56,1.2,High,Sedan,Rainy,0,Airport,114.53,253.79,4.51,,Classical,24.39,95,1089.27
14.84,64.13,1.0,Low,Mini,Rainy,0,Airport,108.73,222.31,4.21,4.96,Classical,16.9,96,935.73
31.43,82.26,1.0,Low,Mini,Sunny,0,Airport,91.9,114.03,4.47,3.64,Rock,19.35,56,1209.99
22.99,77.28,2.0,High,Sedan,Rainy,1,SemiUrban,103.46,117.13,3.68,4.19,None,28.87,30,2227.19
11.19,53.21,1.2,Low,Mini,,1,Urban,,173.06,4.07,4.26,Rock,82.27,20,801.48
28.1,84.79,1.2,Medium,Sedan,Sunny,0,SemiUrban,95.13,216.6,3.07,,None,99.73,82,1354.4
,52.96,1.2,Low,Mini,Rainy,0,SemiUrban,98.28,274.92,3.32,4.16,Classical,51.98,82,1132.48
32.05,76.41,1.5,Medium,SUV,Sunny,0,Urban,115.21,91.58,4.71,3.49,Pop,12.24,54,1926.01
,92.51,1.0,Low,Sedan,Sunny,0,SemiUrban,108.6,91.83,4.31,4.92,Rock,79.55,23,1132.7
24.79,66.77,1.2,Medium,SUV,Rainy,0,Urban,103.06,224.29,4.66,3.98,Classical,11.99,25,1574.21
20.04,70.19,1.2,Low,Mini,Rainy,0,SemiUrban,111.61,129.46,4.12,3.28,Rock,24.64,19,989.86
6.19,20.84,2.0,Medium,Sedan,Rainy,0,SemiUrban,119.05,106.77,3.86,4.7,Rock,95.28,27,1257.12
11.19,32.82,1.2,Low,Mini,Sunny,0,SemiUrban,117.81,221.87,4.63,3.29,Pop,21.48,61,699.13
17.34,53.01,2.0,Medium,Mini,Sunny,0,Airport,92.91,65.12,3.09,4.73,Classical,56.9,13,1682.55
24.37,,1.0,Low,Mini,Foggy,0,Urban,99.97,182.84,4.37,4.12,None,90.49,91,1059.44
21.03,82.89,2.5,Low,SUV,Sunny,1,Urban,99.39,210.15,4.22,3.09,Rock,71.16,85,2732.72
12.24,27.62,2.0,Medium,Premium,,0,Airport,106.62,146.18,3.07,3.25,Pop,77.09,89,2222.9
1.25,-1.98,1.2,Low,Sedan,Sunny,0,SemiUrban,92.71,81.43,3.67,4.89,Rock,24.97,87,360.73
20.35,55.23,1.0,High,Sedan,Foggy,1,Airport,117.65,135.64,4.04,3.26,Pop,83.75,86,1181.66
12.14,35.28,1.0,Medium,Sedan,Sunny,0,Airport,113.48,157.81,3.06,4.17,Classical,30.42,40,882.21
29.65,108.1,1.5,Medium,Mini,Rainy,0,SemiUrban,93.68,90.28,3.62,3.63,Rock,50.83,22,1696.84
1.93,11.96,1.2,Low,SUV,Rainy,0,SemiUrban,97.63,172.11,,4.59,Pop,47.79,7,709.94
23.81,90.89,1.0,Medium,Sedan,Rainy,0,Urban,94.29,134.7,3.54,4.59,Pop,48.93,49,1102.09
37.72,123.81,1.2,Low,Sedan,Sunny,1,Airport,104.33,275.0,4.95,4.59,Classical,81.22,16,1853.25
7.8,37.24,1.5,High,SUV,Sunny,0,SemiUrban,116.7,66.08,3.91,3.42,None,42.07,53,1172.12
19.39,70.53,1.0,Low,SUV,Rainy,1,Urban,,217.49,4.9,4.42,Rock,83.49,72,1101.82
4.57,33.58,1.0,Low,Mini,Rainy,0,SemiUrban,108.17,230.48,4.61,3.18,Rock,91.23,15,604.82
,66.94,1.0,Low,Sedan,Sunny,1,Urban,92.23,202.24,3.52,,Rock,86.97,22,1048.93
22.47,72.6,1.0,High,Premium,Sunny,1,Urban,117.19,180.46,4.87,3.82,None,91.6,85,1351.2
16.89,28.99,1.0,Medium,Sedan,Sunny,0,Urban,98.42,78.82,3.6,4.19,Rock,20.45,95,788.09
21.33,,1.5,Low,SUV,Sunny,1,SemiUrban,117.0,202.04,3.69,3.63,None,76.82,56,1608.87
35.97,102.15,1.0,High,Mini,Sunny,0,SemiUrban,103.62,191.66,3.61,3.61,None,44.68,35,1384.11
8.66,31.25,1.0,Low,Mini,Sunny,0,Urban,105.86,278.21,3.88,3.15,Classical,80.55,25,574.74
1.88,13.72,1.2,Medium,Mini,Rainy,0,Airport,108.15,268.05,3.15,3.39,Classical,38.93,91,915.77
34.6,136.85,2.5,Medium,Mini,Sunny,1,Airport,98.66,55.13,4.63,4.22,Pop,60.04,10,3389.45
,99.07,1.0,High,SUV,Sunny,0,Airport,115.07,296.15,3.16,4.36,Rock,11.37,94,1466.82
35.74,137.35,2.5,Low,Sedan,Sunny,1,Urban,118.75,191.36,3.96,4.82,Rock,51.3,22,3542.25
,58.65,1.0,Medium,Premium,Sunny,0,Airport,98.5,279.0,3.14,3.75,None,28.21,44,1428.61
32.6,111.45,1.0,Medium,Mini,Rainy,1,SemiUrban,90.0,87.31,4.31,3.47,None,48.5,92,1153.64
17.76,69.44,1.5,Low,Mini,Sunny,0,Airport,105.77,224.09,,4.44,Rock,78.71,43,1439.81
30.24,90.74,1.2,Low,Mini,Rainy,0,Urban,107.79,164.6,3.0,4.35,Classical,28.51,36,1411.08
36.61,112.15,1.5,Medium,Mini,Sunny,1,Urban,91.9,83.53,3.86,3.55,Classical,80.16,63,1828.79
,92.89,2.0,Medium,Sedan,Sunny,0,Airport,110.19,55.68,3.73,4.54,Pop,81.17,52,2239.96
8.05,34.42,1.0,Medium,Mini,,0,Urban,98.76,104.07,4.83,3.4,Pop,86.1,89,563.37
,30.67,1.2,Low,Mini,Sunny,1,SemiUrban,118.76,54.18,4.2,3.7,Rock,8.78,37,663.42
8.75,35.79,1.2,Low,SUV,Rainy,1,Urban,113.44,199.45,4.65,3.49,Classical,0.46,32,937.41
10.63,30.7,2.0,Medium,Mini,Sunny,0,SemiUrban,,126.23,3.29,4.3,Rock,63.66,30,1133.91
12.95,53.24,1.0,Medium,Mini,Rainy,0,Airport,118.63,288.42,3.25,3.98,None,5.26,62,982.91
22.65,78.82,1.0,High,Sedan,Sunny,0,SemiUrban,96.82,208.14,3.37,4.47,None,41.3,50,1148.97
23.93,43.83,1.2,Medium,Sedan,Sunny,0,SemiUrban,113.95,240.93,4.89,3.22,None,90.27,53,4809.54
17.63,57.84,2.5,Medium,SUV,Rainy,1,SemiUrban,109.3,158.44,3.2,3.51,None,25.81,42,2608.89
25.0,75.05,1.0,Low,Sedan,Foggy,0,Airport,106.09,116.8,3.97,3.97,Rock,26.72,30,1084.78
4.18,7.94,1.0,Low,SUV,Sunny,0,SemiUrban,117.98,241.84,3.15,3.11,None,58.32,98,662.65
4.42,7.32,1.0,Medium,Mini,Sunny,0,SemiUrban,108.18,166.92,,4.46,Rock,98.51,9,424.39
7.7,26.71,1.5,Low,Mini,Rainy,0,SemiUrban,115.76,299.89,3.77,3.56,Pop,10.38,2,927.38
21.21,71.87,1.0,High,SUV,,0,Urban,114.83,198.14,4.22,4.21,Classical,96.12,81,1168.99
9.35,31.89,1.0,High,SUV,Rainy,0,SemiUrban,110.17,261.29,3.14,4.8,Classical,63.85,82,956.09
12.05,26.14,1.2,Medium,Sedan,Sunny,1,SemiUrban,104.71,121.97,3.86,3.51,Pop,75.85,6,802.16
16.61,49.46,1.0,Low,Sedan,Rainy,0,Airport,92.94,156.72,3.27,4.49,None,17.79,75,964.36
32.66,102.98,1.0,Medium,Mini,Rainy,0,Urban,94.62,110.15,3.65,4.27,Classical,59.92,80,1321.48
1.54,0.15,1.0,Medium,Mini,Rainy,1,SemiUrban,,243.85,3.38,3.36,Classical,15.51,64,482.64
,101.05,1.0,Medium,Mini,Sunny,0,Airport,99.97,239.31,3.96,4.47,Rock,48.54,84,1190.93
27.09,81.34,1.0,Low,Mini,Sunny,0,Urban,96.24,198.17,4.79,,Pop,42.63,85,1015.4
32.15,118.16,1.0,High,SUV,Rainy,0,SemiUrban,119.01,232.77,3.79,4.04,Pop,75.18,90,1625.54
37.38,99.78,1.0,Medium,Mini,Rainy,0,SemiUrban,115.76,140.15,4.81,3.24,Pop,36.86,8,1307.66
1.79,-0.13,1.5,Low,Mini,Sunny,0,SemiUrban,102.91,269.52,4.55,4.37,Rock,7.47,39,555.53
7.0,25.68,1.0,Low,Premium,Sunny,0,Urban,,280.58,4.49,3.61,Classical,94.43,55,919.49
35.56,140.99,1.2,Medium,Sedan,Sunny,0,Urban,,216.0,4.56,4.61,Rock,14.5,57,1832.26
,52.41,1.0,Low,Mini,Sunny,0,Airport,92.98,143.24,4.42,3.98,Pop,38.32,9,942.89
23.02,78.73,1.0,Low,Sedan,Sunny,1,SemiUrban,118.44,260.45,3.41,3.16,Rock,52.03,12,1075.41
26.86,96.99,2.0,Low,SUV,Sunny,0,SemiUrban,110.66,295.15,,4.2,Classical,88.76,50,2573.97
27.48,79.81,1.0,High,Mini,Rainy,1,Urban,112.93,194.75,3.75,3.03,Rock,9.62,5,1339.71
37.34,118.88,1.0,Low,SUV,Rainy,0,SemiUrban,114.99,214.96,,3.59,Rock,67.67,93,1610.16
39.88,77.64,2.0,Low,Mini,Rainy,0,SemiUrban,91.6,262.66,4.67,3.54,Classical,43.06,4,2642.11
29.09,97.96,1.5,Low,Sedan,Foggy,0,Urban,111.53,218.16,4.23,4.96,Rock,78.74,12,1870.79
12.2,,1.5,Medium,Mini,Sunny,0,Airport,100.7,99.2,3.51,3.49,Pop,87.08,39,1082.92
35.31,113.17,1.2,Medium,Sedan,Sunny,0,SemiUrban,114.54,155.78,4.78,4.35,Pop,21.17,19,1675.24
2.92,11.31,1.0,High,Sedan,Sunny,0,Airport,101.63,203.01,4.08,3.51,None,61.41,82,718.58
,33.96,2.5,Medium,Sedan,Sunny,0,Airport,113.03,165.94,,3.16,Rock,52.38,59,1973.85
36.0,98.97,2.0,Medium,Sedan,Sunny,0,Urban,117.04,219.99,4.05,3.13,None,57.77,57,2752.89
10.99,63.9,1.0,Medium,SUV,Rainy,0,Urban,100.18,120.38,4.91,4.85,Classical,85.52,62,996.2
9.61,43.39,1.5,Medium,Mini,Sunny,1,Urban,104.08,89.69,3.32,3.19,Rock,29.59,99,942.63
6.39,6.36,1.0,Low,Sedan,Sunny,0,Urban,106.12,57.11,,4.66,None,29.91,59,496.4
34.51,104.8,1.2,Medium,Mini,Sunny,0,Urban,110.64,59.73,3.46,4.09,Rock,71.72,47,1386.92
20.5,61.02,1.0,Low,Sedan,Sunny,0,Airport,,139.18,3.44,3.86,None,50.6,78,990.6
27.32,112.88,1.2,High,Sedan,Rainy,0,Airport,96.31,55.44,3.15,4.99,Classical,60.18,98,1661.72
10.32,42.44,1.0,Medium,Mini,Sunny,0,Airport,118.37,117.92,3.93,4.78,None,77.7,67,786.62
30.56,121.07,1.2,Medium,Mini,Sunny,0,Urban,113.57,178.35,4.64,3.48,None,37.27,47,1462.58
30.64,77.37,1.0,Medium,SUV,Sunny,0,Urban,94.19,236.04,3.48,4.2,Rock,31.77,23,1290.64
13.19,33.13,1.2,Medium,Mini,Sunny,0,SemiUrban,100.08,197.23,4.42,3.32,None,41.41,13,869.59
17.02,70.02,1.2,Medium,Mini,Sunny,0,SemiUrban,97.54,183.64,4.15,,Classical,2.57,97,974.04
9.18,41.46,2.0,Medium,Sedan,Sunny,0,Airport,,110.53,3.42,3.25,None,81.96,9,1574.34
39.09,88.05,1.0,Low,Mini,,1,Airport,109.34,53.94,4.14,4.25,Pop,38.81,46,1419.31
26.18,72.51,2.0,Low,Mini,Sunny,0,Urban,91.97,82.44,4.05,4.95,Pop,41.73,39,1838.33
37.45,118.43,1.0,Low,Sedan,Foggy,0,SemiUrban,107.96,295.46,3.45,4.16,Classical,78.6,54,1454.57
12.83,44.44,1.5,Low,Mini,Rainy,0,Airport,114.83,281.94,3.03,3.25,Pop,20.44,83,1408.06
31.49,96.78,1.2,High,SUV,Sunny,1,Urban,100.86,127.78,3.81,4.6,Pop,14.97,61,1683.59
30.87,78.57,2.0,Medium,SUV,Sunny,1,SemiUrban,104.69,130.25,3.65,3.66,Rock,90.98,83,2460.92
27.97,109.71,1.2,Low,Sedan,Sunny,0,SemiUrban,94.32,272.83,3.57,3.19,None,92.44,83,1424.63
38.66,126.87,1.2,Low,Mini,Sunny,0,SemiUrban,111.61,69.63,4.4,4.31,Pop,79.43,41,1488.16
16.35,75.53,1.0,Medium,Sedan,Sunny,0,Airport,117.26,92.85,4.42,4.66,Rock,15.11,74,1019.57
6.1,13.1,2.5,Medium,Mini,Sunny,0,Airport,111.98,79.48,4.85,3.97,Rock,82.71,9,1458.45
27.2,82.89,1.5,Medium,Mini,Sunny,0,SemiUrban,93.69,267.73,3.05,4.86,Rock,93.45,47,1718.53
29.44,61.54,1.0,Medium,Mini,,0,Urban,100.36,51.65,4.82,4.36,Rock,85.36,58,1032.21
23.43,102.28,1.0,High,Sedan,Rainy,0,Airport,95.2,53.61,4.35,4.25,Pop,40.08,90,1280.72
9.07,38.57,1.5,Low,Mini,Sunny,1,Urban,107.68,253.46,4.32,3.71,Classical,9.21,26,946.56
20.67,74.9,2.5,Low,Sedan,Rainy,1,Urban,111.68,209.23,4.98,3.62,Classical,38.22,63,2728.34
13.18,44.74,1.0,High,Mini,Rainy,1,SemiUrban,119.26,190.8,3.16,3.57,None,0.42,38,850.61
17.67,54.94,2.0,Low,Sedan,Foggy,0,SemiUrban,105.09,280.72,4.61,4.92,Pop,51.94,2,1767.97
26.16,113.55,1.0,Low,Mini,Rainy,1,Urban,109.12,170.84,4.19,,Rock,1.13,4,1210.26
,113.27,2.5,Low,SUV,Sunny,0,Urban,93.2,166.71,3.32,4.19,Pop,55.95,62,3248.77
10.06,54.47,1.5,Medium,Sedan,Sunny,0,SemiUrban,94.66,155.19,4.54,3.64,Classical,44.97,54,1050.99
16.81,,1.0,Low,Mini,Sunny,0,Airport,96.95,213.06,3.72,3.71,Rock,34.36,32,871.75
11.5,60.45,1.0,High,Mini,Sunny,1,Airport,91.63,130.8,3.51,3.56,Pop,30.02,6,766.72
8.75,37.89,1.2,High,Mini,Sunny,0,Airport,102.25,217.1,4.15,3.31,Pop,82.94,56,978.66
31.55,84.78,1.2,High,Sedan,Sunny,0,SemiUrban,118.54,225.92,3.95,4.84,Rock,51.11,47,1568.65
36.46,81.89,2.0,Low,Mini,Rainy,0,SemiUrban,109.59,102.87,3.31,4.16,None,28.74,74,2399.68
15.44,44.8,1.5,High,Sedan,Sunny,0,SemiUrban,103.08,198.74,4.46,4.47,Classical,68.2,22,1368.05
,111.38,1.2,Medium,Mini,Sunny,0,SemiUrban,104.82,231.7,3.62,3.95,None,59.96,87,1414.45
35.98,125.08,2.0,Low,SUV,Sunny,1,SemiUrban,94.4,290.3,3.98,3.11,Classical,31.83,23,2944.56
34.0,138.38,1.2,Low,Sedan,Sunny,0,Urban,92.9,284.73,3.58,3.94,None,98.83,7,1735.57
8.13,33.49,1.5,Medium,SUV,Rainy,0,Urban,97.77,101.26,3.88,3.08,Rock,77.76,17,1250.05
38.3,111.67,1.5,Medium,SUV,Rainy,0,SemiUrban,99.19,194.32,3.5,4.89,Classical,69.11,58,2303.59
15.69,42.08,2.0,Low,Premium,Sunny,0,SemiUrban,93.69,167.34,,3.69,None,9.69,59,2082.88
14.23,,1.0,Medium,Mini,Sunny,0,SemiUrban,110.74,137.31,3.32,3.31,Classical,13.94,16,677.9
3.43,23.8,1.2,High,SUV,Sunny,0,Urban,117.7,135.54,,3.45,Classical,57.7,32,972.05
19.96,67.0,1.2,Low,Sedan,Sunny,0,Urban,95.23,292.74,3.43,4.82,None,91.48,39,1265.64
5.25,19.19,1.2,Low,Sedan,Sunny,1,Airport,115.14,59.15,3.72,3.41,Rock,46.76,94,697.14
10.69,41.74,1.2,High,SUV,Rainy,0,Urban,98.95,263.13,4.66,3.27,Pop,14.08,58,1196.58
13.36,51.24,1.5,Low,Mini,Sunny,0,Airport,108.21,163.37,3.99,4.23,Pop,53.64,45,1253.58
32.54,90.85,1.0,High,Sedan,Sunny,0,Airport,92.66,191.67,3.85,3.19,Rock,94.24,92,1433.13
35.14,102.83,1.2,Medium,Sedan,Rainy,0,SemiUrban,97.18,234.81,4.14,3.94,None,57.0,30,1720.47
12.8,49.83,1.0,Low,Mini,Sunny,0,SemiUrban,94.74,164.09,4.57,4.36,Rock,84.36,69,634.01
34.49,95.39,1.0,Low,SUV,Foggy,1,Airport,94.84,296.83,3.59,,Classical,85.93,28,1548.59
34.43,128.53,1.2,Low,Mini,Rainy,1,SemiUrban,118.0,266.91,4.61,4.56,None,20.64,98,1651.34
30.82,92.81,1.0,Low,Sedan,Rainy,1,Airport,100.92,103.36,3.5,3.86,Pop,53.74,33,1308.64
6.72,17.95,1.0,Medium,SUV,Sunny,0,SemiUrban,95.88,217.61,4.7,4.42,Classical,7.04,35,649.01
,120.11,1.2,Medium,Sedan,Sunny,0,Urban,95.14,168.84,4.67,3.51,Classical,13.97,19,1538.52
37.86,134.65,1.0,Medium,SUV,Sunny,1,SemiUrban,110.19,140.27,4.18,3.87,Classical,40.48,63,1594.02
27.62,94.0,1.0,Medium,Mini,Sunny,0,Airport,111.55,137.92,3.71,3.95,Rock,6.8,60,1227.5
13.93,54.07,2.0,Medium,Sedan,Sunny,1,Airport,119.39,90.69,3.83,3.59,Classical,12.55,32,1890.72
20.52,63.16,1.5,High,Sedan,Sunny,0,Urban,108.78,164.41,4.63,4.58,Rock,22.4,24,1650.41
26.18,87.43,1.0,Medium,Sedan,Rainy,0,Airport,103.76,198.92,3.16,3.36,Classical,71.59,95,1308.13
20.91,53.43,1.0,High,Mini,Sunny,0,Urban,96.72,249.58,4.57,4.33,Classical,11.45,13,1034.76
5.68,42.46,2.0,Low,Sedan,Rainy,0,Urban,91.18,122.19,3.27,4.86,Pop,77.65,19,1290.13
13.17,47.68,1.0,Medium,Mini,Sunny,0,Urban,116.42,243.45,4.63,4.68,None,55.94,97,777.93
32.29,73.58,1.2,Medium,Mini,Foggy,0,Urban,113.67,188.44,4.8,4.53,None,98.38,89,1479.1
34.6,113.15,1.2,High,Sedan,Rainy,0,Airport,113.89,114.51,4.03,3.29,None,7.71,2,1823.23
6.35,23.61,1.5,Medium,Sedan,Sunny,0,Urban,99.66,246.75,4.51,4.52,Classical,79.99,17,1117.57
38.14,87.33,2.5,Low,Premium,Rainy,1,Airport,100.73,200.72,3.4,3.75,None,47.07,32,4479.07
13.82,53.58,1.0,Low,Sedan,Rainy,1,Urban,113.51,288.72,4.54,3.21,Pop,4.33,86,882.43
26.83,82.34,1.0,Low,Sedan,Rainy,0,SemiUrban,110.63,122.1,4.41,4.4,Pop,83.46,38,1106.1
30.32,115.82,1.2,Low,Mini,Rainy,0,Airport,109.49,293.28,3.23,3.13,Pop,51.95,46,1664.72
32.67,109.68,2.5,Medium,Mini,Sunny,0,Urban,106.64,188.89,4.01,3.76,None,42.13,94,3105.08
37.88,111.96,2.0,High,Sedan,Sunny,0,SemiUrban,101.05,163.69,4.53,4.72,None,64.74,73,2857.94
,41.21,1.2,Low,Mini,Rainy,1,Urban,112.24,268.74,3.19,,None,38.83,99,1050.42
34.48,118.96,2.0,Low,Sedan,Foggy,0,Urban,100.83,89.47,,,None,46.78,51,2637.64
6.14,27.65,1.0,High,Mini,Rainy,1,SemiUrban,112.04,165.5,4.6,4.76,None,32.11,46,597.6
28.5,111.02,1.0,Low,Mini,Sunny,0,SemiUrban,95.71,81.37,3.7,4.5,Classical,27.73,45,974.27
29.94,89.72,1.0,High,SUV,Rainy,0,Urban,107.71,203.3,3.76,3.94,Classical,44.88,47,1484.75
27.43,96.3,1.0,Low,SUV,Sunny,0,SemiUrban,100.72,60.62,3.55,4.49,Rock,43.24,26,1185.99
10.84,40.01,1.2,Medium,Mini,Sunny,0,Urban,114.86,295.05,3.37,4.77,Pop,9.89,51,841.7
35.05,124.54,2.0,Low,Mini,Sunny,1,Airport,105.56,52.04,4.92,3.29,None,27.93,40,2537.48
,31.68,1.2,High,Premium,Rainy,0,Urban,108.72,283.04,4.41,3.4,Pop,14.99,43,1365.74
3.09,16.36,1.2,High,SUV,Sunny,1,Airport,92.5,211.05,3.11,4.45,Pop,32.02,23,988.66
28.98,85.02,1.0,High,SUV,Sunny,1,SemiUrban,104.86,255.69,4.86,3.34,Pop,50.9,38,1356.63
19.54,66.33,1.2,Low,Mini,Rainy,1,SemiUrban,113.42,139.53,,3.33,None,56.73,13,1006.57
,,1.2,High,Sedan,Sunny,1,Urban,115.8,111.0,4.85,4.31,None,83.12,17,1795.63
15.95,58.76,1.2,High,Mini,Sunny,0,SemiUrban,111.64,93.29,3.9,4.07,None,48.73,9,932.56
7.56,,1.0,Medium,Mini,Sunny,1,Urban,102.56,182.8,3.97,4.51,Rock,19.62,45,624.25
33.62,115.3,1.2,Medium,Mini,Sunny,1,Urban,97.72,116.64,4.08,3.64,Rock,46.08,74,1385.53
22.41,,1.0,High,Mini,Sunny,1,Urban,101.67,270.03,3.19,4.22,Rock,95.49,86,1089.1
8.38,19.31,1.2,Medium,Premium,Rainy,0,Airport,106.85,57.48,4.33,4.79,Rock,86.0,51,1190.77
29.09,122.46,1.0,Low,Sedan,Rainy,1,Airport,90.17,71.14,4.31,4.81,None,70.67,31,3891.17
20.93,72.98,1.0,High,Sedan,Sunny,0,Airport,117.36,103.95,4.16,4.31,Classical,40.25,12,1230.84
24.57,77.79,1.0,Medium,SUV,Sunny,0,SemiUrban,100.31,70.59,4.78,3.05,Pop,28.01,19,1103.6
18.98,57.25,1.5,High,Mini,Sunny,1,Airport,113.9,257.0,3.96,4.06,None,45.65,14,1585.6
33.32,107.5,1.5,Medium,Mini,Sunny,0,Airport,106.03,51.01,4.42,3.14,Pop,66.65,64,1882.18
33.35,76.28,2.0,Low,Mini,Sunny,0,SemiUrban,,212.91,3.68,4.98,Classical,88.52,51,2228.98
28.67,82.95,1.2,Medium,SUV,Sunny,0,SemiUrban,112.78,163.87,4.85,4.99,Classical,94.59,38,1511.17
5.11,19.03,1.0,Medium,Sedan,Rainy,0,Airport,98.64,243.18,4.86,3.23,Pop,76.99,34,853.97
33.72,101.82,1.5,Low,Sedan,Sunny,0,Airport,108.18,152.6,3.96,3.91,Pop,63.16,43,2044.87
27.17,93.48,1.2,Medium,SUV,Rainy,0,Airport,112.55,211.26,4.47,4.72,None,6.6,75,1753.58
28.18,97.47,1.0,Low,Mini,,1,Airport,,209.81,3.47,3.23,None,63.56,12,1241.65
15.16,55.65,1.5,Medium,Mini,Sunny,1,Airport,102.48,140.96,4.29,4.1,Classical,74.96,86,1320.95
35.29,126.43,1.0,High,Sedan,Rainy,0,SemiUrban,111.86,78.55,3.17,3.4,Rock,84.36,99,1466.04
29.29,59.74,1.0,Medium,SUV,Sunny,0,SemiUrban,99.06,158.26,4.73,3.97,None,43.51,63,1143.36
5.39,25.53,1.5,Medium,Mini,Rainy,1,SemiUrban,93.73,268.77,4.44,3.4,Rock,2.74,61,852.6
16.9,33.57,1.5,Low,Mini,Sunny,0,Urban,93.39,249.1,4.91,4.06,Rock,15.76,84,1107.89
35.57,62.74,1.5,Medium,Sedan,Foggy,1,SemiUrban,105.17,142.86,4.56,3.82,None,37.93,36,1913.93
2.84,,1.0,Medium,Mini,Sunny,1,SemiUrban,101.5,266.81,3.37,3.79,Rock,68.61,94,534.97
38.5,143.48,2.0,Medium,Sedan,Rainy,0,Airport,96.97,159.68,3.93,3.32,Pop,50.73,52,3309.8
27.49,85.86,1.5,High,Sedan,Sunny,1,Urban,101.74,99.06,4.08,4.32,Classical,64.95,60,1824.85
,103.05,1.5,Medium,Sedan,Sunny,0,Urban,102.36,266.0,4.66,3.14,Classical,57.05,66,1859.98
11.55,39.7,1.5,High,SUV,Rainy,0,SemiUrban,106.61,173.41,4.1,4.87,None,93.95,45,1478.11
10.7,21.58,1.2,High,Sedan,Rainy,1,Airport,91.74,158.46,3.95,3.12,Classical,78.76,47,1087.34
37.74,,1.0,Low,Mini,Rainy,1,Urban,,108.73,4.43,3.82,Classical,81.47,73,1507.09
,45.28,1.5,Medium,Sedan,Sunny,0,SemiUrban,,241.15,4.28,3.57,Pop,69.59,38,1179.77
31.24,112.79,1.2,High,Mini,Rainy,1,Airport,108.46,187.56,4.5,4.1,Rock,8.21,97,1683.11
16.33,34.98,1.0,High,SUV,Sunny,1,Urban,99.19,101.83,3.95,3.05,Classical,98.02,97,936.71
6.43,13.22,1.5,Low,Sedan,Sunny,1,SemiUrban,112.85,114.83,4.45,3.88,Pop,7.03,40,777.29
1.42,3.07,1.2,Medium,Sedan,Sunny,0,Airport,103.76,145.62,4.94,,Rock,35.63,61,759.19
22.23,93.51,1.2,Medium,SUV,Sunny,1,SemiUrban,99.65,183.58,3.36,,Pop,80.72,31,1354.32
39.06,95.02,1.0,Low,Sedan,Rainy,1,SemiUrban,118.91,251.29,3.1,4.87,Classical,31.16,25,1430.36
15.4,64.86,1.0,High,SUV,Rainy,1,Urban,115.96,101.81,4.14,3.22,Pop,63.14,15,1094.18
14.93,45.71,1.0,High,Mini,Sunny,1,SemiUrban,95.41,234.65,3.32,4.11,None,89.51,9,721.14
14.42,42.73,1.5,Medium,Mini,Sunny,1,Airport,111.02,279.06,3.33,3.8,Pop,81.59,30,1370.32
21.3,67.78,1.0,Low,SUV,Sunny,0,SemiUrban,112.63,148.92,4.34,4.29,None,56.26,70,1039.08
18.19,49.03,1.0,High,Mini,Sunny,1,Airport,91.04,141.46,3.84,4.66,Pop,51.53,10,880.49
35.32,95.86,2.5,Medium,Sedan,Sunny,0,Airport,118.83,169.43,3.07,4.2,Rock,21.15,91,3499.48
20.72,56.06,1.0,Low,Sedan,Rainy,1,Airport,96.99,254.28,4.12,3.46,Rock,59.47,22,1145.65
20.8,61.4,1.2,Low,Sedan,Rainy,1,SemiUrban,117.25,73.14,3.49,3.64,Pop,69.3,48,1085.44
6.4,30.52,2.0,Low,SUV,Sunny,0,SemiUrban,109.62,146.82,3.87,,None,60.9,96,1359.05
39.33,131.75,1.2,Medium,Sedan,,1,Airport,105.36,57.33,3.08,4.34,None,23.85,45,1939.78
10.75,40.02,1.5,Low,SUV,,1,SemiUrban,113.58,179.46,3.13,4.19,Classical,86.33,4,1330.69
3.86,4.31,2.5,Low,Sedan,,1,Airport,110.25,286.03,3.38,3.28,Classical,53.7,10,1764.69
26.86,93.66,2.0,High,Sedan,Sunny,0,Urban,112.21,90.06,4.44,3.68,Pop,9.77,54,2338.03
24.22,81.47,1.2,High,Sedan,Sunny,1,Urban,115.74,113.85,4.58,3.65,Rock,14.8,19,1390.8
17.19,75.88,1.0,Low,SUV,Sunny,0,SemiUrban,104.14,224.73,3.69,3.05,Rock,85.86,31,1056.22
17.47,62.52,1.2,Low,Mini,Sunny,0,Airport,102.77,222.63,3.25,4.86,Classical,30.79,29,1155.11
31.62,86.46,1.5,Medium,Sedan,Rainy,1,Airport,116.99,199.18,4.87,3.66,None,56.14,90,2053.22
8.63,21.28,2.0,Low,Mini,Rainy,0,Airport,113.94,110.43,4.57,3.21,Classical,46.75,12,1382.35
32.99,80.56,1.5,Low,Mini,Foggy,1,SemiUrban,90.58,66.64,3.33,3.99,Classical,51.5,95,1547.32
26.3,54.02,1.2,Low,Premium,Rainy,1,Urban,109.61,105.57,3.45,3.9,Pop,70.78,8,1561.97
17.34,,1.2,High,Mini,Foggy,0,SemiUrban,117.12,209.76,3.07,4.7,Classical,76.27,78,1114.22
18.86,52.7,1.0,High,Sedan,Sunny,0,Urban,110.51,124.06,4.8,4.6,Pop,97.04,21,900.3
11.01,48.73,1.0,High,Sedan,Sunny,0,Airport,106.6,260.43,4.87,4.56,Rock,70.17,76,930.95
30.33,81.96,1.5,Medium,SUV,Sunny,0,Urban,,204.06,3.17,4.86,Classical,31.39,53,1941.68
21.0,67.4,1.0,Medium,SUV,Sunny,0,Urban,118.52,62.5,3.29,3.75,Classical,64.98,49,1030.41
13.51,30.01,1.0,Medium,Mini,Rainy,1,SemiUrban,108.79,72.05,3.41,4.18,Rock,58.33,46,698.94
,99.45,1.5,Medium,Sedan,Sunny,0,Airport,93.03,120.15,3.36,4.34,Classical,53.61,33,1813.2
39.83,157.54,1.0,Medium,Mini,Sunny,1,SemiUrban,117.83,193.39,4.88,3.94,Rock,0.96,76,1504.08
17.98,54.24,2.0,Medium,Sedan,Rainy,0,Airport,105.5,284.22,3.52,3.49,Classical,80.78,64,2398.24
36.91,110.56,1.0,Low,Sedan,Foggy,0,Airport,94.72,75.81,3.75,4.8,Rock,93.38,80,1433.36
14.46,33.25,2.0,Low,Mini,Sunny,0,Airport,96.8,257.67,3.14,4.8,Classical,27.48,64,1669.05
3.13,10.64,1.2,High,SUV,Sunny,1,SemiUrban,119.03,193.21,4.26,4.54,Rock,6.71,85,821.46
8.97,40.37,1.0,Low,Mini,Sunny,0,SemiUrban,103.1,140.98,3.53,3.69,Pop,17.9,45,551.26
17.33,44.86,1.2,Low,Mini,Sunny,0,Airport,102.59,210.74,3.49,3.01,Rock,99.7,51,1021.15
9.57,50.78,2.0,Medium,Mini,Rainy,0,Urban,104.59,246.25,4.95,3.98,None,63.99,23,1637.07
1.01,6.29,1.0,Low,Mini,Rainy,0,Airport,111.02,139.68,3.08,4.05,Rock,37.44,79,461.16
36.69,122.33,1.2,Low,Sedan,Sunny,1,Urban,100.95,279.92,3.37,3.98,Classical,27.12,80,1770.33
33.91,99.01,2.5,Low,Mini,Sunny,0,SemiUrban,102.63,187.74,4.03,3.19,None,98.82,17,2981.57
29.95,111.86,1.0,Medium,Premium,Sunny,1,SemiUrban,112.38,89.23,4.12,4.58,Pop,18.78,30,1483.47
7.54,39.94,1.5,Low,Premium,Foggy,0,Urban,103.84,186.69,4.43,4.06,Pop,19.06,54,1473.65
5.69,34.47,1.0,Medium,Sedan,Sunny,0,SemiUrban,111.41,241.37,3.42,3.44,Classical,43.39,84,607.02
3.64,13.4,1.0,Low,Sedan,Foggy,0,SemiUrban,118.87,196.64,3.79,4.91,None,36.85,65,569.73
29.24,63.05,1.0,Low,SUV,Sunny,0,Urban,118.88,196.03,3.57,3.6,Classical,16.57,13,1183.74
37.22,130.17,1.0,High,SUV,Sunny,1,SemiUrban,103.41,56.94,4.67,3.76,None,72.59,10,1491.86
,69.9,1.0,Medium,Mini,Sunny,1,Urban,97.03,165.83,3.72,3.8,Rock,97.99,37,816.89
5.65,30.45,1.0,Medium,SUV,Rainy,1,Urban,97.54,141.4,3.52,3.8,Classical,24.16,65,828.95
20.98,47.03,1.0,Low,Mini,Sunny,1,Airport,114.58,60.95,4.23,4.29,None,60.18,14,911.4
14.6,46.85,1.2,Low,Sedan,Rainy,1,SemiUrban,92.39,220.29,3.22,3.57,Pop,23.27,14,1027.93
15.62,70.11,1.2,High,Sedan,,1,Airport,91.21,95.78,4.7,4.81,Rock,49.16,60,1133.22
25.23,71.28,1.2,Low,Sedan,Sunny,0,Urban,110.44,137.48,3.56,4.15,None,80.4,10,1263.1
29.03,122.34,1.0,High,Mini,Sunny,0,SemiUrban,117.3,194.4,4.65,4.76,Pop,48.87,38,1249.39
5.31,24.17,2.0,Medium,Mini,Rainy,1,SemiUrban,96.92,160.07,4.98,4.83,Pop,83.09,71,1041.53
2.39,6.56,1.0,Medium,SUV,Rainy,0,Urban,91.64,225.44,3.04,4.54,Rock,57.3,91,695.49
39.78,119.03,1.0,Medium,SUV,Sunny,0,Airport,116.86,261.19,3.38,3.49,Rock,98.23,63,1720.93
10.08,37.91,1.2,Medium,Sedan,Sunny,0,Urban,100.62,92.31,4.49,3.66,None,53.52,2,862.35
3.1,12.7,1.5,Low,Sedan,Rainy,0,SemiUrban,106.49,119.65,3.17,3.46,Classical,73.63,68,812.96
8.41,21.23,1.0,Medium,Sedan,Sunny,0,Urban,115.09,96.45,3.89,3.91,None,21.5,17,544.22
2.52,0.11,1.0,High,Sedan,Sunny,0,Airport,97.5,174.8,3.3,4.02,Pop,22.21,84,739.75
16.28,34.82,1.5,Low,Mini,Sunny,1,Urban,108.04,69.81,3.94,3.68,Pop,35.75,71,915.04
32.29,130.32,1.2,Low,Sedan,Rainy,1,Urban,119.75,235.32,3.03,4.74,Pop,22.02,54,1693.18
14.31,47.17,1.0,Low,Premium,Rainy,0,SemiUrban,112.24,81.99,3.3,3.79,None,1.43,59,1071.01
18.32,39.95,2.0,Medium,SUV,Sunny,1,Urban,101.92,286.69,3.55,4.41,Rock,21.66,51,2138.26
27.35,100.95,1.0,Low,Sedan,Sunny,0,SemiUrban,113.04,260.09,3.4,4.67,Pop,49.14,70,1124.04
20.85,,1.2,High,Mini,Sunny,1,Airport,90.65,292.32,3.72,3.32,None,66.87,63,1180.71
34.6,123.29,1.0,Medium,SUV,Sunny,0,Urban,96.46,60.15,3.29,4.43,Rock,55.54,72,1367.78
34.78,142.06,1.0,High,Sedan,Sunny,0,SemiUrban,112.34,101.29,4.64,3.32,Classical,18.96,10,1453.36
1.39,10.35,1.0,High,Sedan,Sunny,1,SemiUrban,97.87,290.26,4.04,4.53,Rock,12.97,89,553.26
31.34,92.71,1.2,Low,Mini,Rainy,0,Urban,93.78,296.16,3.62,4.13,Pop,82.83,4,1471.75
18.97,69.96,1.0,Low,SUV,Rainy,0,Urban,98.8,120.18,3.59,4.03,Pop,77.73,80,1076.34
39.56,83.01,1.2,High,Mini,Sunny,0,SemiUrban,95.14,199.69,,4.06,Classical,24.28,62,1528.53
19.85,57.16,2.5,Medium,Sedan,Rainy,0,SemiUrban,102.62,101.87,4.01,3.8,None,52.06,8,2369.92
39.49,156.14,1.5,Low,Sedan,Rainy,1,Airport,93.74,273.7,4.06,3.1,None,67.32,50,2557.43
30.43,60.33,1.0,High,Sedan,Sunny,1,Airport,115.13,84.21,4.98,4.11,None,69.42,88,1360.9
10.7,29.35,1.0,Medium,Sedan,Sunny,0,Airport,113.4,222.06,4.26,3.04,Rock,45.55,56,832.54
,88.12,1.2,Low,Sedan,Sunny,1,Urban,99.21,122.54,4.06,4.83,None,48.06,82,1239.78
39.69,107.81,1.0,Medium,Mini,Rainy,1,Urban,105.6,143.45,3.08,3.5,Pop,48.23,62,1283.16
34.44,122.1,2.5,High,Sedan,Sunny,0,Airport,115.65,186.99,4.1,4.3,None,56.63,68,3933.96
4.8,19.74,2.5,Low,Mini,,0,Urban,117.87,156.87,3.99,4.12,None,46.68,23,1430.14
28.55,77.01,1.0,Low,Mini,Rainy,0,Urban,92.73,180.85,4.79,4.23,Pop,48.39,87,1153.5
14.48,37.01,1.0,Low,Sedan,Sunny,0,Urban,,219.91,4.45,3.65,None,81.95,69,793.65
1.27,12.54,2.0,High,Sedan,Foggy,0,Urban,94.06,124.06,3.96,3.9,Classical,20.56,55,1075.36
16.74,70.99,1.5,Medium,Sedan,Rainy,0,Airport,90.6,234.7,3.46,4.5,Rock,46.26,12,1640.76
10.16,41.96,1.2,Medium,Sedan,Sunny,0,Urban,92.37,154.3,4.43,3.78,None,68.89,1,854.61
,106.89,1.0,Medium,Mini,Rainy,0,Airport,107.28,55.45,3.57,3.57,Pop,54.84,6,1333.38
14.16,58.79,1.0,Low,Mini,Sunny,0,Airport,101.31,261.66,3.71,3.06,Classical,29.7,24,902.66
33.27,121.15,2.0,Medium,Mini,Foggy,0,Urban,93.56,120.4,4.38,3.95,Rock,9.99,61,2519.32
1.02,6.47,1.0,High,Mini,Sunny,0,Urban,104.23,265.06,3.62,4.39,Rock,66.65,79,459.36
13.0,24.14,1.5,Medium,Sedan,Foggy,1,Airport,105.25,236.14,3.59,3.58,None,71.12,13,1406.68
31.23,70.64,1.0,High,Mini,Sunny,0,Urban,,151.68,3.88,4.73,Pop,6.38,12,3043.57
10.11,44.52,2.0,Medium,Sedan,Sunny,0,Airport,109.91,212.57,4.33,,None,72.33,60,1777.16
3.66,22.09,1.2,Low,SUV,Sunny,1,SemiUrban,,297.99,4.88,3.75,Rock,82.4,92,886.98
8.3,38.92,1.0,Medium,Sedan,Sunny,1,SemiUrban,99.73,126.88,3.3,4.48,Rock,89.5,78,665.22
22.67,88.36,1.0,Low,Sedan,Rainy,0,Airport,90.06,162.61,3.51,4.94,Pop,98.55,38,1142.71
12.36,43.6,1.2,Medium,SUV,Sunny,0,SemiUrban,114.96,87.13,4.97,3.76,Rock,58.91,81,1013.28
17.28,50.5,1.0,Medium,Mini,Rainy,1,Airport,98.01,267.84,4.23,4.48,Classical,98.28,75,937.91
15.7,63.24,1.2,High,SUV,Rainy,0,Airport,96.4,188.22,3.02,4.38,Pop,54.87,28,1391.83
35.16,125.58,1.0,Low,Mini,Rainy,0,Urban,112.04,75.48,,4.87,None,67.41,43,1248.57
36.31,118.14,1.0,High,Mini,Rainy,0,SemiUrban,92.15,199.39,3.56,4.0,Rock,68.81,89,1359.47
20.23,57.0,1.2,High,Mini,Sunny,0,SemiUrban,97.88,166.99,4.1,4.18,Pop,73.8,76,1020.01
13.88,52.79,1.2,Low,Mini,Sunny,0,Urban,103.05,126.85,3.73,3.32,None,77.07,84,871.81
,24.82,1.2,High,Sedan,Sunny,0,Airport,103.25,54.67,3.35,3.53,None,56.42,92,744.9
38.18,109.37,1.2,Low,Mini,Sunny,1,Urban,94.74,104.09,4.2,4.27,Pop,76.88,57,1532.65
3.35,32.09,1.2,Low,Premium,Sunny,0,SemiUrban,91.2,101.49,3.43,4.12,None,25.31,80,855.96
,45.48,1.2,High,SUV,Foggy,0,Airport,104.12,228.84,3.46,3.89,Rock,51.62,8,1357.66
12.62,41.12,1.0,Low,Premium,Sunny,0,Airport,100.72,114.81,4.61,4.4,None,17.65,73,1156.36
13.5,54.72,1.0,Medium,SUV,Sunny,1,Urban,98.55,294.65,4.29,3.49,None,42.76,92,992.24
7.41,13.01,1.0,Medium,Premium,Rainy,1,Airport,98.12,96.01,4.84,4.4,Rock,38.9,67,926.19
31.54,75.69,1.2,Low,Mini,Foggy,0,SemiUrban,105.13,273.27,3.88,3.38,None,2.71,45,1402.42
5.78,,1.2,Medium,Sedan,Foggy,0,SemiUrban,90.65,141.32,4.01,3.99,Classical,28.1,41,701.93
25.76,90.7,1.0,Low,Mini,Rainy,1,SemiUrban,93.18,299.85,3.14,3.23,None,70.35,35,1142.14
5.83,10.16,1.5,Low,Sedan,Sunny,0,Airport,99.76,250.94,3.72,4.03,Pop,45.28,44,981.97
3.75,18.32,1.0,High,SUV,Sunny,0,Urban,104.39,201.01,3.1,4.64,None,92.33,80,722.14
36.47,137.79,1.2,High,Sedan,Sunny,1,SemiUrban,110.81,257.66,3.7,3.97,Classical,40.51,5,1783.23
8.42,25.26,1.0,Medium,Mini,Sunny,0,Airport,98.79,274.19,3.82,3.66,Classical,45.92,69,668.14
33.03,88.17,1.5,Low,Sedan,Sunny,0,Urban,110.01,299.4,3.35,3.28,Rock,77.65,99,1940.71
22.24,80.44,1.2,Medium,Mini,Foggy,0,Airport,101.61,92.55,,3.72,Pop,8.58,26,1335.75
4.04,27.72,1.5,High,Sedan,Sunny,0,SemiUrban,113.24,196.19,3.67,4.71,Rock,92.45,73,983.1
38.26,140.39,2.0,Low,Sedan,Sunny,0,Airport,104.42,146.71,3.11,3.78,None,49.46,64,3121.95
10.63,39.4,1.5,Low,SUV,Rainy,0,SemiUrban,106.24,146.36,3.78,3.37,Pop,73.79,46,1215.94
34.53,,1.5,High,SUV,Sunny,0,SemiUrban,103.05,208.08,4.1,4.78,Pop,70.74,94,2300.32
7.58,18.55,1.0,Medium,Mini,Sunny,0,SemiUrban,93.99,176.04,3.96,4.86,Pop,30.67,36,532.69
34.3,99.51,1.0,Low,Premium,Foggy,0,SemiUrban,95.14,252.63,4.13,4.91,None,99.95,27,1641.37
1.52,-0.89,2.0,Low,Premium,Rainy,0,Airport,102.01,132.07,4.77,4.04,Classical,3.88,65,1705.83
20.96,67.87,2.0,High,Sedan,Sunny,1,Airport,92.96,182.5,3.06,4.12,None,92.96,62,2294.47
31.01,86.88,1.2,Medium,SUV,Sunny,1,Urban,94.21,291.39,4.58,,Classical,9.75,59,1640.01
37.46,124.09,1.0,Low,Mini,Rainy,0,Urban,108.71,72.63,3.75,3.67,Pop,30.99,48,1390.71
36.46,120.46,2.0,High,Premium,Sunny,0,Urban,109.0,117.13,3.77,4.03,None,90.03,90,3357.34
32.97,98.86,1.0,High,Sedan,Rainy,1,Urban,93.82,75.41,4.18,3.32,Rock,21.41,74,1461.72
35.64,68.57,1.0,Low,SUV,,0,SemiUrban,115.61,65.68,4.19,4.92,Pop,6.37,4,1269.19
8.77,19.04,1.2,Medium,Mini,Rainy,1,SemiUrban,,54.16,3.21,,None,72.39,61,762.92
12.08,32.87,1.0,Low,SUV,Rainy,0,Airport,101.39,141.37,4.27,3.09,None,28.77,48,1041.83
12.27,34.57,1.0,Medium,Sedan,Rainy,1,Airport,104.94,262.14,3.35,3.52,Rock,39.9,64,951.38
15.71,46.12,1.5,Low,Mini,Sunny,0,Urban,114.05,110.42,3.59,3.6,Classical,44.83,68,1053.78
16.34,38.44,1.0,Low,SUV,Rainy,1,Airport,112.88,131.11,3.97,3.02,Pop,67.71,4,1047.88
22.24,76.17,2.0,Medium,Sedan,Sunny,1,Airport,100.88,264.08,4.33,4.97,None,73.36,73,2449.77
7.24,34.86,2.5,Medium,SUV,Foggy,1,Airport,99.51,87.5,4.51,,Pop,33.41,34,2065.18
27.96,87.5,1.5,Low,Sedan,Rainy,0,SemiUrban,109.93,109.21,,3.1,Classical,90.4,64,1703.84
7.54,31.4,2.5,Low,SUV,Sunny,0,Urban,100.91,227.98,4.04,4.75,None,21.44,69,1864.75
13.1,,1.2,High,Sedan,Rainy,0,Urban,110.68,235.26,3.34,3.22,Classical,75.93,31,1197.29
20.63,76.11,1.2,Low,Mini,Sunny,0,Airport,93.89,139.67,4.35,3.91,Pop,72.37,97,1121.23
,102.19,1.5,Medium,SUV,Foggy,0,Airport,110.16,52.62,4.95,3.73,Pop,52.26,13,2239.87
29.84,,1.2,Low,Mini,Sunny,1,SemiUrban,113.55,145.38,4.63,3.16,None,97.14,75,1277.29
26.18,95.73,1.0,Medium,SUV,Sunny,0,SemiUrban,117.14,228.87,3.86,3.07,None,46.8,37,1311.19
7.08,23.02,1.2,Low,Mini,Sunny,1,Airport,103.69,228.7,3.92,3.54,Pop,85.9,99,826.65
22.33,77.42,1.2,Low,Sedan,Sunny,0,SemiUrban,106.81,154.95,4.91,3.72,None,6.26,40,1133.69
4.41,15.43,1.5,Medium,Sedan,Sunny,0,SemiUrban,98.67,137.19,3.14,4.49,Classical,39.86,50,727.46
15.72,52.96,1.2,Low,Sedan,Sunny,0,Airport,94.51,225.52,4.19,4.45,Pop,21.48,49,1161.72
17.13,49.56,1.5,Medium,Sedan,Sunny,1,Airport,95.19,287.24,,3.93,Classical,85.69,47,1609.33
2.55,10.4,1.2,Low,SUV,,0,SemiUrban,115.34,248.2,3.15,3.42,Classical,42.82,18,718.52
11.69,39.1,1.2,Low,Mini,Rainy,0,Airport,106.24,107.32,,4.68,None,52.75,58,934.16
38.27,,1.0,Medium,Sedan,Sunny,1,Urban,101.29,290.66,3.46,4.3,Classical,66.54,30,1427.2
38.19,104.97,1.5,Low,Mini,Sunny,1,SemiUrban,115.92,202.43,3.09,3.7,Rock,40.55,77,1941.93
14.74,37.67,1.0,Low,Sedan,Sunny,0,SemiUrban,93.41,78.11,4.71,4.74,Pop,36.16,69,701.62
2.68,9.63,2.5,Low,Mini,Rainy,0,SemiUrban,107.83,134.21,4.67,4.64,Rock,33.67,70,1052.82
7.98,33.75,1.5,Low,Sedan,Rainy,0,Urban,113.72,231.02,4.36,3.0,Classical,77.09,6,1130.87
,64.28,1.2,Low,Mini,Rainy,1,SemiUrban,93.75,267.45,4.54,4.74,Classical,98.68,45,1023.44
37.96,91.79,2.5,Low,SUV,Sunny,1,Airport,93.62,182.37,3.13,4.06,Rock,32.56,3,3804.69
6.51,36.12,1.2,Low,Mini,Rainy,0,Urban,91.0,84.43,3.55,4.85,None,67.39,50,624.33
30.78,100.8,1.0,High,Mini,Sunny,0,Urban,118.26,80.89,4.18,,Classical,87.81,93,1284.73
5.24,35.13,1.2,Low,Sedan,Sunny,1,Urban,110.77,131.49,4.78,3.29,Classical,98.39,57,706.16
39.27,139.63,1.0,High,Mini,Sunny,0,Urban,92.14,59.38,4.41,3.68,Classical,57.83,85,1366.03
15.88,53.0,1.0,High,Mini,Sunny,0,Airport,110.14,154.64,3.04,3.62,None,18.3,45,906.57
31.23,112.64,1.2,Low,SUV,Sunny,0,Urban,99.11,244.28,3.48,4.41,Classical,54.38,72,1685.63
14.36,42.66,1.5,Low,Sedan,Rainy,1,SemiUrban,93.28,165.26,3.81,4.08,Classical,65.53,28,1269.11
25.48,64.22,1.2,Low,Mini,Foggy,0,Urban,119.77,257.59,4.24,3.54,None,47.93,49,1254.02
8.49,29.98,1.2,Medium,Mini,Sunny,0,Urban,95.4,214.32,4.33,4.52,Rock,30.77,61,738.92
6.69,29.85,1.0,Medium,Sedan,Sunny,0,Urban,113.96,98.33,4.22,4.31,Pop,31.28,76,682.76
37.58,123.94,1.2,Medium,Sedan,Sunny,0,Urban,,103.6,3.14,4.59,None,80.07,42,1686.98
36.79,132.8,1.0,Medium,Mini,Sunny,1,SemiUrban,105.91,137.42,4.52,4.49,Pop,96.59,38,1324.35
35.61,132.58,1.0,Low,Mini,Foggy,0,SemiUrban,119.28,184.51,,,Rock,68.84,13,1303.88
25.39,63.04,1.5,High,Mini,Foggy,1,Urban,93.6,219.57,3.43,3.33,Rock,45.51,31,1569.73
32.52,112.35,1.0,Low,Premium,Sunny,0,Urban,118.83,93.27,3.99,3.39,Classical,31.86,64,1496.66
3.69,26.15,1.0,High,Sedan,Sunny,0,SemiUrban,92.12,88.32,3.51,4.57,Classical,16.17,33,624.8
14.06,55.86,1.0,Low,Mini,Rainy,0,Urban,104.32,53.09,4.37,4.71,Pop,29.86,96,692.67
13.23,60.91,1.2,Low,Sedan,Sunny,0,SemiUrban,115.65,78.21,3.43,4.0,Rock,1.76,91,851.54
25.79,72.2,1.5,High,SUV,Sunny,1,Airport,106.6,237.96,3.04,4.97,None,33.52,18,2149.8
14.88,47.5,2.5,Medium,Mini,Rainy,0,Airport,107.5,63.84,3.86,3.59,None,17.91,79,2157.98
6.79,31.72,1.5,Medium,Sedan,Rainy,0,Urban,94.83,201.44,3.09,4.46,None,2.54,68,1082.56
24.26,47.35,1.0,Medium,SUV,Rainy,1,Airport,119.53,200.22,3.09,4.34,Rock,11.93,49,1285.48
32.76,101.43,1.0,High,Mini,Sunny,0,Airport,96.93,298.14,3.38,4.49,Pop,90.16,46,1464.26
15.9,42.41,1.0,High,SUV,Sunny,1,SemiUrban,115.77,219.41,4.44,,Rock,27.26,52,1097.83
18.48,64.77,1.2,Medium,Sedan,Foggy,0,SemiUrban,118.7,224.81,4.89,3.49,Pop,53.81,56,2686.53
8.67,,1.2,Low,Sedan,,0,Airport,98.42,72.41,4.03,3.81,Pop,24.9,43,880.29
10.26,45.23,1.2,Medium,Premium,Sunny,0,Urban,111.92,269.08,4.36,3.38,Rock,65.41,42,1323.22
12.7,52.45,1.0,High,Mini,Sunny,0,Urban,92.41,130.0,3.1,3.22,None,16.02,75,703.18
26.07,92.86,1.0,Medium,Sedan,Sunny,0,Urban,112.24,128.14,4.58,4.37,Classical,44.85,19,1263.68
24.44,55.48,1.0,High,SUV,Sunny,1,Airport,104.53,166.42,3.9,4.97,Classical,22.35,29,1294.72
28.15,113.23,1.5,Low,Sedan,Sunny,0,Airport,93.54,226.91,3.96,4.33,None,54.47,15,1977.85
15.14,67.6,1.0,High,Mini,Rainy,0,Urban,116.84,123.61,4.61,3.27,None,9.9,33,953.05
33.14,86.05,1.2,Low,Sedan,Sunny,1,Airport,110.37,244.38,3.23,4.04,None,58.7,61,1643.11
8.96,36.46,1.0,Low,Mini,Rainy,0,Urban,95.06,111.4,3.91,4.21,Pop,73.07,41,595.17
,53.21,1.2,Medium,Sedan,Foggy,0,SemiUrban,105.98,80.68,4.08,4.47,Classical,44.87,96,1127.21
32.24,107.48,1.0,Medium,Sedan,Foggy,0,SemiUrban,99.78,224.17,4.23,4.55,None,95.01,85,1254.88
8.03,15.66,1.0,Low,Sedan,Rainy,0,Urban,111.32,280.39,4.41,3.4,Classical,21.33,55,769.34
5.28,17.3,1.0,High,Sedan,Sunny,0,Airport,,277.41,4.26,3.65,Rock,9.92,1,878.46
35.46,151.82,1.0,High,Mini,Sunny,0,SemiUrban,95.69,65.63,4.7,4.09,Rock,8.59,53,1341.61
14.37,40.31,1.0,Medium,Mini,Rainy,1,Urban,97.26,147.91,4.96,3.01,Classical,33.33,78,842.55
,81.43,1.5,Low,SUV,Foggy,0,Urban,111.14,121.84,3.03,3.4,Rock,14.5,81,1836.51
1.99,22.12,1.0,Low,Mini,,0,Airport,110.25,163.67,3.83,4.91,Pop,0.92,90,512.35
27.91,115.42,1.0,Medium,Mini,Rainy,1,Airport,99.37,62.61,3.82,3.71,Rock,22.84,70,1246.26
13.33,54.39,1.2,Medium,SUV,Sunny,1,SemiUrban,104.35,152.68,4.5,,Pop,23.5,7,1016.84
3.17,6.97,1.2,Low,Sedan,,0,Urban,104.02,290.24,3.58,3.94,Classical,12.63,53,765.75
24.78,57.04,1.0,Medium,Sedan,Sunny,0,Urban,93.73,191.74,3.03,5.0,Classical,38.74,57,1037.18
10.39,,1.2,Medium,Mini,Sunny,0,Urban,108.63,104.32,3.15,4.8,Rock,95.88,16,811.03
16.09,34.69,1.5,Medium,Mini,Rainy,0,SemiUrban,97.93,252.31,,3.57,None,91.6,81,1255.05
,22.34,1.0,Medium,Sedan,,0,SemiUrban,103.8,149.34,4.84,4.61,None,1.89,98,472.47
6.74,14.71,1.2,Medium,Sedan,,0,SemiUrban,92.15,65.94,3.51,4.1,None,81.98,41,559.08
12.62,24.7,1.0,Low,Premium,Sunny,1,Urban,108.42,138.1,4.87,3.61,Rock,22.4,24,878.13
4.5,29.28,1.0,Low,Sedan,Sunny,1,Airport,115.19,253.52,4.75,4.03,Rock,53.73,58,710.7
36.52,108.85,2.5,High,Mini,Rainy,0,Urban,107.09,105.24,4.38,3.67,Pop,46.71,37,3425.69
1.24,3.51,1.0,Low,Mini,Sunny,0,Airport,107.9,131.64,3.49,3.36,Classical,98.33,63,506.7
19.87,62.02,1.0,High,Mini,Foggy,1,SemiUrban,,117.89,3.24,3.94,Rock,60.22,10,865.19
5.81,27.48,2.5,Low,Mini,Sunny,0,Urban,95.89,274.52,3.34,3.85,None,63.02,27,1444.48
13.0,43.7,1.5,Medium,Sedan,Rainy,0,Airport,92.06,123.55,3.4,3.63,None,93.49,23,1363.48
37.12,127.8,1.2,Low,Mini,Sunny,0,Urban,115.62,110.08,,,Rock,16.05,2,1505.4
7.31,29.15,1.2,High,Mini,Sunny,0,Urban,115.4,281.79,3.64,3.26,Rock,49.36,9,821.9
38.67,119.83,1.5,High,Premium,Sunny,1,Urban,106.34,299.94,,4.95,None,12.25,37,2768.26
9.03,37.76,1.5,Low,Sedan,Sunny,0,Urban,95.91,198.39,4.54,3.42,Pop,10.99,68,1041.4
29.92,,1.0,Low,Mini,Sunny,0,SemiUrban,114.52,283.7,3.87,4.23,Rock,71.18,31,1102.22
,54.1,1.0,Medium,Mini,Sunny,0,SemiUrban,96.61,242.02,3.43,3.8,Pop,60.16,96,876.89
35.49,96.4,1.0,High,SUV,Rainy,1,Airport,115.83,96.9,3.95,3.02,Pop,11.18,85,1703.61
22.61,85.11,1.0,Medium,SUV,Rainy,1,SemiUrban,102.71,220.98,3.27,3.43,Rock,52.1,85,1186.22
21.85,87.05,1.0,High,Sedan,Sunny,0,SemiUrban,91.72,247.53,4.63,4.1,None,94.78,12,1201.67
8.62,20.62,1.2,Low,Sedan,Rainy,0,SemiUrban,114.51,235.75,,3.7,Pop,13.89,56,823.08
,24.12,1.0,Medium,SUV,Sunny,0,SemiUrban,106.82,182.49,4.87,4.67,Classical,16.55,79,763.78
36.74,79.74,1.0,Medium,SUV,Rainy,0,Airport,99.55,178.8,4.62,4.35,Pop,66.92,15,1600.79
,58.66,1.2,Low,Mini,Rainy,1,SemiUrban,103.59,255.46,4.3,3.31,Classical,22.72,82,1021.62
15.51,54.69,1.2,Medium,SUV,,1,SemiUrban,116.59,222.25,3.76,4.87,Classical,75.65,20,1205.27
30.63,,2.0,High,SUV,,0,Airport,96.09,248.23,3.99,,Pop,92.08,26,3257.4
14.21,45.85,1.5,High,Mini,Sunny,0,SemiUrban,93.11,101.86,3.37,,Pop,0.78,49,1000.32
38.13,138.14,2.5,Low,Mini,Rainy,0,Airport,113.54,291.61,4.35,3.97,Classical,32.14,24,4063.36
29.78,,1.2,Low,Sedan,Sunny,1,SemiUrban,108.65,233.21,4.67,3.88,Pop,58.22,85,1545.18
24.3,93.24,1.2,Medium,Mini,Rainy,0,SemiUrban,116.1,155.59,4.39,3.98,Rock,51.49,14,1264.71
35.35,103.78,2.0,Low,Mini,Sunny,0,Urban,99.4,199.81,4.91,3.14,None,54.55,66,2420.35
2.93,-2.54,1.5,High,Premium,Sunny,0,Airport,106.84,209.95,4.95,3.59,Pop,69.04,52,1381.58
11.03,43.06,1.5,Low,Sedan,Sunny,1,Airport,,250.31,4.39,4.84,Rock,80.69,85,1252.45
19.14,83.07,1.2,Medium,Sedan,Sunny,1,Urban,115.4,225.2,4.49,4.59,Pop,28.03,95,1241.58
9.85,36.62,1.0,Low,Mini,Sunny,0,Airport,95.74,261.11,3.65,3.3,Pop,74.99,3,757.96
30.01,82.8,2.0,Medium,Sedan,Sunny,0,Airport,,148.69,3.09,3.58,None,7.65,84,2517.67
36.85,100.55,1.5,Low,Sedan,Sunny,0,Airport,104.54,155.32,4.72,4.49,Pop,70.22,22,2165.81
17.53,30.63,1.5,Low,Mini,Sunny,1,Urban,112.35,97.15,4.38,4.72,None,83.47,11,1031.99
14.34,51.17,1.0,Medium,Mini,Sunny,0,Airport,96.29,178.93,,3.28,Classical,93.21,85,843.01
38.5,127.56,1.0,Medium,Mini,Sunny,1,SemiUrban,97.0,150.39,3.0,4.19,None,64.26,63,1295.09
18.35,40.25,1.0,Medium,Mini,Sunny,1,SemiUrban,99.47,216.21,4.43,3.88,Classical,31.53,17,783.63
20.07,50.89,1.5,Low,SUV,Sunny,1,Airport,114.33,200.73,3.54,,Pop,65.33,8,1701.53
14.71,58.98,2.0,Low,Mini,Rainy,0,Urban,112.42,264.37,3.89,4.59,Rock,17.65,34,1645.81
36.47,127.89,1.0,Medium,Mini,Rainy,1,SemiUrban,98.1,92.07,3.9,4.19,None,69.72,65,1335.36
23.19,87.62,1.2,High,Sedan,Rainy,0,SemiUrban,97.65,278.86,3.07,4.11,Classical,87.65,14,1442.44
30.72,69.45,1.0,Low,Sedan,Sunny,0,SemiUrban,117.19,105.13,4.7,3.76,Rock,95.36,53,1068.5
32.66,115.29,1.0,Low,Mini,Rainy,1,Urban,108.44,230.18,3.18,3.65,Classical,18.5,4,1311.62
14.33,41.94,1.2,Low,Sedan,Sunny,1,Airport,96.75,174.56,4.91,4.46,None,61.79,46,1073.17
17.91,52.48,1.5,Low,Mini,Sunny,0,SemiUrban,94.21,225.67,4.14,4.83,Classical,98.14,3,1078.44
,160.79,2.0,Low,Mini,,0,SemiUrban,91.98,184.07,,3.05,Classical,62.68,41,7628.77
15.17,,1.0,Medium,Mini,Sunny,1,Airport,97.39,213.1,4.28,3.95,Classical,94.28,88,919.26
,57.32,1.2,High,Mini,Sunny,0,Airport,111.6,238.01,4.85,4.13,Rock,43.87,45,1556.39
37.7,148.96,1.2,Low,Mini,,0,SemiUrban,101.15,98.28,4.56,3.57,Rock,79.08,53,1594.1
75.93,125.12,1.0,Medium,Sedan,Rainy,0,SemiUrban,118.95,135.59,3.33,3.18,Pop,8.46,74,3065.64
29.92,88.77,2.5,Medium,Mini,Sunny,1,SemiUrban,99.73,266.81,3.62,3.34,Classical,20.9,26,2843.07
,105.86,2.0,High,Mini,Sunny,0,Urban,94.51,259.03,3.22,4.41,Classical,11.74,31,2630.15
33.96,78.9,1.0,Medium,Sedan,Rainy,0,Airport,95.3,220.28,4.46,3.44,Pop,5.64,43,1440.4
16.41,62.42,1.2,High,Sedan,Sunny,0,Urban,104.65,126.33,3.4,3.8,Classical,44.38,42,1065.12
3.0,6.79,1.0,Medium,Mini,Rainy,1,Urban,118.12,101.57,4.49,,Pop,85.35,40,456.27
16.67,58.59,1.2,High,Mini,,0,Urban,117.01,62.13,3.26,3.34,None,27.87,53,920.86
27.28,,1.2,Low,Sedan,Sunny,1,Airport,95.5,283.51,4.53,4.63,None,23.6,74,1507.43
18.56,73.37,1.0,Low,Mini,Rainy,0,Airport,112.63,208.96,4.03,4.05,Pop,75.89,77,1027.44
30.21,116.94,2.0,High,Sedan,Rainy,1,SemiUrban,112.57,153.28,4.68,3.2,Rock,26.34,72,2822.09
14.92,77.68,1.2,Medium,Mini,Rainy,0,Urban,94.96,222.53,4.04,3.17,Classical,60.91,92,1018.0
25.76,,2.5,Low,SUV,Sunny,0,Airport,98.95,164.5,3.5,4.84,Rock,16.0,47,3270.12
8.27,25.24,1.0,High,SUV,Rainy,0,Urban,92.28,137.67,4.36,3.74,Pop,40.41,28,792.99
30.23,90.08,1.5,Low,Sedan,Sunny,0,Urban,92.25,175.29,3.6,4.53,Pop,54.55,14,1795.5
22.28,69.1,1.5,Low,Mini,Rainy,0,Airport,103.26,234.15,3.18,,None,99.72,23,1661.74
8.96,52.93,1.0,Medium,Sedan,Rainy,0,Urban,104.52,259.43,4.65,3.25,Rock,85.53,21,893.29
12.38,60.33,1.0,Medium,Sedan,Foggy,0,SemiUrban,90.98,74.9,4.46,4.05,Classical,1.39,59,712.72
30.2,70.16,2.0,Medium,Mini,Sunny,0,SemiUrban,118.99,66.21,3.11,3.2,Rock,63.59,44,2009.62
19.82,66.92,1.2,Low,SUV,Sunny,0,Urban,104.59,135.07,4.85,4.73,Rock,64.46,97,1182.98
9.43,28.64,1.0,High,Premium,Sunny,1,SemiUrban,113.64,59.78,3.41,3.1,None,55.06,51,950.88
38.72,117.87,2.0,High,Mini,Rainy,0,Urban,109.05,173.71,4.49,4.4,Classical,2.72,61,3032.3
28.89,74.47,1.0,Low,SUV,Rainy,1,SemiUrban,108.58,255.99,3.04,4.95,None,27.96,93,1323.68
38.33,99.68,1.2,Low,Sedan,Sunny,0,Urban,99.09,136.92,3.96,,None,20.31,55,1613.75
17.66,67.89,1.2,Low,Sedan,Sunny,0,SemiUrban,,168.96,3.51,4.81,Rock,3.52,63,1021.42
19.53,90.38,1.2,High,Mini,Rainy,0,SemiUrban,98.99,193.59,4.11,3.51,Rock,88.52,80,1339.03
36.02,116.21,1.0,High,Mini,Rainy,0,Airport,118.55,278.42,3.54,3.94,None,58.8,10,1689.52
21.48,55.45,1.2,Medium,SUV,Sunny,1,Urban,,281.66,3.99,3.46,Pop,26.02,45,1391.66
28.58,61.34,1.5,High,Sedan,Foggy,0,SemiUrban,93.44,207.96,3.02,4.38,Pop,88.4,82,1847.65
10.83,18.29,1.2,Medium,Sedan,,0,Airport,111.8,52.55,4.82,4.31,Rock,84.98,89,850.36
18.42,54.67,1.2,Medium,SUV,Foggy,0,Airport,108.26,97.4,4.62,3.59,Classical,22.86,20,1339.71
5.81,21.08,1.0,Low,Sedan,Sunny,1,Urban,111.51,100.42,3.05,3.82,Rock,23.37,19,651.78
9.03,35.38,1.5,Low,Mini,Sunny,1,SemiUrban,109.25,199.74,4.97,3.76,None,18.05,4,889.88
1.04,17.01,1.0,Low,Mini,Sunny,0,SemiUrban,105.82,226.9,4.86,4.4,Rock,18.92,5,441.07
2.53,0.62,2.5,Medium,SUV,Rainy,0,SemiUrban,90.94,72.24,4.32,3.04,Pop,73.24,4,1455.05
39.11,97.94,1.0,Low,SUV,Sunny,0,SemiUrban,114.27,122.42,3.79,4.85,Rock,23.99,64,1465.17
,27.33,1.0,Low,Premium,Sunny,0,Airport,105.3,176.79,4.77,3.28,Classical,83.02,6,1109.1
26.87,,1.0,Low,Mini,Foggy,0,Airport,93.17,242.84,4.72,3.63,Classical,96.76,11,1217.72
33.72,102.21,1.2,Medium,Sedan,Rainy,0,Airport,95.77,136.11,3.84,3.09,Pop,5.58,53,1678.6
22.48,82.2,1.0,High,Sedan,Sunny,0,Urban,109.86,174.3,4.41,3.88,Pop,52.9,73,1138.89
6.97,24.35,1.5,High,Sedan,Sunny,0,Urban,92.31,174.04,4.62,,Classical,3.53,66,1017.88
,121.22,2.0,Medium,Sedan,Sunny,0,Airport,116.08,281.69,4.63,4.57,None,32.99,45,2971.85
24.41,92.07,1.0,Medium,Mini,Sunny,0,SemiUrban,113.72,261.31,4.95,3.72,Classical,93.52,9,1093.17
29.52,,1.0,Medium,Mini,Sunny,0,SemiUrban,99.19,264.47,4.6,3.76,Classical,36.62,9,1150.5
31.02,124.65,2.0,Low,Mini,Sunny,1,Airport,116.51,91.65,4.11,3.68,None,68.89,73,2503.24
39.04,164.89,1.0,Low,Mini,Rainy,0,SemiUrban,116.56,275.21,4.61,3.44,Rock,53.69,27,1602.62
23.37,81.22,1.0,Low,Mini,Sunny,0,SemiUrban,115.14,148.43,3.6,4.43,None,58.73,41,963.99
14.32,45.95,1.0,Medium,SUV,Sunny,0,Urban,99.23,186.19,3.49,4.79,None,99.43,24,935.99
,77.38,1.0,Low,Mini,Foggy,0,Airport,109.68,203.58,,3.81,Rock,82.05,73,1107.76
3.67,17.25,1.0,Medium,Sedan,Rainy,0,Urban,103.54,157.54,4.09,4.44,Classical,91.94,88,653.41
36.0,124.77,1.2,Low,Premium,Sunny,1,Urban,106.17,135.81,4.18,3.98,Pop,66.77,26,1874.78
5.66,12.31,1.2,Low,Sedan,Sunny,0,SemiUrban,102.29,112.0,3.64,3.26,Rock,40.29,45,553.28
13.79,29.45,1.5,High,Mini,Rainy,0,Airport,90.12,178.39,3.96,4.02,Pop,37.92,76,1303.54
32.81,126.46,1.0,Low,Mini,Rainy,0,Airport,90.3,259.41,4.15,3.53,None,96.93,48,1427.69
24.3,81.87,1.2,Medium,Sedan,Rainy,0,SemiUrban,113.19,241.31,3.55,4.34,Rock,29.78,65,1343.88
16.35,66.78,1.0,Low,Mini,Sunny,0,Airport,118.39,177.48,3.11,3.9,Classical,18.6,65,966.7
,62.4,2.0,Low,Premium,Sunny,1,SemiUrban,96.89,135.7,3.21,4.35,None,12.98,45,2224.5
34.33,100.93,1.2,Medium,Sedan,Rainy,1,Urban,106.33,53.18,4.23,3.96,Rock,54.4,25,1610.78
14.26,26.37,1.0,Medium,Sedan,Sunny,0,Airport,99.18,101.93,4.84,4.52,Pop,70.69,36,847.41
34.92,88.88,1.0,Low,Sedan,Rainy,0,Urban,104.33,96.7,3.89,4.99,Pop,48.96,23,1259.42
,-6.64,1.0,High,Premium,Sunny,0,Urban,93.54,197.09,4.02,4.72,Classical,90.17,91,788.37
31.3,79.03,1.0,Medium,Sedan,Rainy,0,Airport,111.76,280.19,3.08,4.41,Rock,73.78,40,1490.72
34.05,122.86,1.2,Low,Sedan,Sunny,1,SemiUrban,105.49,129.06,4.9,3.49,Classical,17.25,82,1519.04
8.09,37.19,1.0,Low,SUV,Sunny,1,Urban,99.26,248.29,4.72,4.14,Rock,95.41,72,669.86
,43.71,2.5,Medium,SUV,Sunny,0,Airport,109.91,132.43,,4.27,None,65.49,22,2639.85
7.45,17.44,1.0,Medium,Mini,Rainy,0,Airport,105.34,291.04,4.76,4.46,Pop,17.28,82,874.23
28.56,76.45,1.5,Low,Mini,Sunny,0,SemiUrban,102.13,98.71,,3.39,None,43.91,90,1416.27
21.88,,1.0,Low,Mini,Sunny,0,Urban,106.0,151.72,3.91,4.03,Rock,45.84,47,987.22
25.78,76.45,1.0,Low,Mini,Sunny,0,SemiUrban,118.61,87.34,4.37,3.92,None,63.12,93,902.05
8.66,35.47,2.5,Low,SUV,Foggy,1,Airport,92.08,106.56,3.65,3.53,Pop,95.4,86,2158.96
9.26,34.71,1.5,Low,Mini,Sunny,1,Airport,117.72,76.49,4.76,4.08,Pop,38.94,57,1041.76
2.62,2.27,1.2,High,Mini,Sunny,1,SemiUrban,93.79,77.38,3.43,4.82,Classical,58.57,15,499.27
13.56,49.53,1.2,Medium,Mini,Sunny,0,Urban,96.19,207.12,4.92,4.54,None,38.88,4,919.58
22.83,57.09,2.5,Medium,Premium,Rainy,1,SemiUrban,119.38,245.96,4.85,,Classical,90.2,32,3415.82
34.46,111.28,1.2,Low,SUV,Foggy,1,Urban,114.3,70.26,3.69,4.46,Classical,95.74,11,1596.39
27.01,78.9,1.0,Low,Sedan,Sunny,1,Urban,100.55,105.33,4.32,4.58,Rock,74.02,7,1050.64
17.98,74.75,1.0,Low,SUV,Foggy,0,Airport,102.14,130.27,3.99,4.45,None,26.08,6,1134.82
38.17,93.3,1.2,Medium,SUV,Rainy,0,Airport,98.97,284.19,4.17,4.72,Pop,61.84,9,1938.38
29.05,101.87,1.2,Low,Sedan,Rainy,1,SemiUrban,96.76,199.51,3.35,4.55,Classical,25.28,16,1501.53
37.28,71.14,1.5,Low,Mini,Rainy,0,Urban,91.83,76.82,4.5,4.66,Classical,57.43,19,1716.96
21.58,89.93,1.0,Low,Sedan,Rainy,0,SemiUrban,91.01,142.44,4.02,4.04,Classical,38.95,70,1039.56
11.1,28.64,2.0,High,Sedan,Rainy,1,Urban,105.05,228.79,3.21,4.01,Classical,76.4,40,1835.41
3.06,8.0,1.2,Medium,Sedan,Sunny,0,SemiUrban,105.9,294.56,4.6,3.72,Classical,89.65,7,720.6
29.32,82.17,1.2,Low,Sedan,,1,SemiUrban,112.85,234.59,4.8,3.99,Pop,1.4,53,1526.56
5.73,18.46,1.0,Medium,Premium,Sunny,0,SemiUrban,92.85,95.3,3.01,4.39,Classical,91.39,99,748.83
12.81,59.77,2.5,Medium,Sedan,Rainy,0,Airport,,254.8,4.61,3.62,None,25.87,56,2685.32
21.77,85.75,1.2,Low,Sedan,Sunny,1,SemiUrban,117.73,50.83,4.13,3.45,None,72.35,70,1116.51
23.01,44.2,1.2,Low,SUV,Sunny,0,SemiUrban,115.58,170.6,3.1,4.76,Rock,22.43,31,1195.71
24.42,103.93,2.0,High,Mini,Rainy,1,Urban,,136.27,3.89,3.05,Rock,34.47,36,2325.65
7.48,30.45,2.0,Low,Mini,Sunny,0,Airport,94.01,286.58,3.83,4.87,Classical,61.42,61,1378.34
15.81,45.19,1.0,High,Sedan,Rainy,0,Urban,94.68,61.48,3.38,4.7,Pop,15.8,58,879.47
25.07,79.69,2.0,Low,Sedan,Foggy,0,SemiUrban,104.32,113.89,,4.32,Classical,23.21,69,2062.02
38.82,136.3,1.5,Medium,Mini,Sunny,1,SemiUrban,108.52,114.97,4.01,4.52,Pop,47.85,12,1987.59
29.38,94.01,1.0,Low,Sedan,Sunny,0,SemiUrban,119.36,155.85,4.1,4.2,Rock,11.86,71,1165.98
36.98,99.76,1.0,Medium,SUV,,0,Airport,114.94,280.84,3.29,4.15,Pop,13.47,85,1692.44
30.73,76.53,1.0,High,Sedan,Rainy,0,Urban,102.43,213.16,4.17,,Rock,66.95,82,1301.11
24.08,53.53,1.2,Medium,Sedan,Sunny,1,Airport,100.51,80.36,3.51,3.01,Rock,99.89,14,1287.39
8.49,32.6,1.5,Low,Mini,Rainy,0,SemiUrban,90.4,256.22,3.33,4.67,None,98.68,4,915.51
27.0,94.5,1.0,Low,SUV,Rainy,1,Urban,90.23,207.46,3.66,4.63,None,49.84,40,1391.39
25.31,103.05,1.5,High,SUV,Sunny,0,SemiUrban,104.23,54.04,4.27,3.97,Pop,75.97,89,1840.76
24.5,89.19,1.5,Medium,Sedan,Rainy,0,SemiUrban,92.08,279.64,4.92,3.47,None,62.28,89,1831.13
20.1,64.58,1.2,Low,Sedan,Rainy,0,Airport,94.69,61.86,4.65,3.67,Rock,0.62,55,1249.09
21.62,76.78,2.0,High,Mini,Sunny,1,SemiUrban,119.41,202.49,4.73,3.85,None,90.22,33,2084.15
14.04,39.83,1.5,Medium,Mini,Foggy,0,SemiUrban,111.52,200.21,3.43,3.32,Classical,78.5,15,1080.92
21.25,69.1,1.0,Low,Mini,Sunny,1,SemiUrban,103.57,202.2,3.92,4.22,Classical,22.94,31,922.98
8.7,30.59,1.5,Medium,Mini,Rainy,0,SemiUrban,115.74,262.07,3.89,3.3,Pop,96.99,17,980.08
32.4,118.23,2.5,Medium,Sedan,,1,Urban,95.32,80.91,3.92,4.37,None,37.86,84,3179.92
8.25,23.38,1.0,High,Sedan,Sunny,0,SemiUrban,101.68,183.67,3.4,4.13,Rock,39.13,47,643.13
4.31,20.62,2.5,Low,Mini,Sunny,1,Airport,,193.4,4.69,4.67,Rock,66.65,69,1464.38
18.01,68.75,1.0,High,Sedan,Sunny,0,Airport,119.86,149.42,3.66,3.8,Classical,65.36,93,1142.43
26.67,95.38,1.2,High,Mini,Rainy,1,Urban,117.03,182.02,3.95,4.81,Rock,67.33,38,1451.06
18.07,38.74,1.5,Medium,SUV,Sunny,1,SemiUrban,105.78,175.24,,4.31,Classical,2.41,68,1486.75
11.79,37.44,1.5,Low,Mini,Sunny,0,Airport,102.72,239.74,3.69,3.0,Rock,33.42,67,1098.1
22.77,66.54,1.5,High,Sedan,Foggy,0,Airport,119.94,86.47,4.23,3.87,Rock,1.27,42,1821.75
,35.57,1.2,Medium,Sedan,Sunny,1,Airport,96.19,57.4,4.99,4.93,Classical,33.95,7,1059.17
,79.41,1.2,High,Mini,Rainy,1,SemiUrban,102.24,282.87,4.77,4.92,Rock,84.1,63,1724.24
36.98,100.79,1.2,Low,Sedan,Sunny,1,Urban,111.35,128.41,,4.14,Classical,26.23,54,1636.04
20.59,52.31,1.2,High,SUV,Sunny,1,Urban,111.12,247.93,3.87,4.32,Classical,17.64,34,1406.89
13.79,38.6,1.2,High,Sedan,Rainy,0,Urban,107.23,129.93,3.38,3.47,Pop,92.34,66,973.49
29.75,70.16,1.5,High,Mini,Rainy,0,Airport,118.56,50.99,3.03,3.64,Classical,22.82,23,1918.81
2.43,4.99,1.0,Low,Mini,Sunny,0,Urban,97.4,103.9,3.09,,Classical,47.6,56,262.35
19.52,38.32,1.2,Medium,Sedan,Rainy,0,Airport,107.06,76.36,4.45,3.83,Classical,33.6,82,1215.98
14.12,49.12,1.0,Low,SUV,Sunny,0,Urban,114.31,255.69,3.73,4.41,Pop,8.62,31,920.56
36.9,91.35,1.2,Low,Sedan,Rainy,0,Airport,96.97,92.7,4.31,3.15,Pop,22.72,12,1686.67
1.47,18.3,1.0,Low,Mini,Rainy,1,SemiUrban,116.13,298.42,4.11,3.09,None,62.81,47,543.31
22.56,92.96,1.2,High,Sedan,Sunny,1,Airport,109.17,203.18,4.96,4.04,Pop,8.29,13,1561.58
29.89,89.08,1.0,Medium,Mini,Foggy,0,Urban,101.43,130.73,4.43,4.16,Rock,3.93,6,1185.42
19.92,82.16,1.0,Low,SUV,Foggy,0,Airport,109.43,176.19,4.97,3.77,Classical,16.02,6,1193.45
4.33,20.26,1.2,High,SUV,Sunny,0,SemiUrban,117.84,290.43,3.6,4.49,Classical,29.04,94,978.46
38.93,165.21,1.0,Medium,Sedan,Sunny,0,Urban,119.65,209.04,3.66,3.34,None,71.2,96,1566.58
21.2,61.65,1.0,High,SUV,Rainy,0,SemiUrban,98.44,238.41,4.02,4.98,Pop,48.71,28,1293.4
24.95,47.86,1.0,High,Mini,Rainy,1,Urban,117.27,173.43,,3.7,Rock,49.82,52,1057.64
10.23,36.61,2.0,Medium,Mini,Sunny,1,SemiUrban,91.16,183.19,4.04,3.66,Rock,37.23,91,1294.84
19.86,37.04,1.0,Low,Mini,Sunny,1,Urban,90.22,295.98,4.7,,Classical,78.62,40,864.21
17.74,52.1,2.0,High,SUV,,0,SemiUrban,108.05,201.12,4.43,4.67,Classical,4.22,97,2222.01
3.92,24.26,1.5,Low,Sedan,Sunny,0,Urban,104.45,185.48,,3.44,Rock,58.71,42,855.45
5.14,31.42,1.0,Medium,Mini,Sunny,0,Airport,104.08,268.36,4.17,,Rock,95.9,81,678.96
33.66,96.12,1.2,High,Mini,,0,SemiUrban,97.02,162.3,3.35,3.53,None,57.15,77,1509.27
10.35,22.97,2.5,Low,SUV,Sunny,1,Urban,107.92,168.41,3.84,3.08,None,73.79,80,1806.01
8.6,28.98,1.2,Medium,Mini,Sunny,1,Urban,90.51,227.55,4.82,3.73,Pop,14.81,26,706.48
20.69,41.94,1.0,Low,Mini,Sunny,0,Airport,103.01,89.95,,3.15,Classical,57.49,91,906.45
30.98,115.61,1.2,Low,Mini,Sunny,0,SemiUrban,101.01,82.55,,4.94,Pop,31.48,57,1370.89
3.42,12.7,1.2,Low,Mini,Rainy,0,Urban,95.79,204.58,3.44,3.28,Pop,70.81,28,626.3
,79.76,1.5,High,Mini,Sunny,0,Urban,105.32,95.86,3.35,4.97,None,18.01,89,1428.64
,20.88,2.0,Low,Sedan,Sunny,0,Airport,110.71,158.88,3.96,3.92,Rock,57.65,46,1293.38
2.42,4.26,1.0,High,Sedan,Rainy,0,Airport,114.39,251.11,4.79,3.33,Rock,51.37,49,820.58
3.06,9.22,1.0,Medium,Sedan,Sunny,0,SemiUrban,103.87,127.49,3.38,3.53,Pop,72.92,87,399.72
33.53,96.73,1.0,Medium,Sedan,Sunny,0,SemiUrban,,235.57,3.02,3.77,Pop,66.84,51,1415.9
5.6,7.72,2.5,High,SUV,Foggy,0,Airport,96.3,131.96,3.84,4.36,None,74.19,22,2091.22
2.76,16.53,1.2,Medium,Mini,Sunny,1,SemiUrban,107.38,59.94,4.15,4.43,Classical,92.32,79,484.25
18.08,66.08,2.0,Low,Mini,Sunny,1,Airport,101.68,72.91,4.49,3.44,Rock,57.32,36,1678.08
33.92,99.8,1.0,Low,Mini,,0,Airport,99.53,158.47,3.11,3.39,None,39.94,71,1325.18
11.23,37.92,1.5,Medium,Sedan,,0,Urban,105.69,129.47,4.04,4.83,None,49.88,61,1067.67
17.45,56.78,1.0,Medium,Mini,Rainy,0,SemiUrban,106.69,167.24,3.33,3.9,Classical,69.29,86,829.84
2.56,16.21,2.0,Low,Sedan,Sunny,0,Urban,97.01,180.77,3.86,3.72,Classical,23.78,94,966.44
18.51,64.38,1.2,Medium,Sedan,,0,Airport,101.35,285.67,4.94,4.25,Classical,19.16,10,1334.69
23.53,56.51,1.5,Medium,Sedan,Sunny,0,Airport,111.23,168.04,4.96,4.1,None,8.89,25,1659.14
23.27,74.17,1.0,High,Mini,Rainy,1,SemiUrban,101.62,264.37,4.97,4.79,Rock,40.13,45,1228.4
13.96,48.36,1.2,Medium,Sedan,Rainy,0,SemiUrban,103.32,262.67,3.73,3.32,Classical,7.73,19,1025.31
13.31,,1.0,High,SUV,Sunny,0,Airport,109.2,271.86,4.41,3.9,Rock,11.47,99,1127.36
5.16,21.23,1.0,Medium,Mini,Sunny,0,Airport,95.72,184.48,4.75,3.4,Pop,88.01,1,554.8
15.31,25.27,1.0,High,Mini,,0,SemiUrban,116.0,121.54,4.01,3.21,Classical,60.04,32,693.9
4.88,24.14,1.2,Medium,Mini,Sunny,0,Airport,100.15,246.56,3.95,3.58,Classical,95.28,31,734.96
30.9,101.99,1.0,Medium,Sedan,Rainy,0,SemiUrban,,130.67,4.44,3.14,Rock,36.69,33,1304.83
38.68,97.82,1.0,Low,SUV,Foggy,0,Urban,98.92,273.95,4.01,4.21,Classical,36.16,49,1587.46
38.83,156.84,1.2,Medium,Mini,Rainy,0,Urban,109.44,76.21,,4.7,Rock,85.58,15,1807.84
34.74,123.06,1.0,High,Sedan,Sunny,0,Airport,98.32,219.54,3.91,3.6,Rock,57.77,12,1609.81
24.43,,1.0,Low,SUV,Sunny,0,Airport,112.44,170.32,4.46,4.27,None,56.54,20,1207.29
28.33,65.99,1.2,Low,Sedan,Sunny,0,SemiUrban,93.15,201.77,4.7,3.26,None,55.92,65,1254.7
12.12,35.83,1.0,High,Mini,Sunny,0,SemiUrban,99.22,77.81,3.91,3.47,Pop,81.14,7,678.66
25.6,92.69,1.0,Medium,Premium,Rainy,0,Urban,107.03,292.82,,4.35,Classical,67.4,73,1548.87
18.77,70.89,1.5,Low,Mini,Rainy,1,Airport,109.0,228.61,4.85,4.84,Rock,18.91,86,1481.94
,86.31,1.0,Medium,Mini,Rainy,0,Urban,94.15,121.27,4.13,3.04,Rock,70.3,62,958.24
30.55,62.02,1.2,Medium,SUV,Sunny,1,SemiUrban,99.59,272.37,3.95,4.29,Rock,54.3,47,1607.38
11.99,40.88,1.0,Medium,Mini,Rainy,1,Airport,93.05,163.21,,4.41,None,11.82,46,837.4
13.4,58.86,2.5,High,SUV,Sunny,1,SemiUrban,115.03,96.51,3.13,4.19,Rock,31.75,47,2371.76
37.06,75.99,1.0,Low,Mini,Sunny,0,Urban,,157.66,4.25,3.86,Classical,76.4,34,1315.2
3.19,15.19,1.5,Medium,SUV,Sunny,0,Airport,98.51,129.83,3.05,4.98,Rock,92.89,95,1069.36
19.94,48.19,1.2,High,Sedan,Sunny,0,SemiUrban,104.49,227.11,,3.55,None,47.3,9,1204.61
36.6,80.35,1.0,High,Sedan,Sunny,0,SemiUrban,,55.32,3.65,3.93,None,71.36,68,1286.7
24.8,69.42,1.0,Low,Sedan,Sunny,0,Urban,94.93,270.05,3.87,4.35,Rock,4.9,79,1053.79
22.31,88.02,1.0,Low,Mini,Rainy,0,Urban,110.03,158.08,4.81,3.0,Pop,51.48,13,1034.22
10.74,25.64,1.0,Medium,Mini,Sunny,1,Airport,105.5,78.23,4.02,,None,50.51,76,660.75
14.39,59.07,1.0,High,Sedan,Sunny,0,Urban,105.42,241.97,4.17,3.79,Classical,99.53,98,1007.87
34.23,93.89,2.0,Medium,SUV,Rainy,1,SemiUrban,91.76,297.08,3.66,3.02,Pop,99.67,60,3029.11
22.81,70.41,1.0,Medium,Sedan,Sunny,0,Airport,92.4,275.68,4.97,3.05,Rock,47.43,41,1199.08
21.07,78.9,1.0,High,SUV,Sunny,0,SemiUrban,118.93,91.18,4.95,4.98,None,16.14,73,1024.32
4.88,27.09,1.5,Medium,SUV,Rainy,0,Airport,118.19,104.15,,3.22,Pop,50.94,95,1362.42
1.63,3.12,1.5,High,SUV,Rainy,0,SemiUrban,90.55,296.92,4.42,3.47,None,67.84,40,1211.72
38.58,143.41,1.0,High,SUV,Sunny,0,Urban,106.21,100.69,3.86,3.28,Rock,73.98,21,1654.45
15.7,40.42,1.5,High,Mini,Sunny,1,Urban,91.95,125.42,3.25,4.03,Pop,18.36,74,1160.82
24.53,53.39,1.2,High,Sedan,Sunny,0,Airport,113.79,205.71,4.82,4.47,None,75.33,65,1445.85
4.11,19.29,1.0,Medium,SUV,Sunny,0,SemiUrban,91.48,122.84,4.07,3.15,Classical,95.2,84,2805.51
27.64,75.52,1.0,Low,Mini,Rainy,0,Urban,106.48,145.34,4.12,4.17,None,17.2,19,1068.83
37.37,139.91,1.0,Medium,SUV,Sunny,1,Urban,108.58,235.32,3.21,3.71,Pop,47.74,13,1573.07
23.45,82.38,1.0,High,Mini,Sunny,0,Urban,92.88,198.33,4.59,3.98,Classical,86.45,81,1070.43
5.92,29.08,1.0,High,Sedan,Sunny,1,Airport,107.83,252.54,4.1,3.53,Rock,30.45,93,842.02
23.69,87.87,1.0,Low,Mini,Sunny,0,Urban,118.25,243.87,3.52,4.73,Rock,6.6,5,1021.18
30.89,84.71,1.2,Low,Sedan,Sunny,0,SemiUrban,92.92,249.82,3.34,3.9,None,97.37,52,1371.22
16.85,,1.5,Medium,Sedan,Sunny,1,Airport,110.54,94.46,4.23,3.32,Rock,71.92,15,1415.38
35.31,,1.2,Medium,Sedan,Sunny,0,Airport,98.14,114.24,4.73,4.58,Rock,14.96,80,1807.52
26.3,94.63,1.2,Low,SUV,Foggy,1,Airport,98.21,95.64,4.05,4.5,Rock,45.66,28,1544.57
36.07,127.35,2.0,Medium,SUV,Sunny,0,Airport,106.32,80.66,4.72,3.97,Rock,58.78,98,3171.2
25.32,109.33,2.0,Low,Sedan,Sunny,0,Airport,117.84,262.57,3.37,4.44,Rock,91.84,14,2686.99
6.12,24.01,2.0,Medium,Mini,Sunny,0,Airport,96.92,50.95,4.11,4.2,Pop,29.12,74,1056.15
13.08,42.22,1.0,Low,Sedan,Foggy,0,Urban,119.8,206.88,3.88,3.33,Classical,81.88,22,762.69
8.87,37.81,1.0,High,SUV,Rainy,0,Airport,92.74,268.22,3.65,5.0,Pop,0.12,83,1065.26
36.44,152.54,1.2,Medium,Sedan,Sunny,0,Urban,118.21,91.87,3.2,4.54,Classical,87.69,5,1779.58
30.66,77.85,1.0,Low,Sedan,Foggy,0,SemiUrban,90.54,282.91,3.41,4.33,None,75.99,7,1158.64
27.38,81.53,1.0,Medium,Mini,Foggy,0,Urban,94.87,289.37,4.78,4.66,Pop,94.2,12,1209.3
12.74,39.08,1.0,Low,Mini,Sunny,0,Airport,119.29,195.2,3.72,4.86,Rock,39.57,70,821.09
8.18,32.24,2.5,High,Premium,Sunny,0,SemiUrban,97.98,216.78,4.72,4.16,Rock,96.74,87,2488.82
30.5,109.85,1.0,Medium,SUV,Foggy,0,Airport,90.21,96.66,4.63,4.18,None,79.61,71,1468.33
19.49,,1.0,Medium,Mini,Sunny,1,Airport,116.55,296.04,3.61,3.05,Rock,14.31,27,1025.59
29.43,74.58,1.0,Low,Sedan,Sunny,0,Airport,117.42,234.87,3.96,3.83,Rock,23.16,10,4200.59
25.05,53.5,1.5,Low,Sedan,Sunny,0,Urban,112.33,179.05,3.91,4.02,Rock,80.43,80,1540.58
2.57,23.48,1.0,Medium,Sedan,Sunny,1,SemiUrban,118.19,175.24,4.79,3.47,Pop,45.9,42,516.46
13.72,43.52,1.0,Low,Sedan,Rainy,0,SemiUrban,97.97,204.49,4.23,3.72,Pop,76.1,17,824.71
19.27,63.68,2.5,Medium,Sedan,Sunny,0,SemiUrban,109.36,96.55,3.87,3.73,Classical,45.74,65,2201.68
6.77,20.02,1.5,Medium,Premium,Sunny,0,Urban,112.27,199.25,4.04,3.74,Classical,62.45,61,1354.68
39.4,107.49,1.5,Low,SUV,Sunny,1,Urban,119.21,67.48,4.68,4.91,None,33.81,62,2137.42
9.15,15.68,2.5,Low,SUV,Sunny,0,Urban,116.94,201.2,3.62,,Classical,47.36,83,1909.11
6.08,31.34,1.0,High,Sedan,Sunny,0,Urban,91.77,193.68,3.83,3.63,Pop,84.73,90,669.52
8.94,36.46,1.5,High,Mini,Rainy,1,SemiUrban,100.17,139.4,3.26,3.61,Pop,49.89,53,1026.64
30.99,120.68,1.0,Low,Sedan,Sunny,0,Urban,108.45,72.57,4.14,4.69,Rock,68.81,40,1199.16
17.59,43.5,1.2,Low,Sedan,,0,Airport,115.66,187.53,4.94,4.28,Classical,20.56,4,1346.87
23.05,45.64,1.0,Low,SUV,Sunny,1,SemiUrban,98.39,159.37,3.69,4.7,None,68.83,76,1034.55
1.82,18.81,1.0,Low,SUV,Sunny,0,Urban,90.24,128.1,4.88,4.29,None,10.43,59,521.84
2.34,13.6,1.0,High,Sedan,Sunny,0,Urban,95.61,157.0,4.61,4.83,Rock,61.13,33,525.12
18.39,87.67,1.0,Medium,Mini,Sunny,0,Airport,102.76,65.23,4.58,3.8,None,54.34,85,991.82
32.85,116.08,1.2,High,Mini,Rainy,1,Airport,91.83,71.31,4.49,4.68,Pop,41.93,92,1710.89
35.52,95.9,1.2,High,Sedan,Sunny,0,Airport,91.27,86.08,4.52,3.35,Pop,82.7,54,1711.66
4.38,27.4,1.2,Medium,Mini,Sunny,1,Airport,102.05,188.36,3.67,4.34,Pop,58.02,58,764.33
22.0,87.34,1.0,Medium,SUV,Rainy,1,SemiUrban,109.44,120.78,4.66,3.73,Pop,25.35,94,4738.93
36.62,84.11,1.0,High,Sedan,Rainy,0,Airport,111.32,108.78,4.95,4.05,None,51.09,3,1517.13
16.13,35.03,1.2,Medium,Premium,Foggy,1,Airport,105.98,207.62,3.21,4.47,Pop,79.74,42,1510.86
33.35,89.91,1.2,Low,Mini,Sunny,0,Urban,103.08,199.21,3.25,4.13,Rock,85.89,65,1448.96
6.21,25.01,1.0,Medium,Mini,Rainy,0,Airport,90.57,134.56,3.02,4.46,None,30.96,66,603.52
,123.27,1.2,Medium,Sedan,Rainy,0,Urban,97.88,284.3,,3.07,Pop,7.92,51,1849.71
30.31,64.19,1.5,High,SUV,Sunny,1,Airport,110.1,149.54,3.15,3.8,Pop,25.39,53,2056.5
37.71,143.73,1.0,Medium,Mini,Sunny,1,SemiUrban,103.49,97.39,4.04,4.91,None,89.02,95,1272.01
27.39,77.39,1.0,Low,SUV,Rainy,1,Urban,97.92,272.19,4.38,4.52,Classical,66.38,75,1382.39
15.17,54.68,1.0,Low,Sedan,Sunny,1,Urban,96.88,225.53,4.19,3.97,Rock,96.24,76,924.46
37.59,92.37,2.0,High,SUV,Rainy,0,Urban,90.52,237.22,4.21,4.42,Classical,4.13,56,3162.28
11.75,39.21,1.0,High,Mini,Sunny,0,Urban,114.75,262.24,4.92,3.05,Classical,35.11,2,725.41
13.95,56.92,1.0,Medium,Sedan,Rainy,0,Urban,116.34,249.05,3.6,3.59,Pop,40.85,84,946.61
28.33,,2.0,Low,Mini,Sunny,0,Airport,100.97,261.94,4.24,,None,33.21,49,2271.55
30.85,91.56,1.0,Low,Mini,Sunny,0,Airport,111.04,106.92,4.25,3.99,Classical,25.38,12,1247.55
37.25,102.07,1.2,Medium,Sedan,Sunny,0,SemiUrban,91.95,203.95,3.55,4.91,Classical,45.8,47,1615.5
8.99,26.59,1.0,High,Mini,Rainy,0,Airport,116.66,218.93,3.61,3.53,None,67.78,44,825.06
32.12,94.69,2.5,High,SUV,Sunny,0,SemiUrban,117.2,123.18,4.48,4.67,None,18.18,56,3381.55
29.8,120.54,1.5,High,Sedan,Sunny,0,SemiUrban,94.71,298.57,3.63,,Rock,79.09,59,2157.6
3.49,25.79,1.2,Medium,Mini,Sunny,0,Urban,113.42,251.82,3.46,3.01,None,21.48,77,773.53
16.1,22.19,1.0,High,Premium,Sunny,0,SemiUrban,104.2,278.66,4.97,3.27,Pop,97.02,48,1181.8
12.03,39.95,1.0,Low,Premium,Sunny,0,SemiUrban,110.43,88.02,3.19,3.52,None,78.11,55,891.33
12.88,45.37,1.2,Low,SUV,Rainy,0,SemiUrban,104.24,59.43,3.63,3.09,None,32.43,30,1152.62
,130.06,1.0,High,Sedan,Sunny,0,SemiUrban,92.36,57.15,4.68,3.42,Pop,58.51,5,1382.0
26.07,79.24,1.2,Low,Sedan,,0,SemiUrban,115.2,266.68,3.41,4.75,None,38.3,94,1347.52
28.99,,1.2,Medium,Mini,Rainy,0,Urban,92.57,186.6,3.51,4.83,Rock,99.8,22,1391.64
39.09,112.72,1.5,Medium,Mini,Foggy,0,SemiUrban,100.8,126.93,3.32,3.24,Pop,47.77,54,2018.09
15.71,51.11,1.0,Low,Sedan,Rainy,0,Urban,119.58,251.39,4.17,3.63,Pop,67.93,53,1023.47
32.27,128.09,1.2,Low,Sedan,Sunny,1,Airport,102.8,211.01,3.01,4.22,None,63.68,67,1743.7
,56.52,1.5,Low,Sedan,Sunny,0,SemiUrban,114.61,204.78,4.75,4.32,None,30.16,65,1326.65
34.91,104.28,1.2,Medium,Sedan,Foggy,0,Airport,95.07,249.4,3.75,3.06,None,38.45,66,1863.72
8.05,32.05,1.5,Low,Mini,Rainy,1,Airport,114.9,167.3,4.0,4.82,Classical,50.3,15,1119.05
37.96,149.88,1.0,Medium,Sedan,Sunny,1,SemiUrban,103.84,90.44,3.5,3.85,Pop,24.81,16,1424.83
9.53,27.64,1.5,Medium,Mini,Rainy,0,Airport,105.3,279.4,3.08,3.88,Rock,19.87,45,1372.27
13.72,54.58,2.0,Low,Sedan,Rainy,0,Urban,119.06,266.32,4.92,3.17,None,96.63,95,1881.36
30.49,70.2,1.0,Low,Mini,Foggy,0,Urban,116.58,112.16,4.76,4.05,Classical,28.31,33,1172.84
16.36,58.47,1.0,Low,Mini,Rainy,1,Airport,100.43,132.22,3.55,4.18,Rock,34.37,44,916.32
24.72,93.11,1.0,Low,SUV,Sunny,0,SemiUrban,118.48,255.04,3.2,3.91,Rock,82.11,7,1292.28
18.34,69.44,1.2,Medium,Mini,Foggy,0,Airport,93.09,293.06,3.9,4.78,Classical,78.39,78,1380.25
29.95,,1.2,High,Sedan,Sunny,0,SemiUrban,90.79,243.86,4.1,3.22,None,15.55,84,1503.28
9.9,,1.0,Low,SUV,Rainy,1,Airport,105.98,63.09,4.14,3.37,None,16.12,61,927.36
3.28,10.92,1.5,High,Mini,Sunny,1,SemiUrban,113.1,152.08,4.83,3.75,Pop,16.91,74,747.77
12.7,55.41,1.5,Medium,Sedan,Rainy,0,Airport,96.63,244.02,4.35,4.22,Pop,56.74,1,1472.89
19.5,86.15,2.0,Medium,Mini,Sunny,0,SemiUrban,92.41,166.5,4.23,3.85,Classical,82.25,61,1732.87
7.55,29.06,1.2,High,Mini,Foggy,0,Airport,115.37,218.97,3.17,4.7,None,73.63,63,1026.18
14.84,59.62,1.2,Medium,Sedan,Sunny,0,SemiUrban,119.59,59.09,4.05,3.43,Classical,38.63,74,985.02
16.6,50.08,2.0,Low,Sedan,Rainy,1,Urban,110.83,102.91,4.11,3.48,Pop,58.23,36,1815.25
3.24,21.08,1.0,Low,Mini,Sunny,0,Urban,119.26,239.76,4.26,4.78,Pop,70.45,33,596.8
23.75,61.18,1.2,Medium,Sedan,Rainy,0,SemiUrban,114.98,98.14,3.32,3.94,Pop,1.07,21,1240.33
35.49,82.85,1.2,Low,Mini,Sunny,1,SemiUrban,97.56,292.8,4.92,4.3,Rock,82.32,61,1442.92
6.92,50.42,1.0,Medium,SUV,Foggy,0,Urban,93.29,141.68,4.14,3.75,None,78.39,89,783.62
24.31,96.86,1.0,Medium,Sedan,Rainy,1,SemiUrban,114.27,98.56,3.83,3.75,Classical,73.87,56,1126.39
26.92,66.4,1.0,Low,Mini,Rainy,1,Urban,109.79,98.58,4.33,3.29,None,96.43,94,997.41
17.35,57.02,1.0,Medium,SUV,Sunny,0,Urban,114.39,93.77,3.29,4.77,None,0.81,81,945.82
,116.69,1.2,Medium,Mini,Sunny,0,Airport,111.55,136.86,3.87,4.65,Classical,82.46,43,1519.33
17.02,57.92,1.5,Medium,Mini,Rainy,0,Airport,105.15,195.4,4.44,4.07,Classical,46.85,15,1497.54
20.68,58.25,1.0,Low,Mini,Sunny,0,SemiUrban,118.22,270.78,4.88,3.08,Pop,75.87,35,876.31
1.29,1.35,1.0,Low,Sedan,Rainy,0,SemiUrban,112.61,283.38,3.89,3.45,Rock,3.03,73,581.72
27.98,79.49,1.2,Medium,Mini,Sunny,1,Urban,90.26,199.97,4.26,3.38,None,5.88,56,1330.58
26.79,105.78,1.0,High,Mini,Sunny,0,Urban,111.13,208.2,3.86,4.07,Pop,12.59,44,1186.11
2.5,13.99,1.0,Medium,Sedan,Foggy,0,Urban,106.32,180.24,4.05,3.32,Pop,18.5,15,643.77
15.36,34.87,1.0,High,Premium,Rainy,0,Airport,94.15,134.17,4.01,3.87,None,14.12,36,1369.45
39.18,153.72,1.0,Low,Sedan,Sunny,1,Urban,103.05,183.49,4.39,3.39,Classical,34.03,12,1487.44
17.41,62.79,1.0,High,Sedan,Sunny,0,Airport,105.73,91.37,4.31,3.57,Rock,30.88,53,1086.2
20.58,73.9,1.0,Medium,SUV,Foggy,0,SemiUrban,104.05,130.7,3.02,3.6,Classical,21.61,75,1048.75
36.49,154.64,1.5,High,Mini,Sunny,1,Airport,103.03,99.89,3.17,3.45,Rock,15.31,54,2301.14
28.97,69.9,1.0,Low,Mini,,1,SemiUrban,108.94,259.96,4.52,3.53,Classical,67.48,46,1060.46
23.7,64.26,1.0,Medium,SUV,Rainy,0,SemiUrban,109.76,90.75,3.32,3.31,None,47.61,45,1157.64
32.11,134.48,2.0,Medium,Sedan,Sunny,0,SemiUrban,110.93,236.73,4.54,4.55,None,95.19,34,2785.28
34.71,101.09,1.2,Medium,Mini,Sunny,0,Airport,112.84,66.6,4.63,4.95,Pop,82.42,11,1517.4
18.82,66.45,1.0,Low,Sedan,Sunny,0,SemiUrban,114.99,214.93,4.87,4.56,None,75.2,15,849.44
19.53,34.3,1.0,Low,SUV,Rainy,0,Airport,107.23,241.4,4.63,3.73,None,8.57,85,1250.26
16.06,40.56,1.2,Medium,Mini,Foggy,0,Airport,92.19,75.15,4.07,4.51,Rock,90.92,89,2594.46
38.7,128.81,1.2,High,Mini,Sunny,1,SemiUrban,100.94,243.01,3.42,3.13,None,97.32,3,1745.22
28.19,,1.0,Medium,Mini,Sunny,0,SemiUrban,90.11,196.48,3.26,3.71,None,7.26,88,961.0
4.25,19.87,1.0,Low,Sedan,Rainy,0,Airport,107.86,221.54,4.75,3.79,Rock,83.82,93,801.07
34.66,116.66,2.0,High,Sedan,Sunny,0,SemiUrban,119.25,230.82,3.78,3.03,Classical,42.04,97,2924.78
19.74,81.78,1.2,Medium,Mini,Foggy,0,Urban,114.81,90.8,3.1,4.9,None,31.85,27,1052.64
3.68,,1.0,Low,Sedan,Sunny,1,SemiUrban,104.59,249.48,3.69,3.93,Rock,67.76,77,499.03
22.44,68.32,1.0,Low,Sedan,,0,SemiUrban,111.25,245.46,4.74,4.98,Rock,31.58,65,1029.76
17.27,68.36,1.0,Medium,Mini,Rainy,1,Urban,,211.71,4.12,3.56,Pop,11.04,49,969.43
35.23,113.64,1.0,Low,Sedan,Sunny,0,Airport,107.85,176.18,4.28,4.96,Classical,69.81,16,1412.59
8.96,42.25,2.0,Low,Sedan,Sunny,0,SemiUrban,116.57,262.48,3.51,4.23,Classical,65.63,65,1431.19
33.23,116.66,1.0,Medium,Sedan,Sunny,1,Urban,99.66,270.17,3.04,3.83,None,78.84,76,1384.12
22.75,86.88,2.5,Low,SUV,Sunny,1,Urban,110.2,133.7,4.83,4.66,None,56.07,82,2756.62
3.13,22.11,1.0,Low,Mini,Rainy,1,Airport,91.94,183.22,3.15,4.08,Rock,79.82,85,630.64
38.9,143.45,1.0,Medium,Mini,Rainy,1,Airport,94.15,162.46,5.0,4.65,None,0.73,26,1625.89
20.99,58.22,1.0,Medium,Sedan,Sunny,1,Airport,118.15,156.29,4.74,4.01,Classical,76.89,20,1035.47
12.34,,1.2,Low,Sedan,Sunny,1,Urban,106.29,256.97,3.23,3.84,Rock,43.78,59,993.0
19.31,68.1,1.2,Low,Premium,Sunny,0,Airport,112.63,215.89,,4.22,None,57.21,54,1583.4
34.46,89.36,1.2,Medium,Mini,Rainy,1,SemiUrban,116.08,168.47,4.62,4.51,Classical,88.96,76,1638.37
12.89,27.62,1.2,Low,Mini,Rainy,0,SemiUrban,118.02,247.12,4.7,3.09,Pop,77.56,4,905.26
25.53,35.2,1.0,Medium,Sedan,Rainy,0,SemiUrban,92.69,285.78,4.62,3.81,Pop,65.09,65,2878.38
6.03,21.47,1.5,High,SUV,Sunny,0,Urban,111.05,151.92,4.86,3.34,None,14.69,2,1242.59
12.62,30.02,1.0,Medium,Sedan,Rainy,0,Airport,108.9,83.85,4.51,4.9,Classical,25.21,89,802.08
31.42,120.54,1.2,Low,SUV,Rainy,0,Urban,108.0,279.95,4.05,4.94,None,34.82,5,1879.69
19.39,57.91,1.0,Low,Mini,Foggy,1,Urban,94.36,289.34,3.0,4.82,Pop,93.38,64,871.26
9.87,31.87,1.0,Low,Sedan,Sunny,0,Airport,113.2,152.28,3.56,4.03,Rock,77.42,90,729.34
7.48,17.17,1.5,Low,Mini,Sunny,0,SemiUrban,99.47,212.1,4.2,4.51,Pop,50.06,29,695.39
13.98,41.87,1.0,Low,SUV,Sunny,0,Urban,96.67,72.62,3.62,4.84,Rock,75.9,95,722.36
37.66,122.63,2.0,Low,Mini,Sunny,0,Airport,111.22,61.61,3.82,4.74,Pop,26.31,19,2739.07
14.38,56.46,2.0,High,Sedan,Sunny,1,SemiUrban,96.46,73.61,3.22,4.07,Pop,14.98,2,1617.2
39.54,162.99,1.0,High,Mini,Rainy,0,Airport,104.96,243.62,4.96,3.3,None,58.69,64,1711.69
19.92,79.93,1.0,Medium,SUV,Foggy,0,Airport,99.53,164.76,3.23,4.82,Classical,42.49,58,1300.87
7.99,13.48,1.5,Low,Sedan,Sunny,0,SemiUrban,114.7,213.85,3.14,4.64,None,45.89,20,901.12
35.75,122.95,2.0,High,Premium,Rainy,0,SemiUrban,118.63,188.65,4.17,3.8,Rock,17.0,69,3562.96
18.95,,1.0,Low,Mini,Sunny,0,Urban,114.74,98.46,4.24,3.93,Rock,36.41,18,851.31
28.68,98.79,2.0,Low,Mini,Rainy,0,Urban,101.91,253.58,4.05,4.98,Classical,97.5,76,2381.52
39.36,138.29,2.0,Low,Mini,Sunny,0,SemiUrban,94.88,103.55,3.71,4.2,Classical,7.89,49,2610.01
2.96,7.0,1.2,Medium,Sedan,Foggy,1,Airport,110.95,95.58,4.85,3.34,Pop,98.39,71,732.82
14.31,71.97,1.5,Low,Mini,Sunny,1,SemiUrban,117.11,204.45,3.69,3.33,Rock,60.71,56,2789.3
29.1,114.02,1.0,Low,Sedan,Sunny,1,SemiUrban,102.04,267.32,3.62,3.13,Pop,41.27,16,1272.46
11.99,33.15,1.2,Low,Mini,Sunny,1,SemiUrban,91.22,266.54,4.89,4.18,None,0.2,63,870.7
8.19,29.19,1.0,High,Sedan,Sunny,0,Urban,93.73,159.61,,3.05,Rock,43.73,4,608.12
2.54,14.27,1.0,Low,Mini,Sunny,0,Airport,101.48,221.37,3.95,4.63,None,44.85,1,529.41
1.85,22.22,1.5,Low,Sedan,Rainy,0,Urban,104.98,256.33,3.52,3.64,Classical,23.59,99,853.46
31.2,102.05,1.0,Medium,Sedan,Rainy,1,Urban,98.72,104.06,3.26,3.68,Classical,85.75,15,1270.26
6.24,24.09,1.2,Low,Mini,Foggy,0,SemiUrban,104.62,148.74,4.6,4.52,None,37.55,13,702.65
19.24,81.15,2.0,Medium,SUV,,0,SemiUrban,118.76,208.35,4.45,3.21,Classical,11.11,64,2181.24
24.63,65.68,1.0,Low,SUV,Rainy,0,Urban,92.31,259.86,3.21,4.06,Classical,84.28,1,1233.03
17.71,54.72,1.0,Medium,Sedan,Rainy,0,SemiUrban,114.11,134.0,4.48,3.74,None,65.64,88,958.76
2.06,30.12,1.2,Medium,Sedan,Rainy,1,Airport,103.66,205.32,4.8,3.2,Rock,5.18,9,891.07
31.56,141.48,1.0,High,Mini,Sunny,1,Urban,,64.64,3.11,3.59,None,7.33,44,1162.18
1.41,10.68,1.5,Low,Sedan,Sunny,1,SemiUrban,119.08,283.13,3.82,4.26,None,97.48,80,818.56
30.71,93.1,1.0,Medium,Sedan,Sunny,0,Urban,103.79,274.0,3.82,4.33,Classical,86.76,36,1299.16
35.84,113.75,1.2,High,Mini,Sunny,1,Airport,92.88,280.54,4.62,3.25,Rock,88.21,65,1835.57
17.88,64.8,1.0,Medium,SUV,Rainy,0,Urban,114.84,292.07,,4.88,Classical,9.68,35,1206.26
21.89,54.72,1.0,High,Mini,Rainy,1,Urban,97.94,261.42,3.3,3.37,Pop,12.32,82,1086.71
19.6,79.96,1.0,High,Mini,Rainy,0,Urban,117.16,102.74,,4.33,None,98.72,37,1092.12
16.18,59.93,1.0,Medium,Sedan,Sunny,0,SemiUrban,92.46,195.31,4.7,3.65,Classical,99.15,33,830.96
35.61,,1.2,Low,Sedan,Sunny,0,Urban,96.84,94.94,4.97,4.41,Rock,46.74,15,1721.6
35.86,79.77,1.2,Medium,Mini,Sunny,0,SemiUrban,119.04,55.12,4.09,4.63,None,73.08,93,1266.55
14.1,73.41,1.0,Medium,Sedan,Rainy,1,SemiUrban,116.41,85.84,3.32,3.16,Pop,73.64,68,862.54
24.99,89.86,1.0,Medium,Mini,Sunny,0,Urban,96.56,260.45,4.81,4.59,None,99.0,10,1067.48
,94.06,1.2,Medium,SUV,Sunny,0,Urban,113.29,235.92,3.32,3.24,Pop,77.99,42,1850.88
38.52,,1.5,Medium,Sedan,Sunny,0,Urban,92.59,239.97,3.74,4.04,Pop,32.05,15,2059.7
20.85,49.59,1.2,Medium,SUV,Sunny,0,Urban,94.74,151.47,4.48,3.68,None,65.79,54,1174.11
18.66,71.44,1.0,Medium,Mini,Sunny,0,Urban,95.47,56.7,3.12,3.61,Classical,48.37,45,758.3
11.87,,2.0,Low,SUV,Foggy,0,Urban,91.3,129.44,3.97,,Rock,44.22,91,1588.6
38.4,81.19,2.0,High,Sedan,Sunny,0,Urban,104.54,163.79,3.81,4.35,Pop,47.5,35,2845.41
6.57,18.18,1.0,High,SUV,Rainy,0,SemiUrban,101.72,139.52,4.89,3.61,None,90.06,10,840.91
23.61,74.09,1.2,Medium,SUV,Foggy,0,Airport,107.69,175.33,4.09,4.01,Pop,34.0,14,1575.63
12.02,39.23,1.2,Low,Sedan,Sunny,0,Airport,110.66,203.07,4.78,3.03,None,66.1,84,1013.64
11.88,58.57,2.0,Low,Mini,Foggy,0,Airport,107.86,79.52,3.18,4.21,Pop,97.26,92,1588.79
16.79,50.34,1.2,Low,SUV,Sunny,0,Airport,98.35,276.97,4.12,4.35,Classical,33.14,78,1325.38
39.95,160.95,2.5,Low,Mini,Foggy,0,SemiUrban,92.48,190.01,4.38,3.12,Pop,69.76,36,3594.57
3.14,7.6,1.0,Low,Mini,Rainy,0,Airport,111.96,264.03,3.3,4.07,Pop,13.88,17,591.92
23.56,88.88,1.0,Low,SUV,Rainy,0,Urban,99.27,168.61,4.7,4.43,None,85.79,22,1220.44
4.22,6.17,1.5,Low,Mini,Sunny,1,SemiUrban,97.41,232.84,4.76,3.28,None,83.32,82,697.42
7.03,38.57,1.5,Medium,Mini,Rainy,1,Airport,110.72,273.78,4.36,3.09,None,21.01,9,1219.17
18.14,71.22,1.5,High,Sedan,,0,Airport,103.26,200.27,4.04,3.39,Rock,9.87,49,1802.03
20.91,65.14,2.0,Low,SUV,Rainy,0,Airport,96.14,152.19,4.39,3.7,Classical,12.68,50,2444.23
11.09,25.02,1.5,Medium,SUV,Sunny,1,Airport,113.0,193.95,3.57,3.85,Pop,89.65,55,1427.16
13.34,48.1,1.2,High,Sedan,Sunny,0,Airport,114.19,91.72,3.22,3.15,None,48.39,10,1105.92
4.39,34.33,1.2,High,Mini,Sunny,1,Airport,119.56,225.61,4.1,4.96,Rock,74.87,17,917.19
12.83,54.91,1.2,Low,Sedan,Rainy,1,SemiUrban,104.04,59.35,3.97,4.38,Pop,48.71,67,914.61
38.7,132.77,1.0,Low,Sedan,Sunny,0,Urban,91.1,163.12,3.85,3.27,Pop,87.22,45,1399.8
37.84,134.06,1.2,Low,Mini,Foggy,1,Airport,105.52,186.49,3.38,4.59,Rock,46.56,26,1795.08
14.06,35.5,1.0,Low,SUV,Sunny,0,Airport,90.7,150.66,3.38,3.64,None,86.75,75,877.07
23.26,,1.0,Medium,Mini,Sunny,0,Airport,118.43,170.71,4.97,3.75,Rock,27.03,14,1036.83
36.47,,1.0,Low,Mini,Sunny,0,SemiUrban,95.24,93.93,4.85,3.14,Rock,6.36,77,1132.91
1.24,-1.61,2.0,Medium,Mini,Rainy,0,Airport,117.76,69.54,3.51,3.85,Pop,28.69,77,991.98
32.62,124.9,1.0,Low,SUV,Sunny,0,SemiUrban,118.5,160.79,3.12,3.16,Classical,61.67,97,1429.35
37.99,111.86,1.0,Medium,Mini,Sunny,0,SemiUrban,113.26,283.44,3.65,4.36,Classical,86.31,18,1445.96
13.68,17.93,1.0,Low,Sedan,Sunny,0,Urban,92.62,94.95,4.69,3.69,Pop,27.16,11,1570.7
7.3,4.81,1.0,Medium,SUV,Rainy,0,SemiUrban,106.75,120.79,3.45,3.59,Rock,7.82,45,737.21
38.47,142.18,1.0,Medium,Mini,Rainy,1,Urban,,269.76,4.97,4.3,None,43.28,2,1633.05
21.96,105.14,1.0,Medium,Mini,Sunny,0,Airport,114.61,116.87,3.41,4.38,Classical,93.05,94,1113.68
1.55,,1.0,Low,Mini,Sunny,1,Airport,99.07,146.43,4.12,4.28,None,43.43,80,488.29
11.05,40.93,1.5,Low,Sedan,Sunny,1,Airport,103.54,75.45,4.98,4.58,Classical,32.11,25,1124.05
18.55,59.43,1.5,Low,Sedan,Sunny,0,Airport,107.21,61.66,3.26,4.28,Pop,69.32,99,1362.24
,85.75,1.0,Medium,Sedan,Rainy,0,SemiUrban,91.06,215.1,3.4,4.89,None,41.71,7,1142.6
29.59,61.06,1.2,Low,Mini,Rainy,1,Urban,108.27,87.21,,4.13,None,69.9,14,1265.81
39.82,116.67,1.2,Medium,Sedan,Sunny,1,SemiUrban,100.33,189.64,4.58,4.77,None,12.01,62,1734.93
12.21,53.03,1.5,Low,Premium,Sunny,0,Airport,105.88,157.56,4.4,4.92,None,45.76,57,1672.57
21.99,99.97,1.2,Low,SUV,Sunny,0,SemiUrban,93.74,73.59,4.18,3.33,Pop,8.09,81,1313.82
21.8,66.5,1.0,Medium,Sedan,Rainy,0,Airport,100.07,157.23,3.86,4.35,None,69.74,32,1140.34
16.82,57.65,1.2,Medium,SUV,Sunny,0,Urban,107.45,112.05,4.57,4.31,Classical,75.98,87,1102.56
7.6,25.74,1.0,Low,Premium,,0,SemiUrban,107.15,264.62,3.28,4.74,Classical,14.16,75,884.54
39.12,150.73,1.0,Medium,Sedan,Sunny,0,Urban,94.74,115.72,3.49,3.67,Pop,6.36,72,1465.52
34.28,93.05,1.0,Medium,Mini,Sunny,0,SemiUrban,102.44,224.65,4.58,3.79,Rock,40.81,13,1249.57
20.43,58.08,1.5,Low,SUV,Rainy,0,Urban,105.59,221.16,3.56,3.09,Pop,83.41,67,1758.92
24.53,102.18,1.2,Low,SUV,Sunny,1,SemiUrban,92.44,98.29,3.28,4.53,Classical,22.84,81,1344.69
9.86,,1.0,Medium,Mini,Rainy,1,SemiUrban,107.98,188.92,4.69,3.53,Pop,57.58,91,650.0
22.21,55.41,1.5,High,SUV,Foggy,0,Airport,96.95,260.35,4.54,4.86,Rock,18.64,58,2009.13
28.1,66.29,2.0,Low,Mini,Sunny,1,SemiUrban,117.61,75.1,4.28,4.33,None,65.3,83,1820.29
21.09,82.09,1.0,Medium,Mini,Sunny,0,Urban,98.06,202.64,4.31,3.67,Rock,19.33,28,975.4
39.62,74.7,1.0,High,Mini,,1,Urban,113.62,92.39,4.33,4.64,None,36.11,30,1381.83
24.84,98.77,1.2,Medium,Mini,Rainy,0,Urban,,110.2,4.46,4.63,Rock,72.37,66,1237.75
15.47,45.23,1.0,Low,Sedan,Foggy,0,Airport,110.56,212.08,3.63,3.32,Pop,64.42,13,930.5
,56.69,1.2,Medium,Sedan,Rainy,1,Urban,,209.53,4.73,4.08,Classical,43.57,81,1438.75
7.65,29.41,1.5,Low,Sedan,Rainy,0,Airport,115.43,216.15,3.52,3.02,Pop,35.21,82,1314.3
16.0,38.08,1.0,Low,Sedan,Foggy,0,Urban,93.83,185.65,3.83,3.69,Rock,89.08,34,757.19
14.53,54.03,1.0,Low,Sedan,,0,Airport,118.01,245.98,4.02,4.39,None,14.75,75,1042.19
17.84,71.7,1.0,Low,Mini,Rainy,1,Urban,94.16,212.1,4.61,3.66,None,47.63,58,905.62
31.49,91.08,1.2,Low,SUV,Sunny,1,Airport,99.49,103.34,3.87,3.27,Classical,49.69,64,1594.43
19.88,47.11,1.0,Medium,Sedan,Sunny,1,SemiUrban,105.69,75.34,4.02,4.15,Rock,33.35,49,857.45
31.97,96.41,1.2,High,Sedan,Rainy,1,Urban,118.0,52.55,4.7,4.92,Rock,86.25,84,1642.13
23.48,103.76,1.0,Low,Sedan,Sunny,1,Airport,108.82,51.75,5.0,3.83,Pop,0.9,31,1129.22
,43.47,1.0,Low,Premium,Rainy,0,Airport,116.25,76.58,4.59,4.84,None,84.01,39,1103.16
32.59,120.16,1.2,Medium,Mini,Sunny,0,Airport,118.25,158.56,3.6,4.81,Classical,24.55,9,1599.39
10.29,40.41,1.2,Medium,Mini,Sunny,0,Airport,112.45,51.47,3.22,4.34,None,1.52,29,804.94
9.75,39.96,1.2,Medium,SUV,Rainy,0,Urban,104.46,145.67,,3.14,None,51.77,20,1130.04
20.68,50.11,1.0,Medium,Sedan,Sunny,0,Airport,101.64,244.32,4.37,4.31,Rock,26.92,53,1143.15
11.17,33.34,1.0,High,Mini,Rainy,1,Urban,98.26,82.13,3.98,4.18,Pop,44.63,64,663.91
1.35,15.5,1.5,Low,Sedan,Sunny,0,SemiUrban,105.2,246.98,4.45,4.16,Rock,31.31,60,739.87
26.28,102.0,1.5,Low,Sedan,Rainy,0,SemiUrban,91.44,97.5,3.13,3.68,Rock,30.66,72,1778.27
20.93,70.1,1.5,Low,Sedan,Sunny,0,SemiUrban,96.84,107.02,4.99,4.5,Pop,74.66,98,1427.87
18.38,46.78,1.0,Medium,Sedan,,0,Urban,100.75,111.01,3.97,4.77,Classical,81.4,65,861.35
38.71,100.25,1.0,High,Premium,Rainy,0,SemiUrban,115.6,130.95,4.13,,Pop,73.19,95,1766.11
23.28,58.14,1.2,High,Premium,Sunny,0,Urban,101.28,175.27,4.07,3.3,Pop,53.01,54,1689.25
34.67,135.14,2.0,High,Premium,Sunny,0,SemiUrban,97.19,220.16,4.09,4.57,None,62.79,32,3404.0
6.44,34.08,2.0,Low,Sedan,Sunny,0,SemiUrban,113.48,244.01,4.56,3.31,Classical,97.49,53,1288.07
23.2,82.56,1.5,Medium,Mini,Sunny,1,Urban,118.29,55.4,3.14,4.6,Pop,28.85,65,1440.69
34.85,90.34,1.0,Low,Sedan,Foggy,1,SemiUrban,113.24,86.37,4.84,4.22,None,9.08,42,1217.5
23.74,81.4,1.5,High,Sedan,Sunny,1,Urban,93.77,237.08,3.69,3.69,Classical,73.54,98,1627.84
29.0,121.27,2.0,Low,Mini,Sunny,1,Urban,99.61,243.11,4.25,4.13,Classical,33.03,28,2387.52
15.51,58.91,1.0,Low,Sedan,Rainy,1,SemiUrban,108.09,286.09,3.12,4.65,Classical,34.31,30,945.38
4.61,27.03,1.0,High,Sedan,Sunny,0,Urban,95.88,122.78,3.98,4.02,Rock,94.16,12,628.33
18.86,63.0,1.2,Medium,SUV,Sunny,1,Airport,109.1,106.35,4.63,3.95,Classical,27.36,27,1297.56
16.38,59.1,1.0,High,Mini,Sunny,0,Airport,97.08,193.44,3.63,3.42,None,2.37,10,925.33
34.82,133.78,1.2,Low,Sedan,Sunny,0,SemiUrban,106.28,69.7,3.72,3.73,Pop,8.3,65,1554.06
10.52,43.22,2.0,High,Sedan,Rainy,1,Airport,111.2,231.31,4.29,4.04,Rock,78.43,9,2016.42
38.7,98.06,2.0,Medium,Mini,Rainy,0,SemiUrban,113.6,169.55,3.14,3.23,Classical,82.57,57,2699.99
38.37,142.8,2.0,Medium,Mini,,0,Urban,114.02,227.51,3.77,4.42,None,44.67,77,3095.36
10.66,32.25,1.2,Medium,Mini,Rainy,1,Urban,113.24,89.66,4.56,4.79,Rock,21.72,80,861.37
14.57,71.2,1.0,Medium,Mini,Rainy,0,Airport,94.11,166.21,4.34,4.58,Pop,75.42,88,968.37
35.93,97.49,1.2,Medium,Mini,Rainy,0,Airport,119.68,136.31,4.09,3.97,None,14.89,47,1719.45
38.7,129.22,1.0,Low,SUV,Foggy,1,Airport,,167.84,4.17,3.02,Pop,13.49,24,1692.25
18.29,48.34,1.0,Medium,Mini,Sunny,0,Urban,93.12,189.49,3.51,3.91,Rock,8.32,50,819.19
13.52,50.31,1.5,Medium,SUV,Sunny,1,Airport,,221.16,4.89,3.25,Pop,7.55,6,1654.12
21.52,63.98,1.0,Low,SUV,Sunny,0,SemiUrban,104.1,266.7,4.99,4.48,None,45.51,30,1071.47
27.82,103.21,1.0,Low,Sedan,Sunny,1,Urban,102.84,108.25,3.33,3.25,Classical,21.22,15,1079.14
11.67,36.9,1.0,Medium,Mini,Sunny,0,Airport,110.3,156.72,3.15,3.25,Rock,26.71,9,722.93
29.72,126.43,2.0,Low,Sedan,Rainy,0,Urban,95.04,78.28,3.35,4.03,Classical,53.6,18,2533.23
3.01,26.17,1.0,Low,Mini,Sunny,0,Urban,119.98,133.55,3.63,3.48,None,44.97,53,460.43
,24.99,1.0,High,Mini,Sunny,1,SemiUrban,106.33,144.98,4.42,3.48,Rock,28.18,50,453.0
16.07,72.88,2.5,Low,Sedan,Sunny,0,SemiUrban,107.84,160.33,4.07,4.92,Pop,97.15,40,2108.37
14.79,36.19,1.2,Low,Mini,Sunny,1,Airport,102.76,281.71,3.11,3.59,None,14.46,34,968.43
13.31,38.28,1.0,Medium,Sedan,Sunny,0,Urban,108.18,277.48,4.01,4.84,Classical,61.73,72,826.97
20.15,63.51,1.2,Medium,Sedan,Sunny,1,SemiUrban,109.92,67.27,,3.47,Classical,91.18,78,992.04
13.51,41.94,1.0,Low,SUV,Sunny,0,SemiUrban,100.36,153.46,3.27,4.8,Pop,3.5,78,846.74
8.5,38.92,1.0,High,Mini,Sunny,0,Airport,103.86,130.01,3.17,3.41,None,63.8,84,710.95
13.07,58.41,2.0,Medium,Mini,Rainy,1,Urban,97.67,140.27,3.84,3.35,Pop,85.03,29,1577.98
39.02,104.19,1.0,Low,Sedan,Rainy,1,Airport,113.16,237.65,4.55,3.56,Rock,4.18,23,1565.08
17.03,51.77,1.2,Low,SUV,Sunny,0,Airport,112.12,99.3,3.33,3.84,Rock,71.52,23,1279.63
18.34,62.47,1.2,Medium,SUV,Rainy,0,Airport,114.33,238.96,,3.42,Rock,78.35,66,1543.35
23.49,80.46,1.0,Low,Sedan,,0,Urban,111.08,279.27,4.68,4.23,Pop,6.75,77,1195.88
39.35,138.86,1.2,High,Sedan,Sunny,0,Urban,90.6,223.44,3.51,3.94,Pop,4.83,87,1851.87
10.42,26.64,1.0,Low,Sedan,Sunny,1,Airport,95.73,152.87,3.24,,None,48.44,59,758.74
27.57,123.13,1.0,Medium,Mini,Foggy,0,Airport,101.66,65.66,4.81,4.33,Classical,70.92,64,1272.85
28.92,70.69,1.2,Medium,Sedan,,0,Airport,97.03,76.02,3.77,,Rock,39.68,48,1436.86
24.69,75.08,1.0,High,Sedan,Sunny,1,Urban,105.95,228.72,3.84,3.19,None,82.3,60,1163.84
,17.3,1.2,Low,Mini,Sunny,0,Airport,116.94,78.39,4.94,3.71,None,82.88,20,661.99
27.4,86.82,1.0,Medium,SUV,Sunny,1,SemiUrban,112.14,153.57,,4.04,Classical,16.0,57,1270.53
3.5,21.28,1.2,Low,SUV,Sunny,0,Airport,,267.88,4.82,3.36,Pop,7.1,2,966.88
24.25,71.72,1.5,High,Mini,Sunny,0,Airport,101.93,184.03,3.61,3.99,Classical,31.11,36,1815.38
29.84,55.9,1.0,Medium,Premium,Sunny,0,Urban,91.56,134.19,4.21,3.25,Rock,19.44,81,1365.96
9.23,45.32,2.0,Low,Mini,Rainy,0,Urban,90.19,107.73,3.93,3.7,Rock,80.08,48,1283.39
33.82,60.93,1.2,Medium,Mini,Rainy,0,SemiUrban,102.75,185.01,5.0,4.68,Rock,53.29,57,1448.8
2.18,3.85,2.5,Low,SUV,Foggy,1,Airport,111.84,135.03,3.97,3.09,None,65.98,73,1761.93
33.91,61.39,1.0,Low,Sedan,,0,Urban,115.82,289.73,4.37,3.07,Classical,75.79,49,1257.16
18.95,,2.0,Medium,SUV,Sunny,0,Urban,102.94,53.38,3.4,3.8,Pop,86.54,38,2058.27
9.49,28.46,1.2,Low,Mini,Sunny,0,Urban,95.41,286.31,3.28,4.83,Rock,57.51,77,742.67
6.22,39.17,1.5,High,SUV,Sunny,1,Urban,97.84,102.83,3.2,4.23,Pop,59.85,37,1089.39
38.18,134.27,2.0,Low,SUV,Sunny,0,Urban,103.36,193.55,4.14,4.37,Rock,67.53,99,2990.05
3.83,27.7,1.2,Medium,Sedan,,1,Urban,109.49,115.93,4.75,,None,62.5,73,706.8
8.76,30.8,2.0,High,Sedan,Sunny,0,Airport,106.28,254.38,4.75,4.55,None,89.66,30,1817.04
14.57,39.96,1.2,Low,Premium,Sunny,0,Urban,115.22,224.77,3.14,3.82,Rock,7.58,53,1348.93
25.19,72.09,1.2,Low,Sedan,Foggy,0,Airport,90.56,108.59,4.59,4.5,None,29.04,5,1444.55
22.25,73.74,1.0,Low,Sedan,Sunny,0,Airport,119.76,191.23,4.76,4.87,Pop,2.75,20,1064.31
5.9,26.67,1.0,High,Sedan,Rainy,1,SemiUrban,117.88,277.15,4.61,3.69,None,86.93,36,704.63
12.3,,1.2,High,Mini,Rainy,0,SemiUrban,94.49,106.01,3.05,3.82,Classical,49.42,29,806.71
10.31,34.44,2.5,Low,Premium,Sunny,0,SemiUrban,91.45,253.46,4.41,3.35,Rock,82.75,87,2413.89
9.33,34.64,1.5,Low,Mini,,1,Airport,108.53,248.24,3.74,,Classical,58.52,94,1086.98
17.03,47.77,1.5,High,Sedan,Rainy,1,Airport,111.64,145.71,4.46,,Classical,11.19,9,1641.88
28.46,64.05,1.2,Medium,Sedan,Sunny,0,Airport,104.26,59.59,3.92,4.18,Rock,7.72,71,1349.68
9.48,,1.0,Medium,Sedan,Foggy,0,Urban,98.35,91.73,4.34,4.43,Rock,3.93,75,627.41
15.3,52.69,1.0,Medium,Mini,Rainy,0,SemiUrban,109.17,168.51,3.55,3.34,None,28.45,77,829.17
16.25,34.81,1.0,Medium,Sedan,Sunny,0,Urban,109.08,167.65,3.29,4.51,None,92.4,90,849.45
39.08,143.5,1.0,High,SUV,Rainy,1,SemiUrban,,76.45,4.84,3.63,Classical,75.01,74,1606.43
38.23,115.12,1.2,High,Sedan,Sunny,0,SemiUrban,113.98,121.7,,4.24,Classical,30.85,85,1681.94
32.21,76.31,1.5,High,Mini,Rainy,0,Urban,112.49,144.46,4.89,4.7,Classical,35.72,81,1923.63
10.42,43.45,1.0,High,Sedan,Rainy,0,Airport,92.54,254.17,,4.23,None,57.72,61,1026.43
3.65,16.97,1.0,Low,Sedan,Sunny,0,SemiUrban,103.87,274.58,3.46,3.34,Classical,87.61,61,538.52
13.36,35.58,1.0,Low,Sedan,Rainy,0,Airport,101.8,200.89,4.4,4.0,Pop,76.33,70,936.83
,52.98,1.0,High,Mini,Rainy,0,Urban,103.87,118.42,4.12,3.51,Rock,88.38,18,910.46
20.73,77.66,1.2,Low,Mini,Rainy,0,SemiUrban,103.84,221.41,3.55,4.11,None,1.53,72,1148.41
31.33,133.06,1.0,Medium,Sedan,Rainy,0,Airport,105.72,286.17,4.73,3.16,Pop,97.69,56,1592.76
34.47,116.71,1.0,High,Sedan,Rainy,0,SemiUrban,98.32,77.52,4.56,4.96,Rock,24.38,60,1427.29
33.95,119.1,2.0,Medium,Sedan,Foggy,0,Airport,104.09,120.21,,4.24,Pop,32.57,91,2921.66
15.03,54.74,1.0,Low,Mini,Rainy,1,Airport,92.98,186.7,4.14,3.76,None,64.49,87,923.78
27.8,66.1,1.5,Low,Mini,Foggy,1,Airport,95.3,135.26,4.54,3.69,None,81.94,36,1610.64
13.2,48.87,1.2,Low,SUV,Sunny,1,Urban,92.64,266.1,3.32,4.16,Rock,34.11,33,1158.13
3.38,11.36,1.0,Medium,Sedan,Sunny,0,SemiUrban,95.59,115.35,4.98,4.34,None,69.28,49,415.2
28.36,62.08,1.5,Low,Mini,Sunny,1,Airport,90.13,270.72,4.21,3.47,None,92.46,68,1745.17
1.38,3.69,1.2,High,Mini,Sunny,0,Urban,91.13,258.14,4.72,4.1,Rock,54.03,46,652.35
16.96,43.31,1.0,Low,Mini,,0,Airport,113.9,92.02,4.09,4.71,Classical,55.21,95,771.82
,41.79,1.0,Medium,Sedan,Sunny,1,Airport,95.97,73.51,3.62,4.62,Pop,70.47,55,784.94
28.04,94.15,1.5,Low,Sedan,Sunny,0,Urban,105.6,219.23,4.67,,None,12.82,60,1797.83
30.88,131.07,1.0,Medium,Mini,Sunny,0,Urban,101.11,149.82,3.89,3.77,None,71.27,74,1283.94
12.86,30.78,1.0,Low,Sedan,Rainy,1,SemiUrban,99.87,108.08,4.17,4.58,Pop,15.98,75,640.91
32.65,125.25,1.0,Low,Mini,Sunny,1,Urban,115.71,278.74,4.15,3.62,None,96.09,17,1302.17
12.46,,1.0,Medium,Mini,Sunny,0,Airport,,72.17,3.12,4.54,Pop,18.04,81,766.54
18.41,51.94,1.5,High,SUV,,0,Urban,105.5,257.76,3.68,4.42,Pop,45.68,76,1634.04
29.35,103.87,1.5,Low,Sedan,Sunny,0,Urban,103.77,190.32,3.67,3.37,None,79.46,2,1797.71
28.02,102.02,1.2,Low,SUV,Sunny,1,Airport,98.07,80.49,3.09,4.39,None,31.77,5,1522.62
39.51,152.02,1.0,Medium,Mini,Rainy,1,Airport,110.5,143.77,3.21,4.67,Classical,52.36,11,1567.99
9.78,39.2,2.0,High,Mini,Sunny,0,SemiUrban,91.42,183.59,4.14,4.81,Rock,6.83,34,1365.27
26.83,54.71,1.2,Low,Sedan,Foggy,1,Airport,98.44,93.07,,3.49,Classical,73.61,91,1324.52
24.78,62.81,1.5,Low,Sedan,Sunny,0,Urban,109.85,81.93,4.0,4.99,None,10.52,70,1465.54
36.69,123.57,1.0,Low,Sedan,Sunny,1,Urban,91.0,118.23,3.97,3.98,None,72.84,23,1388.12
7.1,21.82,1.2,Low,Sedan,Rainy,0,Airport,90.77,190.28,4.31,3.5,Pop,12.16,79,938.94
30.32,68.12,2.0,Low,Mini,Sunny,1,SemiUrban,101.18,243.0,4.7,4.44,Pop,13.18,61,2075.78
23.16,71.06,1.0,Low,Sedan,Sunny,0,SemiUrban,97.54,290.42,3.45,4.43,None,72.69,91,1088.52
11.71,43.24,1.5,Medium,SUV,Sunny,0,Airport,111.03,87.09,3.72,4.23,None,32.56,91,1420.19
19.5,72.4,1.2,Medium,Sedan,Rainy,0,Urban,112.68,52.14,4.11,3.29,Pop,29.35,17,1182.08
14.02,61.79,1.0,Low,Mini,Sunny,1,Airport,91.09,295.47,4.48,3.06,Pop,29.14,71,797.59
23.59,81.86,1.5,Medium,Sedan,Rainy,0,Urban,103.09,84.27,3.77,4.47,None,58.77,70,1638.68
35.67,86.02,1.0,Low,SUV,Sunny,0,Urban,118.3,238.0,3.53,3.7,Pop,50.63,99,1361.38
23.2,60.76,1.5,Low,Mini,Sunny,1,Urban,99.39,243.41,4.35,3.2,Classical,7.88,36,1403.64
25.64,97.49,2.5,Low,Sedan,Foggy,0,Airport,95.91,71.1,4.33,4.86,Classical,65.03,38,2968.66
21.23,89.37,2.5,Low,Premium,Rainy,0,Urban,105.64,252.82,4.51,,None,75.47,81,3482.97
,11.77,1.5,High,Mini,Rainy,1,Airport,103.53,112.39,4.0,4.28,Rock,15.79,92,937.83
10.08,30.75,1.2,Low,Mini,,0,Airport,96.59,248.34,3.15,3.49,Rock,23.0,60,944.19
20.19,,1.2,Medium,Sedan,Sunny,0,SemiUrban,96.8,129.63,4.18,4.97,Rock,79.46,65,1119.84
13.1,54.27,1.5,Medium,Mini,Rainy,0,SemiUrban,110.6,237.64,3.63,3.48,Classical,47.18,85,1198.28
8.09,38.23,1.0,Medium,Mini,Sunny,1,SemiUrban,99.69,260.01,5.0,3.02,None,32.67,31,569.73
20.66,76.67,1.0,Medium,Mini,,0,Airport,119.58,51.1,4.16,4.8,None,32.54,22,1036.85
13.59,42.93,1.2,Low,Mini,Sunny,0,Airport,98.69,180.81,3.88,3.39,Pop,96.86,40,1009.47
11.07,41.21,1.0,Low,SUV,Rainy,0,Airport,106.44,135.48,4.52,4.26,Classical,41.22,41,955.49
19.1,55.65,2.0,Low,Sedan,Rainy,0,SemiUrban,92.19,260.97,4.96,3.48,Pop,72.56,74,1963.74
6.2,8.87,1.2,Medium,Mini,Sunny,1,Urban,106.16,170.69,3.99,3.89,None,23.81,92,552.83
37.18,128.6,1.0,Medium,SUV,Sunny,1,Urban,103.82,145.58,3.66,3.81,Classical,47.39,27,1466.11
34.84,145.83,1.0,Medium,Sedan,Sunny,0,SemiUrban,100.48,86.93,3.96,3.75,Pop,92.49,77,6057.93
28.6,103.15,2.0,Low,Sedan,Sunny,0,SemiUrban,102.89,120.78,4.39,3.64,None,7.05,65,2268.75
5.14,16.67,2.0,High,Mini,Sunny,0,Urban,95.35,298.51,4.35,3.03,None,8.86,52,1245.72
31.26,,1.0,Low,Sedan,Sunny,0,SemiUrban,114.61,264.17,4.49,3.43,Classical,66.63,86,1204.99
32.51,71.61,1.5,Low,Mini,Rainy,0,Airport,117.65,126.63,4.24,4.99,Rock,5.79,87,1876.56
30.94,94.51,1.2,High,Mini,Rainy,0,Airport,115.12,204.51,4.91,3.02,Classical,45.59,53,1766.75
5.44,12.06,1.2,Low,Mini,Sunny,0,SemiUrban,114.15,299.47,3.73,,None,45.01,34,606.92
26.11,89.23,1.5,High,Mini,Rainy,1,Airport,106.45,222.29,3.0,3.06,Classical,23.41,75,2121.36
33.54,74.48,1.0,Low,Sedan,Sunny,0,Airport,100.01,134.73,3.3,4.03,Pop,57.33,22,1245.6
23.52,101.77,1.2,Low,Mini,Sunny,0,Airport,95.16,60.14,3.09,3.07,Classical,61.53,49,1267.46
26.21,78.28,1.0,Low,Sedan,Sunny,1,Urban,114.59,249.82,,4.07,Rock,8.62,5,1123.43
18.88,78.91,1.0,Medium,Mini,Sunny,0,SemiUrban,91.3,121.38,3.43,3.65,Rock,65.77,10,800.34
21.62,66.79,1.0,Medium,Sedan,Foggy,0,Airport,95.43,85.92,3.54,4.76,Rock,86.32,73,971.47
2.34,2.76,1.0,Low,Mini,Sunny,1,SemiUrban,102.05,78.83,3.05,3.72,Rock,39.81,57,265.65
25.92,117.84,1.2,Low,Sedan,Rainy,0,Airport,95.84,76.78,3.56,4.64,Classical,1.16,81,1485.21
4.18,16.88,1.0,Low,Mini,,1,Urban,107.49,78.49,3.3,4.41,None,51.0,80,465.77
,58.42,1.2,Low,Mini,Sunny,1,Airport,111.73,178.99,3.17,4.94,Classical,2.12,74,1065.25
12.41,48.01,1.2,High,Mini,Sunny,0,Urban,117.27,240.89,4.16,3.89,Classical,90.76,55,1034.46
22.27,66.21,2.0,Low,Sedan,Sunny,0,Airport,96.31,273.18,3.39,4.91,None,44.55,21,2225.57
6.2,21.18,1.2,Medium,Mini,Sunny,0,Urban,98.39,221.52,3.16,4.29,Pop,1.83,66,681.37
27.97,103.92,2.5,Low,Sedan,Foggy,1,Airport,111.5,73.92,3.36,3.77,Classical,47.62,47,3199.93
32.01,65.05,1.0,Low,Mini,Sunny,1,Airport,96.51,286.77,4.74,3.98,Rock,57.64,36,1237.01
7.37,36.37,1.5,Medium,SUV,Foggy,0,Urban,101.51,51.43,,4.46,Classical,90.67,33,1200.43
5.07,15.98,1.0,High,Sedan,Sunny,1,Airport,112.6,238.08,,4.77,Classical,22.53,73,742.62
6.68,21.94,1.5,High,Mini,Sunny,1,Airport,101.28,295.59,3.54,3.81,Pop,57.27,17,1136.86
35.21,,1.0,Medium,Mini,Sunny,0,Airport,94.39,273.59,4.03,4.89,Rock,53.35,97,1502.13
21.6,,1.2,Low,Mini,Rainy,0,Urban,98.08,229.03,4.47,3.96,Classical,10.76,12,1182.5
19.22,64.02,1.0,Low,SUV,Sunny,1,SemiUrban,92.43,181.22,4.19,4.54,None,96.17,13,923.62
5.16,12.11,1.0,Medium,Mini,Sunny,0,Airport,110.23,299.88,4.07,4.82,Rock,30.76,46,712.14
26.33,67.92,1.5,Low,SUV,Sunny,0,Airport,91.37,206.3,3.73,3.44,Pop,72.41,65,1937.39
34.85,94.13,2.0,High,Sedan,Sunny,1,Urban,107.22,257.65,,3.4,None,78.51,40,2823.89
,124.57,1.0,Medium,SUV,Sunny,1,SemiUrban,,95.41,4.71,4.36,Rock,68.99,86,1455.1
25.42,101.22,2.0,High,SUV,Rainy,0,Airport,115.8,209.98,3.38,,Classical,11.81,74,3057.2
3.94,24.76,1.0,Medium,Premium,Sunny,0,Airport,92.19,53.34,4.65,4.66,Pop,37.81,48,850.72
5.38,21.88,1.5,Medium,Mini,Rainy,0,SemiUrban,111.43,252.07,3.97,4.08,None,82.88,57,995.29
2.92,8.75,2.5,Low,SUV,Rainy,0,Airport,110.7,153.19,4.96,4.45,Classical,82.26,38,1891.63
11.04,29.56,1.0,Medium,Mini,Sunny,1,SemiUrban,98.95,114.49,3.52,3.34,Rock,24.45,49,572.2
6.29,29.1,1.0,Low,Mini,Sunny,0,Urban,93.28,114.72,3.2,4.09,Rock,53.82,40,447.29
11.14,33.67,1.0,Medium,Sedan,Rainy,0,Urban,115.62,294.95,3.32,3.02,Pop,82.05,52,932.97
16.02,47.91,1.0,Medium,Sedan,Sunny,0,SemiUrban,106.63,266.53,3.04,4.36,Pop,61.28,32,864.95
37.78,82.61,1.5,Medium,Sedan,Sunny,0,Urban,110.95,247.18,3.73,4.94,Rock,21.34,13,2102.58
24.8,56.34,1.2,Medium,Premium,Sunny,0,SemiUrban,103.73,176.32,3.64,3.35,None,79.88,65,1568.35
33.56,,2.5,Medium,SUV,Sunny,0,Airport,96.67,149.77,4.28,3.27,None,83.15,88,3662.66
28.7,98.44,1.0,Low,Mini,Sunny,0,Urban,97.81,197.74,3.33,3.95,None,91.89,36,1113.26
5.39,6.87,1.2,High,Sedan,Sunny,0,SemiUrban,106.04,186.33,4.52,3.89,Pop,83.72,86,625.8
29.7,110.15,1.0,Low,Mini,Sunny,1,SemiUrban,97.04,271.73,3.65,3.89,None,63.39,42,1212.93
11.73,64.48,2.0,High,Sedan,Sunny,0,SemiUrban,101.96,293.27,4.75,3.58,Classical,46.52,12,1723.17
25.93,101.46,1.0,Medium,Sedan,Sunny,0,Airport,92.23,282.76,3.37,3.28,None,99.8,82,1392.88
14.3,,2.5,High,Sedan,Sunny,0,Airport,119.87,242.01,,4.85,Pop,98.16,85,2726.32
39.91,85.34,1.2,Medium,SUV,Rainy,0,Airport,108.5,151.36,,3.7,None,47.89,94,1980.72
11.28,37.5,1.2,Medium,Mini,Sunny,0,Urban,94.38,240.34,3.04,3.81,None,75.81,68,774.18
11.89,23.03,1.0,Low,SUV,Sunny,0,Airport,93.9,244.97,3.12,3.84,Classical,33.61,67,875.0
37.3,97.92,2.0,Medium,Sedan,Foggy,0,SemiUrban,104.5,92.49,4.63,3.26,None,19.35,2,2662.4
1.96,29.21,1.2,Low,Mini,Sunny,0,Airport,90.74,254.75,4.07,3.4,Classical,90.92,68,671.68
28.17,94.04,1.2,Medium,Mini,Rainy,0,Urban,102.36,278.05,3.64,3.03,Rock,4.18,68,1498.14
29.29,96.0,1.2,Low,Sedan,Rainy,0,Airport,118.35,237.83,4.28,3.99,Rock,74.25,8,1669.75
33.62,80.57,1.0,Medium,Mini,Sunny,1,SemiUrban,114.7,220.24,3.75,4.11,Rock,84.33,74,1172.23
39.0,,1.0,Low,Mini,Foggy,1,Urban,117.9,104.4,4.64,3.43,None,72.25,55,1389.78
39.05,167.94,1.5,Low,Sedan,Sunny,0,SemiUrban,93.33,209.44,4.5,3.85,Classical,88.23,93,2302.49
3.55,15.28,1.0,High,Mini,Rainy,0,Airport,101.12,207.73,3.93,4.38,Rock,27.47,33,761.27
33.05,124.84,1.5,High,SUV,Sunny,1,Urban,106.65,143.78,3.02,3.52,Rock,78.55,94,2205.45
26.21,57.15,1.2,Medium,SUV,Sunny,0,Urban,111.61,78.21,4.04,3.73,Pop,71.42,22,1283.31
26.25,63.79,1.0,High,Sedan,Foggy,1,SemiUrban,101.77,158.49,3.77,4.41,Classical,98.55,56,1062.66
6.01,24.59,1.2,Low,Mini,Rainy,0,Urban,99.57,280.19,4.19,4.19,Classical,91.27,58,809.42
26.36,98.39,1.2,Low,Sedan,Sunny,0,Urban,99.15,245.32,3.32,4.01,Classical,6.35,28,1375.71
39.32,125.2,1.5,Low,Sedan,Sunny,1,Urban,113.68,138.56,4.33,4.74,Classical,13.12,29,2165.62
36.56,136.7,1.5,Low,SUV,Rainy,0,SemiUrban,101.45,99.01,3.41,3.14,None,99.89,48,2243.87
18.13,,1.0,Low,Mini,Sunny,0,Airport,90.49,165.15,4.96,4.05,Rock,61.41,64,762.36
2.56,11.53,2.0,Medium,Sedan,Foggy,0,SemiUrban,113.11,239.51,4.64,4.4,Pop,9.41,37,1234.39
15.13,49.8,1.0,Low,Sedan,Rainy,1,Airport,,221.31,3.36,3.55,Classical,32.84,13,984.29
33.23,89.28,2.0,Low,Mini,Sunny,0,Airport,108.85,270.77,4.09,3.58,None,38.25,70,2807.12
28.36,97.68,1.0,Medium,Mini,Rainy,0,Urban,90.88,127.88,3.91,4.0,Rock,7.22,93,1126.32
18.91,,1.0,Low,Sedan,Foggy,0,Urban,101.61,173.61,4.62,3.68,None,62.09,79,952.24
,17.76,1.2,Low,Mini,Sunny,0,Airport,103.68,114.32,4.48,3.85,Classical,94.73,67,659.14
17.65,,1.0,Low,Premium,Sunny,0,Airport,119.19,243.34,3.59,4.38,Classical,70.26,3,1246.95
,50.5,2.5,High,SUV,Sunny,0,Urban,92.65,155.01,3.73,3.75,Classical,85.85,74,2673.09
,72.88,1.0,Low,Sedan,Sunny,1,Airport,112.55,157.08,3.12,3.05,Classical,92.41,64,1502.28
26.0,54.28,1.0,High,Sedan,Foggy,1,Airport,118.94,253.68,4.13,3.19,None,98.13,59,1385.06
13.15,47.5,1.0,Medium,Mini,Sunny,0,Airport,98.31,232.47,4.52,4.01,Pop,81.13,47,934.78
21.49,84.24,1.0,Low,SUV,Sunny,0,Airport,96.77,167.95,3.84,4.87,None,51.63,96,1312.52
3.58,,1.2,Low,Sedan,Sunny,0,Airport,118.56,144.15,4.89,3.57,Classical,7.02,2,741.71
38.93,132.71,1.2,Medium,Sedan,Sunny,0,Urban,104.69,222.09,3.27,,Pop,5.3,61,1803.45
15.04,41.6,1.0,High,SUV,Sunny,1,Urban,114.68,285.6,4.78,4.63,Classical,76.29,55,1090.88
19.64,,1.0,Low,Mini,Rainy,0,SemiUrban,113.84,156.15,3.04,4.54,Pop,25.32,17,824.86
14.86,45.05,1.0,Low,Sedan,Sunny,0,Airport,99.78,59.74,4.83,4.74,None,40.76,86,799.74
27.62,122.64,1.0,Low,Sedan,Sunny,0,SemiUrban,,269.7,3.61,3.93,Classical,80.36,58,1200.55
26.83,116.27,1.5,Low,Mini,Rainy,0,SemiUrban,111.09,91.6,3.22,3.15,Rock,61.64,43,1589.42
28.9,75.22,1.5,High,Mini,Foggy,1,Urban,,275.37,4.98,3.3,None,79.92,64,1840.06
11.46,38.44,1.5,Medium,Sedan,Sunny,1,Airport,104.71,257.39,4.49,4.92,None,55.18,46,1314.49
13.31,,2.5,Low,Sedan,Sunny,0,SemiUrban,106.39,214.92,4.06,4.71,Pop,20.4,86,2068.71
5.88,22.55,2.0,High,Mini,,1,SemiUrban,90.77,261.48,3.79,4.21,Pop,78.16,69,1169.88
26.56,106.11,1.2,Low,SUV,Sunny,0,SemiUrban,90.15,114.95,3.51,3.1,Rock,70.5,61,1424.03
2.55,2.37,1.0,Medium,Mini,Rainy,0,Urban,99.42,263.96,4.19,3.13,Pop,50.54,40,577.92
24.31,61.35,2.0,Medium,Sedan,Rainy,0,Airport,99.71,190.41,,3.37,Rock,55.68,91,2347.67
34.92,138.84,1.2,Low,Mini,Sunny,0,Airport,111.56,94.29,4.01,4.32,None,5.61,5,1636.89
35.74,119.76,1.0,Low,Mini,Sunny,0,Urban,99.77,113.64,3.92,4.95,None,71.05,97,1172.62
18.51,66.21,1.2,Low,Sedan,Sunny,0,Airport,100.79,247.46,4.28,4.16,None,74.64,33,1282.98
18.91,51.13,2.5,High,Sedan,Sunny,1,Urban,106.49,260.68,4.85,4.68,Pop,66.65,62,2604.07
4.0,33.55,1.5,Medium,SUV,Foggy,0,Airport,107.75,268.69,4.91,4.53,Rock,44.67,26,1351.02
27.16,109.39,1.0,Low,Sedan,Rainy,0,SemiUrban,100.0,96.1,4.67,3.52,None,2.5,86,1176.36
33.03,90.4,2.5,Medium,Mini,Sunny,0,Airport,106.74,275.51,3.54,4.17,Classical,64.82,81,3342.23
31.62,75.15,2.5,Medium,Sedan,Sunny,1,SemiUrban,,173.45,3.5,4.41,Classical,75.7,27,7919.83
17.43,73.41,1.0,Low,Mini,Rainy,0,Airport,97.84,298.3,4.15,3.64,None,37.39,63,1074.86
33.71,104.32,2.0,Medium,Mini,Sunny,0,SemiUrban,97.07,169.11,,4.22,Pop,40.95,2,2414.98
35.21,109.74,2.0,Medium,SUV,Rainy,1,Airport,116.71,113.03,4.1,3.26,None,17.05,46,3218.43
10.48,46.55,1.0,Low,Sedan,Sunny,0,SemiUrban,109.42,64.94,3.22,4.6,Rock,64.45,20,624.03
22.47,103.5,1.2,High,Mini,Sunny,0,Airport,99.33,216.24,4.73,3.62,Classical,77.62,37,1491.14
8.51,39.15,1.0,Medium,Sedan,Rainy,0,Urban,106.52,51.25,4.49,3.61,Classical,59.93,39,694.87
4.97,1.12,1.2,Low,SUV,Sunny,0,Airport,111.22,259.0,3.48,4.46,Pop,64.36,44,936.24
36.53,134.83,2.0,High,SUV,Sunny,0,SemiUrban,90.68,127.69,4.26,4.57,Classical,87.22,15,3071.13
33.0,116.01,1.2,Low,Sedan,Sunny,1,Urban,117.59,216.47,3.45,4.46,Rock,91.77,31,1600.07
30.64,112.28,1.0,High,Sedan,Sunny,0,Urban,111.52,174.93,3.85,3.67,Pop,67.79,50,1359.52
2.9,-2.64,2.0,Low,SUV,Rainy,1,SemiUrban,101.77,214.31,3.47,4.84,None,16.86,92,1193.73
33.91,78.42,2.5,Medium,Sedan,Sunny,0,Urban,117.97,63.29,4.19,4.19,Rock,11.6,7,3035.46
18.08,80.53,1.0,Medium,Sedan,Sunny,0,SemiUrban,91.68,99.19,3.61,3.72,Rock,83.66,39,887.53
14.35,63.79,2.0,Low,Sedan,Sunny,0,Urban,112.63,273.32,3.34,3.69,Classical,65.11,1,1742.49
22.31,90.02,1.0,Low,Mini,Rainy,0,Airport,105.79,154.38,3.12,,Pop,21.81,7,1125.61
4.56,18.02,1.0,Medium,Mini,Sunny,0,SemiUrban,109.94,191.34,4.26,3.33,None,20.96,71,401.03
30.51,93.33,1.5,Medium,SUV,Sunny,1,Urban,104.14,164.27,4.19,4.31,Classical,5.36,9,1997.92
23.71,82.44,1.5,Low,SUV,Sunny,0,Urban,94.42,277.7,,3.63,None,50.6,59,1796.44
8.28,32.69,1.5,High,SUV,Sunny,0,SemiUrban,97.82,99.87,3.01,,None,11.96,75,1101.67
8.34,34.48,1.0,Medium,Mini,Sunny,0,SemiUrban,103.89,259.73,3.27,3.01,Pop,38.51,23,604.89
8.19,29.87,1.0,Low,Mini,Sunny,0,SemiUrban,117.57,65.02,3.61,4.69,Rock,20.0,52,428.13
3.22,3.23,2.0,Medium,Mini,Foggy,0,Urban,92.05,264.33,4.05,3.54,Classical,72.89,38,1024.97
,90.1,1.0,Medium,Sedan,Sunny,0,Urban,93.14,275.73,4.77,3.61,None,0.52,18,1124.54
33.77,75.46,1.0,High,Mini,Sunny,0,Airport,94.58,247.45,3.42,,Rock,37.85,16,1400.22
1.68,,1.5,Low,SUV,,1,SemiUrban,108.96,119.28,3.43,3.96,None,4.47,46,825.34
2.91,,1.2,Low,Sedan,Rainy,0,Airport,100.99,78.53,4.69,4.07,Rock,4.96,5,737.38
23.34,86.25,1.0,Low,Sedan,Rainy,0,SemiUrban,94.48,175.21,4.02,3.12,Rock,9.57,46,1081.84
32.96,90.88,1.0,High,SUV,Foggy,1,Urban,93.66,216.46,4.38,,Rock,27.45,89,1422.85
13.74,48.46,2.0,Low,SUV,Rainy,0,SemiUrban,110.22,254.8,3.69,3.85,Pop,78.32,69,1945.04
14.63,35.45,2.5,Low,Sedan,Sunny,0,Airport,103.88,176.48,4.68,4.74,None,54.51,94,2106.32
24.26,66.67,1.0,Medium,Mini,Sunny,0,Airport,116.18,186.66,3.9,4.05,Pop,13.96,43,1046.54
11.69,62.67,1.2,Low,SUV,Rainy,1,Urban,102.12,284.02,4.81,4.74,Classical,39.04,56,1300.6
2.04,25.13,1.0,Low,Mini,Rainy,0,Airport,109.67,61.94,3.8,4.51,None,91.21,89,639.22
29.67,94.56,1.5,Medium,Mini,Sunny,1,Airport,113.88,129.74,4.62,,None,42.09,68,1775.69
25.4,67.71,1.0,Low,SUV,Sunny,0,Urban,118.61,159.54,3.11,4.95,Pop,94.82,83,1127.64
23.65,33.37,1.5,Medium,Mini,Foggy,1,Airport,116.08,209.88,4.37,3.15,None,91.92,96,1614.45
29.93,72.78,1.2,Low,Sedan,Foggy,1,Urban,113.26,73.76,3.28,3.07,Classical,39.71,76,1377.47
,81.56,1.2,Medium,Sedan,Sunny,1,Urban,102.39,268.71,4.79,3.62,Classical,64.86,71,1461.39
9.03,36.72,2.0,Low,Sedan,Sunny,0,Airport,119.48,129.1,4.93,3.85,Pop,78.77,70,1566.86
14.75,42.25,1.2,Medium,Premium,Rainy,0,Urban,97.94,96.27,3.64,3.45,None,18.01,44,1374.65
5.92,26.06,1.5,Low,SUV,Sunny,1,SemiUrban,109.84,197.88,4.13,3.99,Classical,53.03,17,989.68
6.06,13.9,1.0,Low,Mini,Rainy,0,Urban,93.92,85.14,3.8,4.94,Pop,10.31,14,504.74
27.37,84.83,1.0,Low,Mini,Sunny,0,Airport,108.18,132.52,4.23,4.11,Rock,50.33,66,1156.31
34.49,139.95,1.2,Medium,Premium,Rainy,0,SemiUrban,110.7,265.47,3.71,3.22,Pop,12.83,76,2156.55
38.55,108.42,1.2,Low,Sedan,Sunny,1,SemiUrban,92.71,247.34,4.64,,Rock,77.47,75,1736.96
25.51,74.31,1.2,Medium,Mini,Rainy,1,SemiUrban,98.85,120.26,3.06,3.22,Classical,61.58,97,1143.97
8.18,19.4,1.5,Medium,Sedan,Sunny,1,SemiUrban,109.25,154.93,4.48,3.91,None,64.74,60,854.0
5.12,,1.2,Medium,Mini,Sunny,1,Urban,108.06,176.92,3.03,3.92,Rock,24.57,66,552.76
32.7,87.53,2.0,Low,Mini,Sunny,1,Urban,110.05,191.75,4.93,4.46,Pop,60.86,88,2290.56
23.57,80.49,1.2,Medium,Sedan,Rainy,0,Urban,93.73,125.1,3.08,4.36,Rock,74.89,80,1206.24
25.11,86.45,1.0,High,Sedan,Sunny,1,Airport,105.46,183.53,4.59,4.23,Rock,31.05,3,1241.72
31.48,122.14,1.0,Low,Mini,Rainy,1,Airport,117.83,243.31,4.4,4.27,Pop,94.7,40,1446.98
28.43,107.07,2.0,Low,Sedan,Sunny,1,SemiUrban,118.61,221.5,4.72,4.52,Rock,37.64,40,2455.47
33.54,69.74,1.0,Low,SUV,,0,Airport,93.8,287.74,3.26,3.34,Pop,35.89,73,1514.27
3.19,10.31,1.0,Medium,Sedan,Sunny,1,Urban,116.83,109.66,3.71,4.95,None,38.52,5,500.25
30.15,67.58,1.0,Low,Sedan,Rainy,0,Urban,107.29,219.56,3.17,4.09,Rock,90.31,43,1221.14
34.18,115.73,1.0,High,Sedan,Rainy,0,Urban,112.59,287.42,3.58,4.44,Pop,30.71,1,1618.72
12.16,61.08,1.2,Medium,Sedan,Sunny,1,Urban,94.52,74.03,4.22,4.16,Classical,61.36,16,965.75
25.98,79.76,1.0,Low,SUV,Sunny,0,Urban,112.14,190.48,4.94,,Classical,26.39,25,1218.84
13.25,,1.2,High,Mini,Foggy,0,SemiUrban,92.13,296.1,3.51,4.17,Rock,77.58,89,1045.88
38.36,163.21,1.0,Low,Mini,Sunny,0,Urban,108.99,65.36,3.68,3.19,Pop,98.85,83,1388.09
2.3,11.91,1.5,Low,Sedan,Rainy,1,Urban,110.04,140.74,3.82,4.75,Pop,97.38,61,820.8
23.61,69.02,1.5,Low,Mini,Sunny,1,Urban,109.94,71.25,3.06,3.2,Classical,11.85,82,1441.33
7.49,26.36,1.2,Low,Sedan,Foggy,0,SemiUrban,91.76,196.45,4.38,4.04,Rock,81.13,91,774.68
28.78,104.89,1.2,Medium,Mini,Rainy,0,Urban,,263.18,3.25,3.4,Classical,64.76,9,1634.94
7.86,35.39,1.0,Low,Mini,Foggy,1,Airport,112.33,110.49,4.76,3.24,Rock,75.64,85,660.32
10.18,46.31,1.5,Medium,Sedan,Rainy,1,SemiUrban,113.9,101.06,3.83,3.24,None,38.18,69,1129.8
20.28,46.09,1.0,Medium,SUV,Sunny,0,SemiUrban,102.47,182.52,4.75,4.73,Rock,34.76,30,1010.53
36.68,78.61,1.0,Low,Sedan,Sunny,0,Urban,94.86,138.85,4.47,3.69,Classical,43.39,8,1220.34
9.26,25.54,2.0,Medium,Mini,Sunny,0,Urban,104.98,256.53,4.56,3.71,None,99.7,28,1244.93
6.63,20.54,2.5,Medium,SUV,Sunny,0,Urban,109.51,83.49,3.75,4.37,Rock,16.26,81,1750.72
30.6,117.17,2.0,High,Sedan,Sunny,0,SemiUrban,117.61,278.62,4.63,,Classical,91.91,52,2811.89
20.52,79.98,2.5,Low,Mini,Sunny,0,SemiUrban,110.44,252.68,4.12,4.64,Rock,53.82,21,2314.62
36.56,85.0,2.0,Low,Sedan,Rainy,0,Airport,114.68,53.78,3.34,4.3,None,65.92,18,2835.57
20.16,41.44,1.5,High,Mini,Sunny,0,Urban,97.94,119.61,4.78,4.44,Rock,8.82,10,2860.06
26.19,99.26,1.0,Low,Mini,Sunny,0,Urban,115.0,278.4,3.81,4.23,Pop,82.81,70,1061.79
10.08,20.99,2.5,Low,SUV,Sunny,1,Urban,108.36,263.8,4.8,4.66,Rock,8.95,87,1958.65
7.11,16.02,2.0,Medium,Sedan,Rainy,0,SemiUrban,106.47,173.25,4.15,3.69,Pop,68.41,82,1352.25
27.65,88.46,1.0,Low,Sedan,Sunny,0,SemiUrban,98.01,186.83,3.1,3.48,Pop,63.66,58,1167.35
24.15,62.27,1.2,Medium,Mini,Sunny,0,SemiUrban,96.12,70.2,4.57,3.39,Rock,98.9,14,977.27
30.44,70.1,1.0,High,Mini,Sunny,0,SemiUrban,106.32,249.95,3.05,4.21,None,87.64,96,1168.86
13.07,44.55,2.5,Medium,Premium,Sunny,0,SemiUrban,116.74,69.09,3.2,3.47,Rock,38.41,53,2530.06
18.47,75.67,1.2,Medium,Mini,Rainy,0,Airport,97.06,210.98,,3.26,Classical,90.57,84,1279.67
16.81,54.49,1.0,Low,Sedan,Rainy,0,SemiUrban,98.36,78.47,4.26,4.93,Rock,7.84,54,796.87
39.38,144.12,1.0,Medium,Sedan,Rainy,1,SemiUrban,118.44,158.42,3.86,3.76,None,27.36,57,1519.44
12.4,39.02,2.5,Medium,Mini,Foggy,0,Airport,90.8,140.01,3.8,4.79,Classical,93.05,5,1959.56
12.5,36.66,1.2,Low,SUV,Foggy,0,SemiUrban,104.56,153.7,3.86,4.41,Rock,53.09,89,925.71
14.83,36.91,1.0,Low,Mini,Sunny,1,Airport,105.86,194.36,3.25,3.7,None,30.36,35,863.68
23.02,55.71,1.2,Medium,Sedan,Sunny,0,Urban,110.27,85.1,4.4,3.28,Classical,18.65,63,1205.95
10.84,35.37,1.0,Low,SUV,Sunny,0,Airport,95.82,105.77,3.4,4.68,Classical,40.86,86,772.52
36.7,86.25,1.0,Medium,Sedan,Sunny,0,Urban,107.14,76.37,3.87,4.78,Pop,92.75,8,1243.07
11.36,35.65,1.2,Low,SUV,Foggy,1,Airport,93.28,213.24,4.94,3.37,Pop,93.17,35,1222.05
35.94,111.75,1.2,Low,Sedan,Sunny,0,Urban,98.01,63.24,4.86,4.26,None,61.9,75,1566.33
5.04,27.21,1.0,Low,Sedan,Foggy,0,Airport,90.45,214.6,4.54,4.13,None,8.91,65,706.93
26.61,80.93,1.2,High,SUV,Sunny,0,Urban,103.6,293.25,4.77,4.86,Classical,42.84,96,1563.4
36.37,114.15,1.0,Medium,SUV,Sunny,0,SemiUrban,95.25,272.3,4.37,4.3,Rock,55.82,26,1456.63
7.58,32.4,2.0,Medium,Sedan,Rainy,1,Airport,92.9,131.55,4.64,3.54,Classical,74.06,32,1622.03
38.76,159.34,1.0,Low,Sedan,Rainy,0,SemiUrban,100.33,103.69,3.5,4.43,Classical,91.25,96,1586.2
18.66,51.4,1.0,Low,Sedan,Sunny,1,Airport,92.38,290.08,3.91,4.06,Pop,99.6,34,1051.57
37.88,137.11,1.0,Low,Mini,Sunny,0,SemiUrban,109.93,160.95,3.57,3.69,None,41.13,13,1338.85
27.4,56.78,1.0,Low,Mini,Sunny,1,Urban,96.03,138.1,3.08,4.22,None,88.39,79,971.62
12.76,51.69,1.0,Medium,Mini,Sunny,0,Urban,,81.51,3.48,4.92,None,82.74,38,604.16
8.34,15.15,1.0,Medium,SUV,Sunny,1,Urban,115.2,91.64,3.51,4.63,Classical,58.34,67,720.52
12.85,36.78,1.5,Low,Sedan,Sunny,1,SemiUrban,112.24,235.43,4.37,4.48,Classical,56.87,80,1049.37
4.63,13.53,1.0,High,SUV,Sunny,0,Airport,112.89,100.35,3.69,,Pop,98.15,66,699.21
6.61,38.81,1.0,Low,Sedan,Sunny,0,SemiUrban,109.31,94.75,3.43,3.24,None,37.59,79,567.96
5.08,19.72,2.0,Medium,Mini,Sunny,1,Airport,101.29,130.56,3.03,4.22,Pop,43.69,43,1196.66
17.49,53.45,1.0,Low,Mini,Rainy,0,Urban,100.46,278.33,3.8,3.06,Rock,50.25,68,837.99
32.03,,1.5,Low,Sedan,Rainy,1,Airport,107.07,197.34,4.54,4.29,Classical,71.67,13,2187.1
6.51,12.83,1.0,Medium,SUV,Sunny,1,Urban,,243.76,4.25,3.6,Rock,52.4,39,704.77
6.08,38.59,1.0,Low,SUV,Sunny,0,Urban,100.34,229.73,4.8,3.32,Rock,60.02,16,762.52
26.09,61.54,1.2,Low,SUV,Sunny,0,SemiUrban,,287.47,4.15,3.09,Pop,38.28,42,1405.13
8.69,38.41,1.0,Low,SUV,Sunny,1,SemiUrban,113.4,222.6,,3.42,Classical,6.3,73,752.85
4.81,13.03,2.0,Low,Sedan,Sunny,1,Urban,112.07,81.31,3.87,4.39,None,60.81,99,923.32
7.51,34.24,1.0,Medium,Mini,,0,Urban,105.1,100.52,3.84,3.9,None,61.99,48,537.43
,103.7,1.2,Medium,Mini,Sunny,0,Airport,101.09,225.71,4.7,3.07,Rock,30.76,26,1688.34
33.04,123.56,1.2,Low,Sedan,Rainy,1,Urban,,103.75,4.31,3.14,None,61.9,91,1652.58
14.81,51.4,1.0,Low,Mini,Foggy,1,Airport,92.54,256.67,3.53,4.17,Pop,61.79,80,898.76
26.58,106.84,1.5,High,SUV,Foggy,1,SemiUrban,91.43,269.92,,4.67,Classical,36.02,54,2157.04
21.95,70.3,1.2,Low,Mini,Rainy,0,Urban,110.99,153.6,4.66,4.19,Classical,73.04,74,1163.39
27.41,89.45,1.5,Medium,Mini,Rainy,0,SemiUrban,106.5,145.58,3.11,3.77,None,58.93,21,1668.77
,85.11,1.5,High,SUV,Foggy,0,Airport,112.0,80.19,4.44,3.87,Rock,10.17,58,2090.4
25.52,77.26,1.0,Low,Sedan,Rainy,1,Airport,98.39,284.45,4.59,,Pop,46.98,91,1281.59
11.38,39.67,1.2,Low,Mini,Sunny,1,Urban,93.25,171.77,3.72,4.79,Pop,87.82,16,721.48
2.52,2.51,1.0,High,Premium,Rainy,0,Urban,102.9,227.01,4.9,3.31,Classical,76.5,95,925.26
18.77,58.31,1.0,Low,Sedan,Sunny,0,Urban,102.8,89.42,4.66,3.76,None,14.13,89,818.0
35.75,102.72,1.0,Low,Sedan,Sunny,0,Airport,112.77,184.89,,,Pop,95.24,51,1336.87
23.21,90.79,2.5,Medium,SUV,Sunny,1,SemiUrban,93.66,244.29,3.79,4.18,Rock,25.1,13,2936.33
33.46,124.74,1.0,Low,Mini,Sunny,0,Urban,118.38,199.48,4.82,4.38,Rock,34.67,55,1311.28
39.67,145.4,1.0,High,SUV,Rainy,1,SemiUrban,91.68,144.96,4.66,4.03,None,20.57,36,1807.65
7.38,37.55,1.0,Low,Sedan,Rainy,0,Urban,99.39,203.73,4.61,4.98,Rock,72.9,94,683.31
27.98,104.57,1.0,Medium,Mini,Foggy,0,SemiUrban,111.09,298.89,4.94,,Rock,55.85,6,1197.71
27.3,95.08,1.0,Medium,Sedan,Sunny,0,Airport,111.52,220.67,3.15,3.04,Classical,57.18,39,1237.99
39.22,82.05,1.0,Medium,SUV,Foggy,0,Urban,107.01,175.78,3.13,4.45,None,69.22,97,1496.6
39.44,87.08,1.0,Medium,SUV,Rainy,0,Airport,92.13,263.84,3.87,3.49,Classical,58.87,6,1697.15
27.78,59.4,1.0,High,SUV,Sunny,1,Airport,115.69,167.71,4.83,4.94,Classical,34.06,5,1374.6
10.5,47.14,1.2,High,Mini,Sunny,0,SemiUrban,109.04,163.04,4.07,4.61,Classical,92.49,42,848.47
32.14,121.79,2.0,Low,Mini,Sunny,1,SemiUrban,112.76,189.37,4.87,4.25,Classical,57.71,93,2405.81
5.17,8.0,1.0,Medium,Sedan,Sunny,0,Airport,101.59,130.09,3.31,4.41,None,72.96,82,594.25
31.45,94.11,1.5,Low,Sedan,Sunny,0,Urban,97.3,67.87,4.47,4.6,Classical,15.4,14,1752.12
36.5,151.0,1.0,Medium,SUV,Sunny,0,SemiUrban,111.6,144.27,3.64,4.37,None,36.16,74,1469.51
,63.32,1.5,Low,Sedan,Sunny,0,Airport,114.47,232.59,4.35,3.63,Classical,77.55,42,1505.64
25.59,101.97,1.0,Medium,Mini,Foggy,0,Airport,114.38,171.89,3.86,4.01,Rock,33.72,80,1204.5
17.78,56.27,1.5,Low,Mini,Rainy,1,Airport,111.52,263.67,3.61,3.63,None,72.58,43,1557.71
18.07,36.98,2.0,Medium,Mini,Sunny,0,Urban,94.17,95.54,4.71,4.41,Rock,49.12,72,1449.41
13.1,27.21,1.5,Low,Mini,Rainy,0,SemiUrban,96.65,105.52,3.78,3.02,Classical,79.8,8,1009.58
30.72,74.82,1.5,High,Sedan,Sunny,0,SemiUrban,105.01,211.08,3.46,3.77,Classical,74.04,55,1869.75
37.51,88.64,1.2,Medium,Mini,Sunny,1,Airport,105.22,254.62,3.3,3.32,None,25.28,83,1631.83
37.69,124.66,1.0,High,SUV,Rainy,1,Urban,104.66,223.88,3.35,4.9,Classical,14.99,38,1699.21
7.82,7.55,1.2,Medium,Sedan,Sunny,1,Airport,114.78,161.0,4.04,4.44,None,36.87,87,872.02
35.12,93.0,1.0,High,SUV,Sunny,0,SemiUrban,93.76,270.81,3.11,4.01,Rock,26.28,87,1597.38
29.76,82.56,1.0,Medium,Sedan,Rainy,0,Urban,113.77,218.87,3.15,3.48,Pop,35.37,93,1322.92
10.86,44.48,1.2,Medium,Sedan,Rainy,0,Airport,90.67,258.71,3.9,3.04,None,6.76,11,1105.33
,11.29,1.2,Low,Sedan,Sunny,0,SemiUrban,,275.96,4.4,4.51,Classical,45.39,70,685.96
11.45,41.87,1.0,Medium,Premium,Rainy,1,SemiUrban,95.9,182.48,4.38,3.99,Classical,66.75,34,1142.94
36.58,92.38,1.2,Low,SUV,Foggy,0,SemiUrban,105.8,197.09,4.8,3.18,None,34.79,94,1723.86
25.69,,1.2,Low,Sedan,Rainy,0,Urban,105.72,216.72,4.01,4.15,Classical,68.37,43,1302.32
29.12,66.16,1.0,Medium,Sedan,Rainy,0,Urban,105.2,293.07,3.44,3.08,None,66.85,16,1300.33
11.03,37.64,1.0,Low,Mini,Sunny,0,SemiUrban,98.66,251.5,4.6,3.87,None,7.33,4,721.92
29.06,115.65,2.5,Low,Sedan,Sunny,1,SemiUrban,105.65,58.73,3.3,3.88,Pop,81.46,82,2873.19
2.1,24.92,2.0,Low,Premium,,1,Urban,111.17,157.3,,4.73,None,10.91,53,1660.47
15.64,62.67,1.0,Low,Mini,Rainy,0,Airport,101.81,267.17,4.4,4.97,None,50.66,40,1010.21
25.44,107.8,1.0,Low,Sedan,Foggy,1,Airport,117.86,59.09,3.39,3.29,Rock,89.0,38,1324.56
6.7,14.14,1.0,Low,Sedan,Rainy,0,Airport,92.05,207.56,3.11,4.4,Pop,91.62,61,723.12
33.1,71.12,1.0,Low,SUV,Sunny,1,SemiUrban,119.61,286.25,3.38,4.74,Pop,39.94,29,1258.08
10.17,37.1,1.0,Medium,Mini,Rainy,0,SemiUrban,112.84,127.97,4.59,3.86,None,0.0,38,593.27
26.44,61.65,2.0,Low,Mini,Foggy,0,Urban,107.8,230.54,4.67,3.65,Classical,56.99,73,6555.98
16.8,,2.5,High,Mini,Sunny,0,SemiUrban,96.1,127.88,3.52,3.04,Rock,99.65,51,2025.49
24.25,62.74,1.5,High,Mini,Rainy,1,Airport,108.82,210.01,4.04,4.13,Classical,66.96,56,1865.48
5.19,27.94,1.0,Low,Sedan,Foggy,0,SemiUrban,114.06,284.12,3.11,3.36,Classical,20.98,91,719.32
1.66,14.27,1.0,Low,Mini,Rainy,0,Airport,97.61,142.24,3.39,3.15,Rock,53.91,17,499.32
36.47,117.83,1.2,Low,Sedan,Sunny,0,Urban,91.2,290.04,4.13,3.01,Rock,55.83,11,1751.45
11.52,21.01,1.2,High,SUV,Sunny,1,Urban,103.28,145.55,3.47,4.92,Pop,75.63,97,938.18
32.97,93.46,1.0,Medium,Mini,Rainy,0,Urban,99.13,147.96,3.1,4.72,Classical,84.73,63,1287.44
39.97,119.98,1.2,Medium,Mini,Foggy,0,Urban,98.58,241.05,4.78,4.92,None,84.51,8,1724.49
9.25,53.3,1.5,High,Premium,Sunny,0,Urban,111.74,140.21,3.46,4.88,Rock,86.18,76,1633.96
11.34,33.41,1.5,High,Sedan,Sunny,0,SemiUrban,94.44,131.96,4.55,4.25,Classical,89.37,3,1084.48
26.85,80.51,1.2,High,Mini,Rainy,0,Airport,109.53,96.4,3.84,4.21,Pop,37.26,44,1465.94
38.65,106.02,1.5,Medium,Mini,Sunny,0,Airport,91.84,72.24,4.41,4.69,Classical,37.9,75,2115.8
36.72,136.46,1.0,High,Premium,Rainy,0,Airport,117.6,259.42,3.71,4.89,None,46.31,74,2011.06
20.61,45.42,1.2,High,Mini,Sunny,1,SemiUrban,107.58,168.99,4.21,4.18,None,70.88,87,1080.28
32.01,70.09,1.0,Low,SUV,Sunny,0,Airport,117.93,212.76,,3.24,Rock,2.26,15,1423.75
6.29,14.59,1.0,High,Mini,Sunny,1,Airport,116.04,169.5,3.25,3.26,Pop,39.85,34,702.39
39.12,138.61,1.0,Medium,Mini,Sunny,0,SemiUrban,116.09,143.57,4.77,4.32,None,8.23,26,1442.19
38.61,92.86,1.0,Low,SUV,Rainy,0,Airport,93.59,152.15,3.71,3.16,Rock,65.45,62,1569.9
7.39,28.76,2.5,Medium,Mini,Sunny,0,SemiUrban,110.88,69.85,4.57,4.22,Pop,30.37,98,1129.06
12.68,32.8,1.0,Medium,Mini,Sunny,0,Airport,102.01,218.48,4.1,4.93,None,6.44,17,890.88
4.91,19.6,2.0,Low,Sedan,Sunny,0,Urban,103.77,178.07,3.37,3.01,None,10.9,49,1045.08
11.6,48.16,1.0,High,Sedan,Sunny,0,Urban,98.37,66.56,,3.37,None,89.64,7,721.19
32.82,100.26,1.0,Low,Mini,Sunny,0,SemiUrban,94.2,207.13,3.17,4.89,Rock,84.99,26,1163.77
15.75,37.32,1.2,High,Sedan,Sunny,0,SemiUrban,99.19,102.41,3.54,3.98,Rock,75.19,42,926.07
4.45,17.99,1.0,Low,Mini,Sunny,0,SemiUrban,106.49,84.61,3.41,3.57,Rock,27.89,91,402.12
14.35,37.31,1.2,Low,Mini,Sunny,1,SemiUrban,102.3,294.26,3.55,3.5,Classical,49.78,15,792.67
39.27,146.78,1.0,High,Mini,,0,Urban,111.12,69.76,4.61,4.73,Rock,94.15,96,1429.81
25.56,97.03,1.5,Low,SUV,Foggy,0,Urban,115.17,232.47,3.16,,Pop,87.15,35,1982.72
17.23,48.24,1.0,High,Mini,Sunny,0,Urban,96.32,224.25,4.26,4.27,None,69.7,88,914.7
7.5,25.78,1.2,Low,Sedan,Sunny,1,SemiUrban,91.69,180.43,3.71,3.62,Pop,79.52,85,683.55
39.46,107.26,1.0,High,Mini,,0,Urban,119.73,71.36,3.97,4.09,Classical,2.12,18,1434.05
33.01,112.08,1.5,Low,Mini,Rainy,1,Urban,116.48,123.05,,4.59,Pop,72.84,62,1894.5
11.98,58.19,1.2,Low,Mini,Sunny,0,SemiUrban,,90.32,4.91,3.68,Rock,48.03,38,2567.99
3.73,18.1,1.0,High,Sedan,Rainy,0,SemiUrban,94.88,295.87,4.33,3.8,Rock,18.89,55,741.43
3.21,14.99,1.0,Low,Mini,Sunny,1,Airport,118.53,74.76,3.4,3.89,None,95.86,83,430.06
5.69,25.68,1.2,High,Sedan,Sunny,1,Urban,96.97,53.15,3.98,4.2,Pop,87.02,23,774.76
23.65,86.77,2.0,High,SUV,Foggy,1,SemiUrban,96.66,104.71,3.31,,Pop,84.26,54,2489.38
37.22,86.72,1.0,Low,Mini,Sunny,0,Urban,,246.18,4.82,3.89,Pop,40.89,23,1284.78
20.37,37.64,1.5,Medium,Sedan,Rainy,1,Urban,98.64,260.98,3.94,,Classical,22.23,34,1529.08
33.87,70.48,1.2,Low,Mini,Sunny,0,Urban,115.23,225.38,3.15,3.71,None,65.32,1,1354.37
18.39,74.58,1.2,Low,Mini,Sunny,0,Urban,107.09,158.32,3.3,3.01,Pop,49.97,8,970.56
28.63,117.2,2.5,Low,Mini,Sunny,0,SemiUrban,92.76,247.77,4.0,3.54,Classical,67.54,8,2925.09
29.54,109.47,1.2,Medium,Sedan,,0,Airport,119.02,219.28,3.39,4.63,Rock,41.25,89,1652.18
7.78,19.97,1.5,High,Mini,Sunny,0,Urban,106.18,298.42,4.42,3.57,None,92.57,7,1085.32
15.09,44.67,1.2,Low,Sedan,Rainy,0,Airport,102.5,159.8,3.85,4.64,Rock,95.86,80,1135.0
25.85,79.97,1.0,Low,Mini,Foggy,0,Urban,113.53,96.93,4.13,3.82,Rock,79.41,35,977.4
,6.1,1.2,Medium,Sedan,Sunny,0,Airport,106.81,66.6,4.24,4.73,Pop,29.93,63,588.07
15.1,46.23,2.0,Low,Sedan,Sunny,0,SemiUrban,116.87,206.02,4.9,3.75,None,16.2,17,1601.8
21.86,45.29,1.5,Medium,Mini,Sunny,0,Urban,111.07,283.64,4.87,3.58,Pop,43.84,86,1547.91
,141.57,1.0,Medium,Sedan,Sunny,0,Urban,110.05,246.48,3.75,3.48,Rock,44.18,91,1507.32
,52.02,1.0,High,Mini,Rainy,0,Airport,100.13,233.07,4.79,3.61,Rock,82.44,37,1130.01
32.83,103.85,1.2,Medium,Mini,Rainy,0,SemiUrban,119.69,179.4,4.99,3.4,Rock,2.1,75,1557.23
17.85,49.66,1.2,Low,SUV,Rainy,0,Urban,109.56,95.06,4.76,4.5,Rock,9.06,3,1218.1
32.06,127.71,1.0,Medium,Mini,Sunny,1,Airport,103.26,118.57,3.1,4.96,Classical,33.82,78,1317.52
,83.62,1.0,High,SUV,,0,SemiUrban,94.43,120.53,3.65,3.79,None,12.16,18,1109.1
35.58,141.69,1.5,High,Mini,Rainy,0,SemiUrban,106.67,216.26,3.22,3.67,Rock,38.13,61,2278.86
17.03,,1.5,Low,Mini,Sunny,0,Airport,109.99,264.09,4.37,4.28,Rock,21.18,57,1421.4
24.57,88.21,1.5,Medium,Mini,Foggy,0,SemiUrban,101.14,84.22,3.7,3.86,None,98.23,9,1505.4
25.57,115.32,2.0,Medium,Sedan,Sunny,0,Urban,,58.33,3.38,3.1,Rock,51.96,8,2243.9
,,1.0,Low,Mini,Sunny,0,SemiUrban,113.95,177.87,3.41,3.69,Classical,63.02,68,753.31
6.63,35.21,2.0,Low,Mini,Rainy,1,SemiUrban,109.62,274.45,3.75,4.6,None,82.07,50,1338.15
4.65,14.7,1.2,Medium,Sedan,Sunny,0,Urban,110.54,290.3,4.19,,Rock,51.21,1,772.03
,3.89,2.5,Low,Mini,Sunny,1,Urban,97.35,169.6,4.36,3.52,Pop,44.87,14,936.46
35.07,82.21,1.0,Low,SUV,Foggy,0,SemiUrban,93.92,112.44,3.04,4.95,None,58.69,90,1315.61
10.22,45.82,1.0,Low,Sedan,Sunny,1,Airport,103.56,241.72,4.96,3.57,None,15.48,99,878.27
9.25,40.64,1.5,Low,Sedan,Sunny,1,Urban,97.24,92.33,3.08,4.7,Classical,81.18,55,932.92
29.71,106.05,2.0,Low,SUV,Sunny,0,Urban,,256.0,4.96,4.8,Rock,63.59,39,2750.03
13.48,64.89,1.5,Medium,Mini,Rainy,1,Airport,105.96,267.31,3.54,4.36,None,93.48,9,1494.96
20.74,74.49,1.5,High,Mini,Sunny,0,Urban,93.96,127.81,4.78,3.95,Pop,74.91,72,1377.77
7.34,29.74,1.0,Medium,Mini,Sunny,1,Airport,95.89,95.85,4.76,4.91,Pop,28.98,21,617.94
38.43,129.93,1.5,Low,Mini,Sunny,0,Urban,,77.83,3.97,,Rock,82.22,43,1997.45
34.21,79.23,1.5,High,Mini,Rainy,1,SemiUrban,108.95,202.47,4.5,4.27,Pop,9.76,59,1926.09
34.69,134.87,1.5,Low,Sedan,Rainy,1,SemiUrban,102.02,295.47,4.33,4.49,None,11.69,96,2274.55
50.58,110.3,1.2,Low,Sedan,Foggy,1,Airport,111.62,161.8,4.64,4.76,Pop,90.06,71,4767.31
,76.44,1.0,Low,Mini,Rainy,0,SemiUrban,114.27,115.9,4.11,3.21,Pop,15.56,16,1110.34
6.61,20.92,1.2,Medium,Mini,Rainy,0,Airport,93.43,256.9,3.67,,Classical,8.83,32,863.01
1.34,13.23,1.2,Medium,Mini,,0,SemiUrban,115.26,228.33,,4.73,None,97.59,96,603.72
1.78,11.2,2.5,High,Mini,Sunny,1,Airport,118.4,68.47,3.28,4.83,Pop,41.26,50,1318.42
23.88,70.22,1.2,Medium,Sedan,Sunny,1,Airport,92.7,115.13,3.57,5.0,Pop,74.54,35,1353.61
18.76,36.96,1.2,Medium,Sedan,Rainy,0,SemiUrban,99.72,143.28,4.93,4.47,Classical,74.78,74,1092.57
,100.68,2.5,Low,Mini,Foggy,0,Urban,95.04,104.14,3.86,3.42,Rock,27.98,96,2350.1
1.29,11.95,1.0,Medium,SUV,Rainy,0,Urban,102.9,270.73,4.43,4.27,Rock,10.07,23,816.59
17.48,38.02,1.0,High,Sedan,Sunny,0,Airport,96.6,96.75,3.62,4.98,Pop,15.88,84,966.59
29.0,85.35,1.2,Low,Sedan,Foggy,0,Airport,100.87,248.27,4.44,4.18,Classical,40.1,1,1478.74
18.27,41.46,1.0,Low,Mini,Rainy,0,SemiUrban,97.26,235.35,3.95,3.77,Rock,95.69,31,805.99
29.56,117.27,1.0,Low,Mini,Rainy,0,SemiUrban,,53.03,4.58,3.54,None,38.23,71,1145.54
10.09,48.61,2.0,Medium,Sedan,Rainy,0,SemiUrban,90.57,119.77,3.8,3.7,Rock,89.79,48,1493.63
32.71,136.68,1.2,Medium,Premium,Rainy,1,Airport,105.45,177.67,4.93,4.47,Classical,80.68,27,2198.61
23.95,57.35,1.0,Medium,Sedan,Sunny,0,SemiUrban,105.41,104.8,3.37,3.42,Rock,53.75,2,1045.2
9.22,31.24,1.0,Medium,Mini,Sunny,1,SemiUrban,91.08,254.49,,4.28,None,11.1,92,585.76
10.23,,1.0,Medium,Mini,Foggy,1,SemiUrban,110.98,83.63,3.33,4.25,Classical,72.23,98,586.02
25.49,99.85,1.2,Medium,Sedan,Sunny,0,Airport,90.81,91.65,3.53,3.53,Pop,69.37,22,1415.57
33.37,110.31,1.0,High,Sedan,Rainy,0,Airport,104.6,197.11,4.04,4.01,None,46.32,74,1601.73
17.21,74.01,2.0,High,Mini,Sunny,0,SemiUrban,101.86,55.88,3.35,4.73,Rock,47.55,23,1578.64
11.07,52.11,1.2,Low,SUV,Foggy,0,Airport,116.49,298.27,3.22,4.59,Classical,4.42,50,1367.27
34.81,94.65,1.0,Medium,Sedan,,1,Urban,,182.58,4.69,4.17,Pop,36.23,83,1296.81
27.1,60.08,1.0,Medium,SUV,Rainy,1,Airport,114.67,212.9,3.73,4.33,Classical,42.89,58,1400.46
18.48,38.42,1.2,Low,Sedan,Sunny,1,SemiUrban,119.95,113.19,4.42,3.07,None,17.52,44,1008.81
20.03,47.01,1.0,High,Sedan,Sunny,0,SemiUrban,95.32,288.65,3.96,3.18,Pop,20.17,10,1077.88
8.97,24.99,1.2,Low,Mini,Rainy,0,Airport,91.88,133.59,4.49,3.75,Pop,26.87,23,832.52
25.45,79.8,2.0,Medium,Sedan,Sunny,0,SemiUrban,113.23,81.96,3.52,3.77,None,50.92,63,2065.35
14.99,30.25,1.0,Low,SUV,Rainy,0,Urban,108.95,163.73,3.2,3.6,Rock,7.38,55,916.76
39.83,90.83,1.0,Medium,SUV,Sunny,0,SemiUrban,109.02,81.82,4.04,4.3,Pop,48.96,92,1305.92
19.73,71.51,1.5,Low,Mini,Rainy,0,Airport,99.49,290.54,4.27,4.21,None,35.89,58,1605.98
19.95,58.88,1.0,Low,Sedan,Sunny,0,Airport,93.07,176.25,4.9,4.37,Rock,51.51,78,993.61
23.07,82.74,1.0,Low,Premium,Sunny,1,Airport,111.64,200.06,4.55,3.46,None,55.24,13,1457.21
36.75,103.59,1.0,Low,Sedan,Rainy,1,Airport,106.3,171.1,4.75,3.01,None,83.14,90,1517.4
32.23,,2.0,High,Mini,Sunny,0,SemiUrban,105.04,108.17,4.46,4.93,Classical,36.78,89,2325.11
18.59,77.09,2.0,Low,SUV,Rainy,0,Airport,,92.58,4.99,4.55,None,82.96,13,2271.93
29.03,75.78,1.0,Medium,Mini,Sunny,1,Airport,119.66,291.36,4.48,3.91,Pop,9.09,29,1311.97
23.86,77.84,1.2,Medium,Mini,Sunny,0,Urban,112.21,129.33,4.31,3.09,None,2.61,2,1114.83
20.2,67.86,1.0,Low,Sedan,Sunny,0,SemiUrban,118.04,64.58,3.63,3.4,Classical,18.26,99,905.37
8.5,21.98,1.2,Low,Mini,Sunny,0,Urban,101.96,176.17,3.49,3.11,Rock,55.84,52,646.19
19.09,58.46,1.0,Low,Mini,Rainy,0,SemiUrban,116.94,111.01,3.56,3.95,Rock,78.71,54,842.78
10.59,32.81,1.0,Medium,Sedan,Sunny,0,Airport,111.82,226.6,3.05,3.43,Classical,96.38,92,847.19
36.68,127.67,1.5,High,Sedan,Sunny,1,SemiUrban,101.15,144.49,3.47,4.08,Classical,26.86,9,2184.1
14.08,53.34,1.0,High,SUV,Sunny,1,Airport,105.27,283.35,3.57,3.12,Classical,33.08,28,1176.34
38.14,88.44,1.0,High,Sedan,Rainy,0,Airport,96.07,158.9,,4.42,Rock,25.31,64,1589.89
21.79,49.29,1.5,Medium,SUV,Rainy,0,Urban,92.44,219.09,3.02,3.2,None,31.16,36,1758.65
25.63,71.43,1.5,High,Sedan,Sunny,0,SemiUrban,104.02,262.31,4.01,3.62,None,39.48,3,1793.29
22.17,52.85,1.2,Low,Mini,Sunny,0,SemiUrban,119.8,265.89,3.36,4.29,Pop,61.49,69,1146.89
6.05,27.68,2.0,Medium,Sedan,Foggy,0,Airport,116.11,188.44,3.47,3.22,None,55.6,36,1558.77
15.66,41.48,1.2,Low,Sedan,,0,Urban,90.5,250.89,4.96,4.96,Pop,5.8,69,1024.87
4.87,21.51,1.0,Low,Sedan,Sunny,1,Urban,119.1,111.96,3.3,3.38,Pop,52.68,26,579.99
25.3,52.66,1.0,High,Mini,Sunny,0,Airport,104.07,200.59,3.1,3.07,Rock,77.24,14,1054.73
18.43,90.16,1.0,Low,Mini,Sunny,0,Urban,95.37,58.3,4.65,4.34,Rock,66.12,89,803.52
31.34,86.94,1.0,Medium,Sedan,,1,Urban,,133.46,3.54,3.76,Classical,65.37,67,1218.85
9.6,12.85,1.2,Medium,Mini,Sunny,0,Urban,117.75,136.45,4.01,4.93,Rock,9.27,19,665.71
7.42,17.08,1.0,Low,SUV,Sunny,1,Airport,115.41,268.43,4.67,3.17,Pop,51.76,29,916.96
16.85,73.96,1.0,Low,Sedan,Sunny,0,Urban,108.64,168.4,4.01,3.71,Pop,26.32,84,881.27
37.14,124.86,1.0,Low,SUV,Sunny,1,Airport,97.1,235.16,4.79,4.19,None,76.84,75,1691.18
28.71,106.71,1.0,High,Mini,Rainy,0,Airport,97.23,167.78,4.33,4.09,Pop,5.45,76,1344.46
17.34,46.73,1.2,Medium,Sedan,Sunny,0,Airport,118.97,128.48,4.23,3.98,Pop,60.91,36,1087.15
21.17,81.27,1.0,Medium,SUV,Foggy,0,SemiUrban,98.36,284.87,4.51,3.77,None,13.54,73,1268.2
4.28,21.36,1.0,Low,Mini,Sunny,0,Airport,102.67,206.15,3.44,4.67,None,51.19,46,564.41
39.4,98.96,2.5,Low,Mini,Rainy,0,SemiUrban,112.58,210.26,3.34,3.28,Pop,3.63,56,3380.46
26.99,72.11,1.5,Low,Mini,Sunny,1,SemiUrban,114.7,172.8,4.68,4.0,Pop,50.73,93,1495.08
12.13,57.06,1.2,Medium,Mini,Sunny,0,SemiUrban,102.34,96.43,4.8,4.14,Pop,65.58,10,768.63
,97.65,1.2,Low,Sedan,Rainy,0,Airport,101.87,258.73,3.32,4.77,None,34.48,67,1531.69
5.27,44.95,1.2,Medium,Mini,Sunny,1,Urban,100.71,234.61,4.06,3.56,Classical,94.24,64,733.68
38.67,136.46,1.0,Medium,Sedan,Rainy,1,SemiUrban,101.65,145.44,3.34,3.55,Classical,42.91,82,1548.29
7.82,30.37,1.0,Low,Sedan,Sunny,0,SemiUrban,112.75,284.23,3.06,4.62,Rock,30.39,65,688.73
26.27,64.06,1.2,Medium,Mini,Sunny,0,Urban,91.86,135.98,4.0,3.55,Rock,81.17,32,1136.3
10.57,40.5,1.0,Medium,SUV,Sunny,1,SemiUrban,,59.74,4.2,3.11,Rock,20.82,14,731.41
28.98,117.83,1.0,Low,Mini,Rainy,1,SemiUrban,96.44,115.23,3.94,4.04,Pop,79.97,4,1145.05
31.3,69.66,1.0,Medium,Sedan,Rainy,0,SemiUrban,94.84,142.16,4.56,4.52,None,86.18,68,1288.9
27.26,112.73,1.0,Medium,Mini,Rainy,0,Airport,93.62,255.05,3.46,3.31,None,26.87,56,1363.11
24.97,66.97,2.0,Low,SUV,,1,SemiUrban,97.07,246.91,4.84,4.52,Rock,67.97,1,2233.1
35.81,105.39,1.0,Low,SUV,Rainy,0,Urban,115.02,158.11,4.13,3.71,None,44.52,99,1514.83
4.07,15.11,1.0,Low,Mini,Sunny,0,Urban,106.14,225.22,4.06,4.9,None,56.69,79,409.92
13.91,55.87,1.2,High,Mini,Sunny,0,SemiUrban,98.07,107.09,3.91,3.17,Rock,58.43,99,774.01
10.68,59.85,1.2,Low,SUV,Sunny,0,Airport,95.58,272.66,3.43,3.63,None,20.04,4,1161.2
39.53,81.3,1.2,Low,Mini,Rainy,1,SemiUrban,113.09,65.34,3.57,3.42,None,85.65,15,1484.94
16.19,59.0,1.0,Low,Sedan,Sunny,0,Urban,105.16,149.69,4.11,4.79,Classical,98.44,87,848.27
29.57,68.84,1.2,Low,SUV,Sunny,0,Urban,93.61,252.33,4.48,3.56,Pop,51.7,97,1483.52
27.7,69.65,1.5,Low,Sedan,Sunny,0,Urban,101.26,177.69,3.28,3.53,Pop,12.87,55,1660.71
9.27,21.17,1.0,Medium,SUV,Rainy,0,Airport,103.35,253.43,,4.41,Classical,73.56,40,992.99
10.32,49.53,1.0,Low,Mini,Rainy,0,SemiUrban,100.62,91.54,3.06,4.9,Classical,16.32,57,600.05
11.97,52.81,2.5,High,SUV,Sunny,1,SemiUrban,97.96,112.98,3.37,4.18,Rock,4.1,7,2163.16
17.03,61.91,1.0,High,Mini,Foggy,0,Airport,99.87,149.73,4.61,4.88,Rock,47.0,68,983.56
,29.14,1.0,Medium,Mini,Rainy,0,SemiUrban,112.17,264.79,3.55,4.32,None,67.94,69,727.92
,6.31,1.0,High,SUV,Sunny,0,SemiUrban,118.59,289.29,3.57,3.39,Pop,49.77,10,691.44
35.3,85.85,1.0,Medium,Sedan,Rainy,0,Urban,90.78,64.2,4.06,4.49,Rock,19.35,51,1232.56
38.66,,1.0,Medium,SUV,Sunny,1,SemiUrban,108.8,285.1,3.74,3.59,Pop,48.13,76,1439.97
14.32,37.34,1.0,Low,SUV,Sunny,0,SemiUrban,92.18,224.55,4.68,3.62,Classical,16.5,97,786.1
14.2,,1.0,Low,Sedan,Sunny,0,Urban,96.07,170.96,3.91,4.62,Classical,91.24,34,680.02
1.28,14.96,1.0,Low,Mini,Rainy,0,SemiUrban,106.33,110.95,4.71,3.52,None,43.18,98,324.84
,84.08,1.0,Low,Sedan,Sunny,0,SemiUrban,113.82,120.95,3.02,3.67,Rock,31.69,56,1095.3
,122.83,1.5,Medium,Mini,Sunny,1,SemiUrban,103.07,216.05,4.62,4.97,Rock,78.62,55,1862.96
6.72,33.06,1.5,Low,Mini,Sunny,0,Airport,116.38,155.11,3.06,3.34,Pop,54.8,25,1008.95
7.23,23.64,1.0,Low,Sedan,Foggy,0,Airport,111.47,57.83,4.74,4.26,Pop,13.75,19,737.66
31.81,,2.5,High,SUV,Rainy,0,Airport,95.81,291.52,4.9,3.79,Rock,11.12,4,4132.78
25.04,62.29,1.2,Medium,SUV,Foggy,0,Urban,110.59,216.43,4.77,3.64,Pop,26.77,88,1477.75
2.75,15.89,1.5,Medium,Mini,Sunny,1,Urban,99.55,247.27,4.78,3.27,Rock,76.48,32,738.14
25.28,102.57,1.0,Low,SUV,Sunny,0,SemiUrban,113.0,210.8,4.11,4.07,Classical,45.15,32,1223.38
13.05,58.82,1.5,High,Premium,Rainy,0,Airport,96.92,228.47,4.89,,None,18.7,80,2095.32
15.38,39.36,2.0,Low,Mini,Sunny,0,Urban,94.33,59.8,3.24,4.38,Classical,3.9,22,1277.43
31.02,102.44,1.0,Medium,Mini,Sunny,0,SemiUrban,109.13,147.3,3.22,,Pop,37.15,79,1094.28
32.63,87.87,1.2,Medium,Mini,Sunny,0,SemiUrban,108.5,283.85,3.55,3.83,Rock,23.51,84,1376.43
16.61,,1.5,Medium,Sedan,Foggy,1,Urban,107.21,289.24,4.09,4.08,None,94.89,58,1557.85
37.94,144.79,1.0,High,Mini,Sunny,0,SemiUrban,97.3,279.88,3.34,3.13,Rock,20.11,47,1419.28
16.85,64.28,1.2,Low,Sedan,,0,Airport,96.18,299.69,4.76,3.83,Rock,70.3,28,1208.89
31.1,75.5,1.0,High,Sedan,Rainy,0,SemiUrban,117.37,67.62,3.52,3.26,Rock,22.91,74,1200.83
19.87,85.94,1.0,Medium,Sedan,Rainy,1,Urban,105.98,65.93,4.83,3.0,Classical,6.45,80,1059.26
36.0,107.02,1.0,Medium,Premium,,0,Airport,102.2,283.19,3.57,3.12,None,1.07,47,1893.32
36.4,121.62,1.2,High,Sedan,Foggy,0,Airport,114.58,57.6,,3.05,Pop,26.67,55,1832.77
4.41,4.82,1.2,Medium,Mini,Rainy,0,Airport,91.52,271.3,4.49,3.78,Rock,90.75,81,749.16
37.52,115.0,2.0,Medium,Sedan,Sunny,0,Urban,110.28,268.95,3.1,3.77,Classical,23.58,93,3008.01
33.2,123.18,1.2,Low,SUV,Rainy,0,Urban,94.42,185.31,4.56,,Rock,55.27,17,1746.51
31.86,138.03,1.0,High,Mini,Rainy,1,SemiUrban,96.78,270.09,4.87,3.93,Pop,24.16,42,1521.86
8.84,20.28,1.0,Medium,Mini,Sunny,0,SemiUrban,109.18,221.95,3.46,3.16,Pop,71.35,94,495.31
32.4,122.4,2.0,High,Sedan,Rainy,1,SemiUrban,98.39,92.88,4.63,,Rock,76.74,94,2718.11
,102.81,1.2,High,Mini,Rainy,0,SemiUrban,113.34,261.03,4.84,3.09,None,20.84,42,1640.38
12.28,42.73,1.5,Low,SUV,Rainy,0,Urban,105.56,150.26,3.65,3.01,Pop,5.19,20,1330.11
38.14,137.6,1.0,Medium,Sedan,Sunny,0,SemiUrban,99.69,104.31,4.56,4.17,None,13.15,40,1401.91
2.94,23.95,1.2,High,SUV,Sunny,0,Urban,115.94,294.29,3.2,4.43,Rock,49.12,28,984.56
6.85,40.76,1.0,Medium,Sedan,Sunny,0,SemiUrban,108.87,221.19,,3.52,Rock,40.39,74,669.67
21.97,55.18,1.0,Medium,Mini,Sunny,0,Airport,102.64,96.31,3.93,4.39,Classical,10.23,27,4706.85
23.46,56.25,1.5,Low,Mini,,0,SemiUrban,103.6,267.63,3.5,4.26,Pop,11.61,2,1426.44
26.16,77.2,1.2,Low,Mini,Rainy,0,SemiUrban,98.06,256.18,4.05,4.55,Pop,55.85,55,1315.26
1.66,16.78,1.0,Medium,SUV,Sunny,0,Urban,,75.77,3.51,3.41,Rock,99.27,4,624.88
38.45,163.76,1.5,Medium,Sedan,Rainy,0,SemiUrban,99.08,81.68,4.6,3.96,Pop,92.67,42,2275.92
2.74,8.91,1.0,Medium,SUV,Sunny,0,Urban,97.93,105.93,3.64,3.42,Classical,88.64,96,592.54
6.58,24.14,1.0,Low,Mini,Sunny,0,Urban,100.07,274.94,3.15,4.74,Rock,7.6,38,469.85
1.55,12.6,2.0,Medium,Sedan,Sunny,0,SemiUrban,104.08,231.31,3.07,4.29,Classical,11.36,66,1040.71
23.11,110.31,1.0,High,Mini,Sunny,0,Urban,91.89,275.38,3.52,3.17,None,70.97,78,1250.81
37.36,105.21,1.5,Medium,Mini,Sunny,0,SemiUrban,93.18,261.19,4.06,3.73,None,88.84,38,2030.48
26.97,100.64,1.5,High,Mini,Sunny,1,Urban,111.88,183.23,4.27,3.08,Rock,30.09,43,1809.1
33.08,107.79,1.0,Low,SUV,Rainy,0,Urban,95.5,62.74,4.01,4.97,Pop,49.81,51,1283.67
1.52,-1.51,1.2,High,Sedan,Sunny,0,Airport,100.17,230.22,4.4,4.65,Classical,39.08,91,860.06
22.14,55.13,1.0,Medium,Sedan,Sunny,0,Airport,109.11,204.24,4.36,3.71,Rock,13.66,14,1195.52
18.92,72.88,1.0,High,SUV,Rainy,0,Urban,119.31,108.05,4.15,3.77,None,42.02,49,1207.06
20.46,,1.5,Medium,Sedan,Sunny,0,Urban,,281.11,4.36,3.74,None,42.25,1,1701.84
3.82,17.12,1.0,Low,Sedan,Rainy,0,Urban,112.72,221.74,4.72,4.32,None,63.7,23,518.52
,,1.0,High,Premium,Sunny,1,Urban,104.74,250.61,3.08,3.7,None,75.16,38,1472.11
20.63,65.51,1.2,Medium,Sedan,Sunny,0,SemiUrban,92.81,244.03,4.67,3.42,Pop,78.61,14,1119.11
30.84,109.81,1.2,Low,SUV,Sunny,0,SemiUrban,95.07,81.74,3.71,3.54,None,16.41,9,1471.39
19.93,88.18,1.2,Low,Sedan,Sunny,0,SemiUrban,110.83,119.9,3.61,4.59,Pop,61.38,22,1132.25
6.83,29.81,1.5,Low,Mini,Rainy,0,Airport,116.38,240.35,4.73,3.21,Classical,23.09,34,1105.4
26.28,51.5,1.2,Medium,SUV,Sunny,0,SemiUrban,90.36,195.89,,3.86,None,77.46,42,1328.68
7.72,20.65,1.5,Medium,SUV,Sunny,0,Urban,96.69,81.23,3.12,3.79,Rock,49.4,54,887.13
35.02,122.16,1.0,Medium,Sedan,Sunny,0,Airport,100.74,155.85,3.38,,Pop,35.71,45,1512.76
24.91,52.26,1.2,Low,Sedan,Sunny,1,Urban,119.66,109.79,4.87,3.12,Pop,87.46,14,1280.13
7.13,23.71,1.0,Medium,Sedan,Sunny,1,SemiUrban,109.57,236.83,3.82,,None,86.6,13,729.59
38.53,95.16,2.5,Low,Premium,Sunny,1,Airport,100.82,84.4,3.55,4.39,None,92.6,99,4111.18
21.22,68.53,1.0,Medium,SUV,Sunny,1,Urban,96.05,203.29,3.4,4.05,None,57.4,51,1079.87
3.84,18.66,2.5,High,Mini,Sunny,0,Urban,96.8,57.02,4.11,3.24,Pop,67.57,81,1183.21
25.45,90.53,1.5,High,SUV,Rainy,0,Urban,91.48,222.75,4.94,3.77,Rock,42.94,97,2096.46
10.87,,1.5,Low,Sedan,Sunny,0,SemiUrban,119.84,72.34,3.27,4.05,Rock,90.07,90,1048.31
32.34,64.96,1.2,Medium,Mini,Rainy,0,SemiUrban,119.47,82.15,3.48,3.71,None,48.71,18,1436.69
32.9,,1.0,Medium,Sedan,Rainy,0,Urban,90.34,169.85,3.99,3.23,None,73.75,92,1244.31
39.18,119.51,1.2,Low,Mini,,0,SemiUrban,98.12,52.68,3.43,,Classical,84.33,81,1531.4
20.57,76.79,1.0,High,SUV,Sunny,0,Urban,90.61,294.51,5.0,3.49,None,43.06,49,1267.95
18.74,45.41,2.0,Medium,Mini,Rainy,0,Urban,99.05,117.58,,3.0,Classical,83.86,3,1696.9
30.39,94.15,1.5,Medium,SUV,Sunny,0,SemiUrban,117.04,51.19,,4.46,Rock,88.68,86,1845.37
6.17,37.06,1.5,Medium,SUV,Rainy,0,Urban,116.24,266.07,3.44,4.37,None,1.05,64,1340.95
22.33,89.26,1.0,Low,Mini,Rainy,0,Urban,110.55,66.65,4.59,4.76,Rock,43.73,16,1032.81
22.3,101.13,1.0,Low,Sedan,Rainy,1,Urban,119.61,268.6,3.93,3.23,Rock,95.59,28,1175.27
13.47,66.77,1.2,Low,Sedan,,1,Urban,112.38,249.68,4.3,4.23,None,5.49,77,3612.42
17.3,54.09,1.0,Low,Premium,Sunny,0,Urban,97.24,80.26,3.35,4.44,Rock,44.07,68,1063.82
34.28,111.8,2.0,Low,SUV,Sunny,0,Urban,115.05,78.27,3.26,4.21,None,81.38,86,2748.79
34.39,71.93,1.5,High,Sedan,Rainy,0,Airport,105.24,235.61,4.12,3.71,Pop,48.33,67,2234.79
4.87,4.33,1.0,Medium,SUV,Sunny,0,Airport,105.12,246.3,3.36,3.65,Classical,72.93,55,779.61
4.54,17.76,1.2,High,Mini,Sunny,0,Urban,114.99,143.95,4.03,3.28,Pop,85.96,16,632.02
11.25,35.8,1.2,High,Mini,Foggy,1,Urban,106.03,269.1,5.0,4.94,Pop,20.31,62,1003.67
35.12,130.9,1.2,Medium,SUV,Foggy,0,Urban,99.82,99.61,3.88,3.22,None,21.14,95,1835.18
6.03,26.19,1.2,Low,Mini,Sunny,0,SemiUrban,117.86,202.7,3.05,4.36,None,74.62,62,610.62
29.08,73.98,1.0,Medium,SUV,Rainy,0,SemiUrban,92.21,153.85,4.27,4.77,Rock,35.72,70,1300.77
4.95,22.64,1.0,Low,Sedan,Foggy,0,Airport,109.73,133.41,3.52,4.8,Classical,29.87,49,726.94
25.3,70.56,1.5,Low,Sedan,Sunny,1,Airport,113.56,184.39,4.88,4.85,None,61.27,47,1748.95
14.89,49.24,1.0,Medium,Mini,Sunny,0,Airport,91.54,125.69,3.47,4.32,Pop,96.72,22,745.33
31.77,117.24,1.5,Medium,Mini,,1,SemiUrban,97.03,105.71,4.87,3.26,Rock,18.23,24,1794.01
10.11,24.55,1.2,Low,Mini,Sunny,0,Airport,96.7,185.13,3.04,,Pop,71.47,9,823.89
25.93,102.31,2.0,Low,Sedan,Rainy,1,Urban,116.68,181.86,4.96,3.88,None,67.07,76,2455.43
10.19,41.14,2.5,Low,SUV,Sunny,0,Airport,109.51,252.62,3.55,4.34,Rock,75.7,55,2338.56
28.83,70.89,1.2,Medium,Sedan,Rainy,1,Airport,96.51,212.65,4.56,3.92,Pop,53.74,14,1604.12
35.07,138.78,1.0,High,Sedan,Sunny,0,Urban,117.29,133.65,3.93,4.64,Rock,77.17,41,1525.49
5.95,17.92,1.2,Medium,Mini,Sunny,0,Urban,97.31,221.89,3.74,3.82,Classical,0.62,88,628.76
34.8,98.79,1.0,High,Mini,Rainy,0,Airport,109.86,79.16,4.92,4.51,Rock,57.85,41,1402.42
24.15,60.09,1.0,Medium,Premium,Sunny,0,SemiUrban,103.57,95.38,4.88,4.9,Rock,13.29,16,1252.54
5.96,32.29,1.2,Low,Mini,Rainy,1,Airport,92.93,196.57,4.21,4.45,Classical,61.8,94,779.36
17.67,45.16,1.5,Medium,Mini,Rainy,0,SemiUrban,112.6,189.22,4.88,4.53,None,74.99,55,1259.87
7.27,,1.0,Low,SUV,Foggy,1,SemiUrban,99.83,182.55,4.58,4.42,Classical,44.06,90,743.32
28.31,78.6,1.0,Low,Sedan,Rainy,0,Urban,100.8,208.55,3.73,4.68,None,67.53,22,1116.09
30.6,108.63,1.2,Medium,Mini,Sunny,1,SemiUrban,96.44,88.56,,3.58,Classical,96.66,49,1308.68
5.13,23.77,2.0,High,Premium,Rainy,0,Airport,114.13,250.31,3.72,4.98,Rock,95.32,77,2313.24
20.74,67.22,1.0,Medium,Sedan,Sunny,0,SemiUrban,94.8,268.86,4.89,4.59,Pop,29.84,26,947.45
32.77,112.39,1.0,High,Mini,Sunny,0,SemiUrban,96.55,180.27,4.03,4.52,Classical,20.36,78,1247.42
37.51,129.98,2.0,Medium,SUV,Sunny,1,Airport,102.2,221.21,4.48,3.18,None,64.55,34,3353.83
63.09,150.21,1.0,Low,Mini,Sunny,0,Urban,94.46,254.92,4.27,3.67,Rock,48.2,40,3678.07
38.06,,1.2,Medium,Sedan,,1,SemiUrban,93.38,212.57,4.47,3.51,Rock,9.54,47,1637.43
21.89,,1.2,High,SUV,Sunny,1,Airport,105.65,158.62,3.36,3.22,Classical,10.46,93,1511.9
16.37,73.83,1.0,Medium,Premium,Sunny,0,SemiUrban,118.61,220.81,4.78,4.83,Rock,30.18,26,1247.22
34.08,127.32,1.2,Medium,Mini,,1,SemiUrban,,282.69,4.64,4.22,Rock,99.89,33,1616.31
20.23,68.81,2.0,Medium,Mini,Sunny,1,SemiUrban,95.31,121.64,4.26,4.79,Pop,33.72,82,1673.66
19.4,49.04,1.0,Medium,Sedan,Sunny,0,SemiUrban,107.63,250.3,3.42,4.06,None,8.73,80,954.67
20.12,87.37,1.0,Low,SUV,Rainy,0,Airport,113.81,299.34,4.15,4.82,Classical,35.12,19,1438.5
34.02,121.03,1.2,Low,Sedan,Sunny,0,SemiUrban,94.35,240.72,3.87,4.85,None,21.53,15,1625.21
33.45,77.85,1.0,Low,Sedan,Sunny,0,Airport,92.46,127.68,3.04,4.3,Classical,35.55,20,1295.89
16.74,37.87,1.2,Medium,Mini,,0,Urban,116.73,80.53,4.85,4.0,Rock,51.01,84,916.45
14.0,30.77,2.0,High,Sedan,Sunny,1,Urban,97.35,186.13,4.54,3.44,Pop,93.39,5,1669.52
20.19,,2.0,High,SUV,Rainy,0,Urban,104.94,79.07,4.8,4.83,Pop,2.88,45,2151.49
23.34,58.25,1.0,Low,Mini,Sunny,0,Airport,96.26,165.41,4.21,4.56,Classical,74.91,81,983.71
10.3,23.6,1.0,Medium,Mini,Foggy,0,Airport,91.43,134.17,3.66,3.67,Rock,1.59,64,748.42
31.96,115.88,1.0,Medium,Sedan,Foggy,0,Airport,105.4,168.94,3.88,4.33,None,10.44,83,1485.79
19.97,,2.0,Medium,Mini,Foggy,1,Urban,103.05,128.71,4.66,4.22,Pop,41.28,86,1703.9
14.03,,1.0,Medium,Sedan,Sunny,0,SemiUrban,111.79,261.22,3.4,3.22,None,85.01,89,871.35
5.17,20.49,1.0,Low,Mini,Rainy,1,Airport,,159.27,3.3,4.86,Classical,56.86,24,523.66
10.31,,1.5,High,Mini,Sunny,0,Urban,94.25,76.21,3.2,3.01,Pop,64.4,35,883.25
38.02,92.94,1.2,High,SUV,Rainy,1,Airport,95.15,211.44,3.2,4.66,Pop,4.81,97,2016.58
12.9,44.29,1.0,Low,Sedan,Foggy,1,Airport,118.51,244.6,3.97,4.02,Rock,83.23,92,990.58
7.59,36.0,1.0,Medium,Premium,Sunny,0,Urban,102.54,156.18,4.47,4.65,Pop,32.97,31,915.62
,83.05,1.2,Low,Sedan,Sunny,1,Airport,118.58,201.41,4.78,4.11,None,16.94,14,1269.93
12.98,54.04,1.5,Low,Mini,Sunny,1,Airport,100.15,161.54,4.14,3.31,Classical,4.33,39,1164.49
2.37,10.98,1.2,High,Mini,Rainy,0,Airport,100.43,100.25,3.99,3.95,Classical,86.42,50,715.26
13.6,41.31,1.0,Medium,Sedan,Rainy,0,Urban,111.21,199.25,3.77,4.76,Rock,41.23,46,934.91
22.22,50.79,1.0,Low,Mini,Sunny,1,Urban,92.91,225.32,3.6,3.46,None,76.16,8,952.57
22.52,85.8,1.5,Medium,SUV,Rainy,1,Airport,102.39,112.3,3.07,3.24,Rock,53.63,3,1942.38
14.91,45.91,2.0,High,Mini,Rainy,0,Urban,101.41,227.42,4.46,3.83,Rock,57.49,42,1761.82
18.44,61.74,1.0,High,Mini,Foggy,0,Airport,91.06,264.99,3.14,4.62,None,96.2,9,1065.88
,101.24,1.0,Low,Mini,Sunny,0,Airport,99.38,279.28,,,Rock,66.68,63,1359.59
15.72,43.83,1.2,High,Sedan,Sunny,0,Airport,101.96,93.13,4.43,4.99,Pop,59.18,99,1134.72
11.07,59.46,1.2,High,SUV,Foggy,0,Airport,91.74,91.84,4.97,4.76,Rock,55.58,64,1233.43
10.5,33.03,1.0,Medium,Mini,Sunny,1,SemiUrban,90.6,267.31,3.04,3.34,Pop,53.75,11,684.68
18.85,88.46,1.2,Medium,Sedan,Sunny,1,SemiUrban,108.0,221.16,3.49,4.58,Pop,96.37,7,3882.79
30.62,91.86,2.5,Low,Mini,Foggy,0,Airport,96.18,82.45,3.16,4.44,Rock,34.41,20,3020.34
9.03,33.56,1.2,Low,Sedan,Rainy,0,Airport,100.88,173.78,4.87,3.39,Rock,3.24,83,1034.34
28.66,105.28,1.0,Medium,Mini,Sunny,0,Urban,,239.94,4.03,4.56,None,10.53,47,1187.99
,20.33,1.5,High,Sedan,Sunny,0,Airport,93.03,99.77,4.91,3.49,Rock,79.47,12,957.11
17.34,38.21,1.0,High,Sedan,Foggy,0,Urban,94.63,277.6,3.31,3.91,None,92.17,85,1017.58
31.26,96.0,1.0,Medium,Mini,Sunny,0,SemiUrban,90.89,266.49,3.66,3.55,None,7.05,49,1239.03
,55.26,1.2,Medium,Sedan,Sunny,1,SemiUrban,112.87,198.39,4.28,,Rock,9.45,76,1023.92
,87.8,1.2,Medium,Sedan,Foggy,0,Urban,117.18,244.43,3.55,3.6,Pop,9.69,36,1464.68
8.99,48.77,2.0,Medium,Sedan,Sunny,0,Airport,105.66,87.19,4.84,4.32,Classical,17.84,78,1518.81
29.94,121.57,1.0,Low,Sedan,Rainy,0,Urban,114.49,112.04,3.88,4.6,Pop,12.14,21,1304.2
3.04,-5.27,1.0,Low,Sedan,Sunny,1,SemiUrban,94.07,243.58,4.23,3.04,Classical,37.16,19,394.51
34.25,100.91,2.0,Low,Sedan,Sunny,0,Airport,103.48,161.09,3.7,,Classical,40.27,54,2698.27
8.73,,1.0,Low,SUV,Rainy,0,Airport,94.29,95.25,3.42,3.29,Classical,52.32,46,815.2
35.1,132.0,1.0,Low,SUV,Rainy,1,Airport,119.86,122.53,4.6,3.04,Rock,78.75,27,1673.76
14.75,46.74,1.2,Medium,Sedan,Sunny,0,SemiUrban,91.74,205.55,4.59,4.97,None,58.27,21,977.18
29.18,67.25,2.5,Low,SUV,Sunny,0,Airport,103.32,60.27,4.63,4.35,Classical,8.78,54,3038.36
13.45,38.95,1.2,Low,SUV,Sunny,0,SemiUrban,93.37,87.07,3.66,3.9,Classical,80.64,82,925.02
36.33,93.9,1.0,High,Mini,Sunny,0,SemiUrban,92.06,100.64,4.71,3.86,Classical,74.72,14,1260.28
5.94,38.26,1.2,Medium,Premium,Rainy,0,SemiUrban,112.05,271.87,,4.68,Classical,76.68,72,1330.01
,31.41,2.5,Medium,Mini,Sunny,0,Urban,92.4,271.92,3.72,4.14,Classical,57.27,58,1541.61
20.23,65.28,1.5,Low,Mini,Rainy,0,SemiUrban,90.72,103.11,3.6,,Pop,41.98,5,1270.97
4.2,,1.0,Medium,Premium,Sunny,0,SemiUrban,118.49,199.55,3.86,4.84,Pop,17.02,7,928.44
8.64,22.92,1.5,Medium,Mini,Sunny,0,Urban,95.54,140.05,3.05,4.77,Classical,94.81,22,863.47
37.81,105.72,1.5,Medium,Sedan,Sunny,0,Airport,,62.59,3.5,3.19,Rock,86.9,99,2194.06
39.08,121.21,1.2,Medium,Premium,Rainy,0,Urban,118.59,88.36,3.51,3.97,Rock,24.92,42,2144.65
15.67,45.18,1.2,Medium,Mini,Sunny,0,Airport,112.56,51.32,4.7,4.27,Classical,32.22,68,993.65
37.01,111.42,1.0,High,Mini,,0,Urban,93.11,296.06,4.39,3.93,Pop,6.18,28,1401.73
22.25,98.28,1.2,Low,Sedan,Sunny,0,Airport,95.11,212.43,3.53,3.58,Classical,74.54,13,1453.57
11.52,50.23,1.5,Low,SUV,Foggy,0,Urban,95.37,83.15,3.73,4.83,Rock,65.85,41,1156.71
28.39,119.81,1.0,Medium,SUV,Rainy,0,Urban,109.62,233.4,4.93,4.8,Rock,78.79,76,1369.45
26.7,112.57,1.0,Medium,SUV,Sunny,0,SemiUrban,95.39,203.08,4.19,4.68,Rock,10.39,33,1353.99
39.58,118.02,1.0,Low,Mini,Sunny,1,Airport,90.9,101.79,4.4,4.87,Rock,10.88,81,1389.55
11.34,35.71,1.5,High,Mini,Rainy,1,Urban,103.76,173.28,4.94,4.49,Classical,85.08,3,1154.7
27.21,70.12,1.2,Medium,Sedan,Foggy,0,Urban,107.67,202.66,4.32,3.78,None,68.76,91,1432.05
3.03,11.71,1.2,Medium,Sedan,Rainy,0,Airport,103.81,140.49,3.8,,Pop,30.06,6,821.19
5.43,17.9,1.5,Medium,Mini,Sunny,0,Urban,104.67,289.66,3.77,4.65,Pop,44.59,64,842.66
1.15,-5.0,1.5,Medium,Mini,Foggy,0,Urban,103.7,73.68,3.22,4.82,Classical,41.89,76,534.34
39.98,107.81,2.0,High,Mini,Sunny,0,SemiUrban,97.96,81.51,3.2,4.34,Rock,48.37,81,2637.27
32.29,94.78,1.0,Low,SUV,Sunny,1,SemiUrban,118.68,264.15,3.76,4.16,Classical,37.61,54,1430.23
31.68,,1.2,Low,SUV,Rainy,1,Airport,115.14,112.57,3.84,4.79,Rock,95.65,52,1795.62
20.88,96.37,1.5,Low,Mini,Sunny,0,Airport,99.69,82.56,4.31,4.5,Classical,34.92,40,1517.58
12.7,38.81,1.0,High,Mini,,0,SemiUrban,91.19,146.74,3.92,4.83,Pop,38.93,63,745.9
6.9,33.27,1.0,Medium,Mini,Sunny,0,Urban,115.74,92.09,,4.77,Classical,84.79,64,545.62
12.1,42.07,1.0,High,Premium,Sunny,0,Urban,112.27,176.09,3.2,3.66,None,0.98,83,1032.68
15.66,72.4,1.5,High,SUV,Sunny,0,SemiUrban,92.44,233.42,3.63,3.26,Classical,78.13,4,1492.79
30.5,,1.2,Medium,Sedan,Rainy,0,Urban,110.94,238.9,4.81,4.4,Classical,23.39,38,1660.56
22.05,87.34,1.2,Low,Mini,Sunny,0,Airport,103.58,125.79,3.09,4.87,None,58.66,82,1190.94
4.02,12.65,1.0,Low,Mini,Sunny,1,SemiUrban,93.91,222.52,4.31,4.82,None,26.09,38,376.35
1.7,18.19,1.0,Low,Sedan,Sunny,0,Urban,111.74,291.36,4.11,4.84,None,87.21,7,483.85
4.99,30.49,2.0,High,Premium,Sunny,0,Urban,100.67,51.85,3.12,4.74,Classical,92.46,24,1720.68
17.01,57.5,1.0,Low,Mini,Sunny,0,Airport,117.31,211.59,3.26,3.88,None,18.29,36,835.72
37.39,137.57,1.2,Medium,SUV,Sunny,0,Airport,91.29,174.9,3.57,4.87,Rock,88.33,45,2001.46
25.86,107.0,1.0,Low,Mini,Sunny,0,Airport,118.12,148.56,3.2,4.27,Rock,13.4,24,1099.5
32.27,75.41,1.0,Low,Sedan,,0,Airport,92.64,102.3,3.74,4.66,Rock,43.95,54,1248.25
19.19,70.15,2.0,Low,SUV,Rainy,0,SemiUrban,91.08,81.01,4.34,3.6,None,1.82,83,2045.46
15.1,44.91,2.5,Medium,Sedan,Sunny,0,SemiUrban,107.45,280.23,,4.0,Rock,39.25,36,2213.53
5.23,,1.0,Low,SUV,Sunny,0,SemiUrban,,57.61,3.73,3.23,Pop,8.19,19,648.73
35.16,151.13,1.0,Medium,SUV,Sunny,1,Urban,95.93,167.47,,3.31,Classical,65.78,23,1544.82
31.54,96.61,1.0,Medium,Mini,Rainy,0,Urban,,101.21,4.75,4.61,Pop,67.32,79,1210.35
7.56,19.05,1.0,High,Mini,Sunny,0,Urban,114.06,86.82,3.29,4.89,Classical,11.75,21,666.18
20.98,87.05,1.2,High,SUV,Rainy,0,Urban,98.48,138.15,4.35,4.06,Classical,80.13,82,1420.26
20.01,72.21,1.2,Medium,Mini,Rainy,0,Urban,103.29,129.03,3.53,3.97,Rock,22.0,22,1102.45
25.38,76.87,1.5,Medium,Sedan,Foggy,0,SemiUrban,113.5,165.44,4.19,4.88,Rock,29.99,47,1645.36
37.9,153.36,1.5,Low,SUV,Rainy,0,Airport,115.0,173.29,3.75,,None,11.2,88,2620.48
23.61,92.04,1.0,Medium,SUV,Sunny,1,SemiUrban,113.89,176.09,4.14,,Classical,83.54,75,1227.02
22.07,76.84,1.5,Medium,SUV,Sunny,0,Airport,98.04,82.98,4.26,,Rock,49.8,11,1723.87
2.96,25.06,1.5,Low,Mini,Sunny,1,Airport,112.96,92.68,3.3,4.9,None,85.46,93,778.38
3.45,6.3,1.2,Medium,SUV,Rainy,0,SemiUrban,108.98,131.04,4.01,4.08,Classical,42.53,53,753.27
8.31,34.93,2.0,Low,SUV,Sunny,1,Airport,105.79,70.2,3.33,4.29,Classical,39.18,70,1611.11
2.27,4.9,1.5,Low,Sedan,Rainy,1,Airport,118.91,258.33,3.36,4.06,Pop,45.93,92,1036.46
29.99,91.28,1.2,Low,Mini,Sunny,0,Urban,107.94,74.42,4.49,4.48,Rock,48.59,22,1212.42
29.21,75.44,2.0,High,Sedan,Rainy,0,Urban,116.06,107.08,4.83,4.8,Rock,38.39,2,2577.41
6.31,17.97,1.2,Low,SUV,Rainy,0,Airport,112.57,209.31,3.88,4.99,Classical,46.2,33,1066.45
33.61,103.2,1.2,Low,SUV,Sunny,0,Airport,91.35,282.58,4.51,,None,48.04,87,1906.88
7.04,35.56,1.0,High,Mini,Rainy,1,Airport,98.01,83.68,4.15,4.04,Pop,99.08,26,728.66
12.75,51.5,2.0,Low,Mini,Sunny,0,SemiUrban,108.27,159.77,4.75,4.77,Pop,63.07,57,1324.12
10.71,44.66,1.0,High,Sedan,Rainy,1,Airport,103.15,124.28,4.86,3.87,Pop,85.58,6,871.51
15.52,55.96,1.2,High,Sedan,Foggy,0,Airport,118.66,170.02,4.67,3.72,None,48.85,69,1315.65
10.93,28.1,1.2,Medium,Sedan,Foggy,0,Urban,107.51,159.55,4.85,4.94,Classical,58.6,58,902.4
20.07,80.18,1.2,Medium,Sedan,Sunny,0,Airport,117.87,194.4,3.5,4.46,None,3.38,81,1417.66
16.89,57.93,1.2,High,Sedan,Sunny,0,Airport,96.18,60.68,3.58,4.01,Classical,28.6,18,1177.22
39.48,158.75,1.2,Medium,Mini,Rainy,0,Urban,116.93,257.26,4.17,4.59,Rock,80.15,47,1944.54
3.18,17.87,1.0,Low,Mini,Rainy,0,Airport,106.11,58.27,4.6,3.64,Rock,33.76,55,530.35
6.55,36.46,2.0,High,Sedan,Sunny,1,Airport,96.42,193.11,3.17,4.18,Pop,72.47,69,1655.3
3.06,8.05,1.2,Low,Mini,Rainy,0,SemiUrban,101.71,253.52,3.64,4.42,Rock,2.9,54,528.28
25.41,88.59,2.0,Low,SUV,Sunny,0,Airport,119.06,78.82,3.65,4.43,Rock,55.78,93,6519.37
3.13,10.03,1.0,High,SUV,Rainy,0,Urban,118.78,220.44,,3.39,Pop,98.85,32,761.28
33.62,121.31,1.2,Low,Sedan,Rainy,1,Airport,90.66,102.59,4.49,4.99,Pop,71.41,99,1754.85
20.97,95.0,1.5,Medium,SUV,Rainy,0,Airport,99.22,99.68,4.3,4.51,Pop,69.95,73,1898.36
21.55,60.06,1.0,Medium,Mini,Sunny,0,Airport,116.98,61.14,3.37,4.49,None,48.25,11,886.33
22.9,77.53,1.5,Medium,Mini,Foggy,0,Airport,90.98,142.07,4.05,4.17,Rock,28.24,82,1661.89
7.66,19.33,1.0,Low,Mini,Sunny,0,Urban,118.71,273.16,3.02,3.69,None,41.37,95,571.48
8.71,30.76,1.2,Medium,SUV,Sunny,0,Urban,,226.09,3.41,3.98,Rock,51.48,36,3975.48
13.43,44.86,1.2,Low,Sedan,Sunny,0,Airport,93.44,192.16,4.6,,Classical,71.44,50,3780.52
24.15,94.66,1.2,Low,Mini,Sunny,0,Airport,99.03,254.65,4.31,3.23,Pop,16.33,1,1388.95
9.19,40.33,1.2,Low,Mini,Sunny,1,Urban,114.24,258.9,4.09,4.85,Pop,36.93,94,773.25
5.54,22.72,1.0,Low,SUV,Rainy,0,SemiUrban,119.95,198.39,4.69,4.02,None,85.68,72,705.53
38.83,94.55,1.2,High,Sedan,Rainy,1,Airport,94.01,127.59,3.88,3.09,Pop,0.93,90,1864.38
1.86,14.24,1.0,Medium,Sedan,Sunny,1,Airport,109.13,270.14,3.56,3.84,Rock,82.11,16,740.97
32.31,103.76,1.2,Medium,Premium,Rainy,0,Urban,117.76,137.46,4.68,3.84,Rock,5.4,2,1969.06
31.73,80.76,1.0,Medium,SUV,Foggy,0,Airport,116.99,93.28,3.61,3.17,Pop,77.59,32,1415.37
12.59,44.69,1.2,High,Mini,,0,Airport,101.5,189.83,4.71,3.39,None,98.99,62,1060.44
6.29,,1.2,Medium,Sedan,Sunny,1,Airport,115.97,71.11,4.33,3.16,Rock,74.65,47,881.91
6.68,24.17,1.5,Medium,Sedan,Rainy,0,Airport,95.75,102.75,4.26,3.32,Pop,53.42,93,1081.93
28.2,92.94,1.2,Low,SUV,Rainy,1,Urban,,261.89,3.16,3.23,Pop,13.15,65,1645.92
26.07,52.28,1.0,Medium,Mini,Sunny,0,Airport,107.94,154.33,3.95,4.8,Rock,5.75,68,1015.58
31.53,134.87,1.2,Low,Sedan,Rainy,0,SemiUrban,113.49,172.14,3.75,4.55,None,40.34,93,1558.88
37.56,133.96,1.2,Medium,Sedan,Rainy,1,Urban,96.87,184.69,4.85,4.75,Classical,41.18,96,1850.56
27.99,115.24,1.0,Low,SUV,Foggy,0,Urban,108.87,173.24,3.02,3.28,Pop,23.48,29,1348.74
7.08,22.94,1.0,Medium,SUV,Sunny,0,SemiUrban,108.31,104.48,4.21,4.34,None,40.03,54,698.17
10.49,36.24,1.2,Low,Sedan,Rainy,0,SemiUrban,92.53,279.02,3.82,4.8,None,28.95,50,936.05
33.85,74.02,1.0,Medium,Sedan,Rainy,0,Airport,99.92,219.79,4.61,4.91,Rock,5.62,4,1484.26
9.16,23.69,1.0,Medium,SUV,Sunny,0,SemiUrban,96.22,212.76,4.67,3.12,None,44.82,69,750.76
3.83,10.84,1.0,Low,Sedan,Rainy,0,Airport,119.99,259.17,3.93,3.76,Pop,48.41,80,787.33
28.43,113.01,1.0,Low,SUV,Sunny,1,Airport,119.72,219.15,3.32,3.73,Rock,70.07,92,1514.32
16.7,66.54,1.0,Low,SUV,Sunny,0,Airport,97.57,80.27,3.41,3.37,Classical,55.05,19,1037.03
,108.52,1.2,Medium,SUV,,0,Urban,114.26,134.87,4.45,3.31,Classical,90.34,42,1861.01
26.36,106.75,1.0,Medium,Mini,Sunny,0,Airport,114.49,143.4,4.65,3.74,Pop,35.11,12,1202.66
4.53,20.18,1.0,Medium,Mini,Sunny,1,Airport,118.08,218.04,3.73,4.42,None,22.19,77,662.4
37.97,83.42,1.0,Medium,Sedan,Sunny,0,Urban,93.88,226.29,,4.46,Rock,6.81,48,1423.03
11.08,45.36,1.2,Medium,Sedan,Sunny,1,Airport,110.03,189.11,3.34,4.15,Classical,38.68,59,1052.3
14.15,36.21,2.0,Medium,Mini,Sunny,0,Urban,96.18,149.96,4.31,4.57,Classical,5.16,60,1420.46
16.69,63.56,1.2,Low,Mini,Sunny,0,Urban,109.73,269.06,3.24,4.41,Classical,48.27,53,1059.94
3.0,13.26,1.2,Medium,Sedan,Sunny,0,Airport,116.17,188.73,4.41,4.59,None,89.43,53,842.46
20.36,,1.2,Low,Premium,Sunny,0,Airport,92.44,255.96,4.2,4.95,Classical,53.71,85,1708.85
5.81,27.81,1.0,Medium,Sedan,Sunny,1,Airport,,281.77,4.62,,Classical,65.58,20,798.0
16.64,70.02,1.0,Medium,Mini,Rainy,0,Urban,106.13,155.71,4.2,4.53,Classical,87.98,37,932.15
14.68,56.26,1.0,Medium,Mini,Foggy,1,SemiUrban,95.27,122.69,3.41,4.67,Classical,13.44,84,660.55
31.14,92.05,1.0,Low,Mini,Sunny,0,Urban,97.13,143.0,4.16,4.83,Pop,55.12,83,1122.35
32.32,117.46,1.0,Low,SUV,Sunny,0,SemiUrban,105.62,70.69,4.81,,Classical,36.04,94,1276.83
6.98,35.64,1.2,Low,Premium,Sunny,0,SemiUrban,115.81,137.6,4.58,4.84,Pop,58.57,80,1082.8
15.3,63.61,1.0,Medium,Sedan,Sunny,0,Airport,110.26,176.59,3.34,4.08,Rock,12.96,4,1028.11
15.56,61.95,2.0,Medium,Sedan,Foggy,0,Urban,,101.47,3.19,4.39,Rock,35.94,11,1727.59
6.91,33.08,2.0,Low,SUV,Rainy,0,Urban,93.79,94.51,4.92,3.7,Rock,70.52,77,1496.88
32.14,129.57,2.5,Medium,Mini,Sunny,0,Urban,116.48,129.25,4.49,4.97,Pop,57.21,22,3165.45
28.58,74.76,1.0,Low,Mini,Sunny,0,Urban,109.58,75.17,4.65,3.43,None,74.31,83,996.56
8.42,25.03,2.0,Medium,Sedan,,0,SemiUrban,,173.28,4.8,,Pop,44.75,93,1343.16
,60.22,1.5,Medium,SUV,Sunny,0,Airport,107.88,208.87,3.93,3.5,Pop,16.93,11,1662.91
5.13,,2.0,Medium,Sedan,Sunny,1,SemiUrban,95.06,197.09,4.75,3.84,Rock,22.99,57,1054.78
25.5,94.21,1.2,High,Mini,Rainy,1,SemiUrban,117.6,120.06,3.26,4.54,Pop,76.88,52,1346.02
5.73,16.7,1.5,Low,SUV,Sunny,1,SemiUrban,93.67,265.17,3.68,4.97,Classical,35.16,73,1016.29
39.45,157.98,1.0,Low,Sedan,Rainy,0,Urban,92.31,77.43,3.68,4.24,Classical,40.75,35,1514.05
31.45,62.3,1.0,Medium,SUV,Foggy,0,SemiUrban,109.34,50.39,3.07,4.24,Classical,83.22,30,1272.69
16.22,63.11,1.0,Low,Mini,Sunny,0,Urban,113.78,83.62,3.37,4.06,Pop,21.88,85,718.32
23.56,68.51,2.0,High,Mini,Sunny,1,Urban,98.21,230.99,4.46,4.8,Classical,81.42,1,2062.6
36.54,81.42,1.0,Low,Mini,Foggy,0,Urban,99.04,247.16,3.93,3.66,Rock,11.86,4,1297.8
22.61,,1.0,Low,SUV,Sunny,0,Urban,100.7,241.6,4.19,3.38,None,14.58,27,1155.43
7.81,20.26,2.0,Medium,Mini,Sunny,1,SemiUrban,112.97,131.08,4.23,3.46,Pop,35.55,47,1016.23
15.77,52.6,1.0,Low,Sedan,Rainy,0,SemiUrban,97.86,268.72,3.42,4.72,Classical,82.01,17,864.3
33.88,117.16,2.0,Low,Sedan,Sunny,1,Urban,92.64,272.37,4.85,3.34,Pop,72.44,54,2693.26
26.12,65.88,1.5,High,Sedan,Sunny,0,Airport,99.28,255.03,3.28,4.0,Rock,76.41,43,1949.37
26.38,97.45,1.0,Low,Sedan,Sunny,0,Urban,118.98,234.26,3.01,3.64,Classical,18.82,47,1229.34
34.81,99.7,1.0,Medium,Mini,Foggy,0,SemiUrban,103.04,260.27,3.53,3.37,None,97.69,13,1275.0
35.86,141.91,1.2,Low,Mini,Rainy,1,Urban,106.8,214.58,4.01,4.14,Pop,9.54,40,1794.39
,108.29,2.5,Low,Mini,Sunny,1,SemiUrban,112.87,291.03,3.34,4.71,Classical,10.72,27,3327.92
4.7,27.56,2.0,Low,Mini,,0,SemiUrban,106.76,207.51,4.55,3.64,Rock,35.95,42,1020.67
22.22,59.07,1.0,Low,Mini,Sunny,1,Airport,109.71,91.29,3.42,3.24,None,52.98,32,954.19
29.88,76.71,1.0,Low,Sedan,Foggy,0,SemiUrban,116.41,95.66,4.91,4.25,None,75.25,43,1114.69
30.52,101.52,1.0,High,Mini,Rainy,0,Urban,101.19,157.66,4.42,4.48,Classical,66.11,10,1144.0
24.66,59.22,1.5,Medium,Mini,Sunny,1,SemiUrban,93.34,229.87,4.71,,Classical,88.74,37,1432.28
7.5,14.15,1.0,Medium,Sedan,Foggy,0,Urban,92.83,85.1,4.1,,Pop,59.9,7,497.06
32.1,113.07,1.0,Low,Mini,Foggy,1,Airport,113.48,98.69,4.11,3.01,Rock,7.28,11,1371.91
29.08,97.53,1.5,Low,SUV,Rainy,0,Airport,109.65,69.29,4.95,3.17,Rock,46.93,57,2007.6
4.36,22.09,1.2,Medium,Sedan,Foggy,1,SemiUrban,106.99,91.88,3.23,4.85,Classical,77.16,79,730.24
19.09,43.26,1.0,Medium,Premium,Sunny,0,Airport,117.9,105.03,4.16,4.16,Rock,48.3,1,1163.7
7.79,31.52,1.5,Low,Mini,Rainy,0,SemiUrban,108.81,189.64,3.14,3.75,None,12.75,17,931.62
14.16,25.05,1.2,Low,Mini,Sunny,0,Airport,91.43,147.11,4.98,3.37,None,69.98,66,917.25
1.71,6.41,1.2,Low,Sedan,Rainy,0,SemiUrban,104.06,73.45,4.26,4.4,None,72.92,29,525.73
16.61,31.42,1.2,Low,Mini,Foggy,0,SemiUrban,96.45,89.6,3.17,4.53,Classical,76.15,62,793.13
22.45,109.85,1.2,Medium,Sedan,,0,Urban,108.64,179.98,,4.62,None,34.45,58,1321.38
25.16,81.67,1.2,Low,Sedan,Rainy,0,SemiUrban,95.63,82.97,4.78,3.04,None,68.46,48,1265.34
26.88,62.48,2.0,Low,Sedan,Sunny,1,Urban,109.35,232.22,3.16,4.54,Pop,73.7,63,2202.42
33.62,59.79,1.2,Medium,SUV,Rainy,1,SemiUrban,116.5,73.82,3.55,3.32,Pop,38.69,1,1608.65
9.4,50.12,1.2,Low,Mini,Sunny,1,SemiUrban,92.32,97.54,4.01,4.59,Pop,41.65,60,740.93
5.7,24.62,1.2,Medium,Sedan,Sunny,0,SemiUrban,97.77,269.0,4.97,3.3,Classical,49.26,39,730.95
34.21,128.35,1.2,High,Sedan,,0,Airport,,183.39,3.42,3.49,None,61.07,41,1960.06
7.11,44.15,1.0,Low,Sedan,Sunny,0,Airport,111.34,297.29,4.58,4.56,None,30.26,69,899.19
39.02,130.99,1.0,Medium,Mini,Sunny,0,SemiUrban,107.6,88.12,3.69,4.26,Pop,16.3,43,1245.07
33.86,87.15,1.2,Medium,Sedan,Sunny,0,Airport,94.17,69.36,3.02,3.07,Rock,24.65,47,1512.19
20.53,79.23,1.0,Low,Sedan,Rainy,0,SemiUrban,97.28,68.97,4.56,3.33,Classical,53.49,17,911.79
39.28,163.16,1.0,Medium,Premium,Rainy,0,Urban,117.22,283.84,3.98,3.46,Classical,74.71,17,2016.08
4.8,16.23,1.5,Medium,SUV,Sunny,0,Urban,114.58,210.8,3.96,,Classical,87.37,30,1125.57
12.82,46.41,1.0,Medium,Mini,Rainy,1,SemiUrban,118.5,134.27,4.35,4.23,Pop,89.69,11,766.64
25.89,80.74,1.2,High,Sedan,Rainy,1,Urban,102.27,146.02,4.3,3.37,Rock,57.41,54,1491.97
14.65,47.7,1.2,Low,SUV,Rainy,1,Urban,103.19,225.04,4.31,3.51,Classical,86.45,99,1196.18
37.21,133.18,1.0,Medium,Sedan,Rainy,1,Airport,97.77,204.17,3.65,3.91,Pop,26.13,20,1593.52
3.56,7.52,1.0,Medium,Mini,Sunny,0,Urban,105.74,138.96,4.16,3.17,Pop,44.15,76,540.19
22.43,90.06,1.0,Low,Mini,Foggy,0,SemiUrban,114.9,222.5,4.76,3.83,Rock,22.03,40,1014.58
24.04,85.76,1.0,High,Mini,Foggy,0,Airport,97.43,135.65,4.79,4.59,Classical,13.69,6,1178.8
26.46,74.9,1.0,Low,Mini,Rainy,0,SemiUrban,94.22,163.1,3.81,3.79,Classical,66.82,3,996.67
10.97,33.0,1.0,Medium,Sedan,Sunny,0,SemiUrban,112.52,262.7,3.47,4.57,None,23.53,6,761.36
15.22,41.29,1.2,Medium,Sedan,Sunny,0,SemiUrban,110.8,79.56,3.15,4.25,Classical,56.52,41,842.74
33.9,94.79,1.2,Medium,Mini,Rainy,0,Urban,114.88,158.11,4.72,3.81,Rock,7.21,49,1566.99
8.6,35.16,1.5,Low,Sedan,,1,Urban,112.55,72.98,3.33,4.79,Rock,16.52,22,951.34
33.25,101.58,1.2,Low,Mini,Sunny,0,Airport,102.58,59.68,,3.88,Pop,30.65,2,1486.56
22.94,85.74,1.0,Low,Mini,Foggy,0,SemiUrban,94.7,291.52,4.62,,None,39.52,21,958.15
30.73,121.76,1.0,Medium,Sedan,Sunny,1,Urban,111.44,190.63,4.57,4.6,Rock,25.48,9,1366.7
28.83,75.3,1.0,Low,SUV,Sunny,0,SemiUrban,116.35,294.28,3.87,4.83,Rock,72.3,62,1402.67
9.09,22.47,2.0,Medium,Sedan,Foggy,1,Urban,94.58,264.72,4.39,3.56,Rock,6.19,17,1473.29
23.18,71.16,2.0,Low,SUV,Rainy,0,SemiUrban,,296.32,3.48,3.4,Pop,55.58,52,2361.72
34.84,140.86,1.0,Low,Mini,Sunny,1,SemiUrban,99.87,283.66,4.86,3.9,Classical,2.75,3,1267.15
17.85,66.7,1.2,Low,Mini,Sunny,1,SemiUrban,105.58,269.81,4.9,4.75,Rock,90.52,35,995.57
38.7,80.33,2.5,Medium,Sedan,,0,Urban,90.94,231.06,4.88,,Classical,62.98,60,3628.77
18.64,49.84,1.5,Medium,Mini,Rainy,0,Urban,100.61,233.67,4.25,,Rock,68.4,19,1427.09
6.57,15.5,1.2,Low,SUV,Rainy,1,Urban,104.53,285.67,3.14,3.07,Classical,70.11,92,986.17
16.19,50.8,1.0,Low,Mini,Sunny,1,Urban,94.53,294.25,4.23,4.4,None,53.69,84,795.32
38.12,153.71,1.0,High,Sedan,Rainy,0,Airport,102.22,286.01,3.84,4.4,None,11.19,69,1837.86
13.47,62.81,1.5,Low,Sedan,Sunny,0,SemiUrban,95.28,170.8,3.79,4.67,Pop,41.97,24,1166.8
34.86,90.0,1.5,Medium,SUV,Rainy,1,Urban,96.47,269.24,3.06,3.99,Rock,74.9,74,2276.07
35.37,81.77,1.2,Medium,SUV,Rainy,0,Urban,119.33,177.56,4.75,4.78,None,98.22,31,1835.01
14.66,45.9,1.0,Low,Mini,Sunny,1,SemiUrban,108.05,191.06,,3.17,None,30.82,46,720.89
4.25,20.22,2.0,Medium,Mini,Sunny,0,SemiUrban,101.68,256.01,3.65,4.13,Classical,63.78,48,1014.18
29.26,85.11,1.5,High,SUV,Rainy,0,SemiUrban,105.64,257.52,4.96,3.95,Pop,98.29,86,2113.53
13.15,44.11,1.0,High,Sedan,,0,Urban,101.49,255.96,3.27,4.8,None,57.44,23,958.06
31.53,105.74,1.0,Medium,Sedan,Sunny,0,Airport,108.06,257.1,4.67,4.82,Pop,80.48,23,1440.86
18.26,55.47,1.2,Medium,Mini,Sunny,0,Airport,90.01,156.74,4.24,4.95,Classical,59.11,96,1041.98
19.93,63.99,1.0,Low,Sedan,,0,Airport,97.08,182.62,3.97,3.7,Classical,43.35,9,1009.91
31.34,90.71,1.0,Low,Mini,,1,Airport,119.67,113.19,4.93,3.76,Pop,67.63,25,1166.51
15.91,54.15,1.0,Low,SUV,Sunny,1,SemiUrban,93.37,165.86,4.17,3.39,None,86.3,29,834.88
18.28,68.33,2.5,High,Mini,Rainy,1,Airport,92.37,290.18,4.67,4.49,Classical,78.26,47,2802.55
15.67,58.6,1.5,Low,Mini,Rainy,0,Airport,104.79,254.14,3.46,4.67,Rock,87.67,89,1471.96
15.33,37.87,1.0,Low,Mini,Foggy,0,Airport,98.72,140.67,3.06,4.7,Pop,95.15,14,897.32
21.51,61.93,2.0,Medium,Sedan,Rainy,1,Airport,106.01,208.23,3.42,4.98,Classical,74.53,68,2323.14
,102.08,1.2,Medium,SUV,Rainy,0,SemiUrban,118.82,113.35,4.98,4.12,Classical,83.83,42,1668.7
15.11,61.56,1.0,Low,Mini,Sunny,0,SemiUrban,93.79,101.78,4.12,3.43,Pop,26.32,5,694.86
21.45,86.11,2.0,Low,Mini,Rainy,0,Urban,103.2,154.39,,4.2,Pop,15.76,78,1976.78
27.16,58.84,1.2,Medium,Sedan,Sunny,0,SemiUrban,112.76,92.95,4.37,3.73,None,38.51,1,1257.16
11.51,15.89,1.5,Medium,Sedan,Sunny,0,Airport,94.82,188.69,3.31,3.67,Pop,31.04,30,1203.41
11.82,27.0,1.2,Medium,Premium,Sunny,0,Urban,111.36,156.2,3.23,4.4,Classical,41.4,27,1308.05
37.4,108.26,1.2,Low,Mini,Sunny,0,Urban,102.01,84.55,3.97,3.41,Classical,14.15,54,1486.81
29.22,94.03,1.0,Medium,SUV,Sunny,0,SemiUrban,108.62,225.12,4.88,4.09,None,42.05,21,1284.6
23.51,84.35,1.0,Medium,Mini,Sunny,1,Urban,105.77,230.25,3.27,3.28,None,82.01,27,1018.52
,67.99,1.2,Low,Mini,Sunny,1,SemiUrban,103.52,272.61,4.0,4.78,Pop,5.09,39,1191.03
,11.75,2.0,Low,Mini,Sunny,0,Urban,104.37,228.03,4.52,3.18,Classical,25.44,11,824.51
,92.65,1.2,High,SUV,Rainy,0,Airport,94.42,104.3,3.16,4.86,Classical,39.54,60,1660.49
20.87,97.18,1.0,Medium,SUV,Sunny,0,Airport,103.03,215.75,3.81,5.0,Classical,58.06,52,1272.66
22.28,102.67,1.0,Low,Mini,Sunny,0,Airport,112.59,294.08,4.07,3.47,None,43.53,42,1210.56
15.02,71.21,2.0,Low,SUV,Sunny,0,Urban,116.9,263.1,,3.19,None,3.38,45,2003.26
4.18,26.4,1.0,Medium,Mini,Sunny,0,SemiUrban,108.8,158.47,4.31,3.06,Rock,63.8,65,465.87
8.54,25.85,1.0,Medium,Mini,Rainy,1,Urban,114.82,224.02,4.48,3.29,Rock,71.26,37,687.53
,109.13,1.5,High,Sedan,Rainy,0,Airport,,54.05,4.28,4.83,Pop,11.48,38,2347.25
16.94,33.65,2.0,Medium,Premium,,0,Urban,96.48,104.74,3.15,4.46,Pop,1.4,27,2085.75
19.2,63.57,1.5,Low,Sedan,Sunny,0,Airport,111.72,149.77,,3.18,Classical,55.4,68,1534.98
3.06,12.05,1.0,Medium,SUV,Sunny,1,Airport,111.06,152.69,4.6,4.92,Rock,86.68,66,680.54
2.47,15.05,1.0,Low,SUV,Sunny,0,SemiUrban,90.22,269.6,3.98,4.31,Pop,74.86,66,527.51
28.97,93.75,1.5,Low,Mini,Sunny,0,Airport,104.38,297.27,4.13,4.86,None,50.19,77,1918.77
21.99,80.57,2.0,Low,Mini,Sunny,0,SemiUrban,118.1,163.7,4.81,4.43,Pop,35.02,45,1940.91
20.84,72.53,2.5,Low,Mini,,0,Urban,119.53,147.56,4.12,3.75,Classical,2.53,30,2228.2
10.48,43.37,1.2,High,SUV,Foggy,0,SemiUrban,103.71,82.85,3.51,3.13,Pop,78.34,60,957.62
30.05,111.28,1.5,Medium,Sedan,Rainy,0,SemiUrban,111.65,108.52,3.9,3.03,None,22.7,96,1930.76
7.56,17.87,1.0,Low,Mini,Rainy,0,Airport,90.53,84.96,3.97,4.22,None,98.8,33,591.57
8.41,37.44,1.0,Medium,Sedan,Rainy,0,Airport,98.04,136.62,,4.01,Rock,7.19,21,859.12
18.97,72.98,1.0,Medium,Sedan,Sunny,0,SemiUrban,111.65,236.83,3.7,4.16,None,88.86,52,1069.83
12.16,41.64,2.5,High,Sedan,Sunny,1,Airport,109.59,55.48,4.68,4.93,Pop,24.7,5,2160.56
10.65,28.54,1.0,High,SUV,Sunny,0,Urban,109.82,267.87,4.07,4.81,None,90.13,85,856.71
26.16,91.36,1.0,Low,Mini,Rainy,0,Urban,110.89,230.66,4.09,3.71,Pop,43.61,14,1120.47
26.39,,2.0,High,Sedan,Rainy,0,Airport,102.88,142.15,4.52,3.64,Classical,23.1,2,2587.31
33.16,117.96,1.0,Low,Mini,Sunny,0,SemiUrban,118.14,181.34,3.16,3.57,Pop,10.72,89,1162.76
17.29,39.4,1.0,Low,SUV,Sunny,1,Urban,100.98,77.24,4.78,4.88,Pop,12.51,55,904.71
3.85,18.74,1.5,Low,Sedan,Rainy,0,SemiUrban,117.06,244.74,3.39,4.82,None,94.21,71,945.5
11.67,37.13,1.5,Low,Sedan,Sunny,1,Urban,91.81,245.41,3.67,,None,28.35,19,1109.19
39.22,77.23,1.2,High,Mini,Rainy,0,Urban,115.48,144.54,3.18,3.46,None,97.21,61,1629.94
24.25,93.33,2.0,Medium,Sedan,Sunny,0,Airport,99.1,115.17,3.94,3.94,Pop,83.19,11,2362.72
28.68,74.31,1.0,Medium,SUV,Sunny,0,Airport,109.79,196.16,3.68,3.71,Classical,73.91,3,1343.44
1.29,13.32,2.0,High,Sedan,Rainy,0,SemiUrban,91.65,130.68,,3.65,None,71.83,18,1159.73
21.21,75.57,1.5,Low,SUV,Sunny,1,Airport,92.4,226.03,,,Classical,89.03,46,1799.84
7.38,19.91,1.0,Low,Mini,Sunny,1,Airport,91.71,228.16,3.28,4.68,Classical,22.57,84,1721.71
23.2,100.92,1.5,Medium,Mini,Foggy,0,Airport,104.55,294.61,3.13,3.59,None,90.37,49,1905.8
36.91,118.08,1.0,High,Sedan,Sunny,0,Urban,102.49,138.18,3.43,3.7,Classical,44.89,5,1390.11
38.77,171.58,1.0,High,Sedan,Sunny,0,SemiUrban,99.57,63.97,3.01,4.21,Classical,75.33,66,1519.24
22.08,50.09,2.0,Low,Mini,Sunny,0,SemiUrban,103.38,271.23,3.16,4.85,None,78.96,29,1798.31
18.87,60.73,1.0,High,Mini,Sunny,0,SemiUrban,99.41,52.38,4.93,4.45,Rock,83.78,27,896.5
37.86,112.25,1.0,High,Sedan,Sunny,0,Airport,116.14,161.88,3.8,4.29,Pop,44.98,74,1603.25
27.27,95.43,1.0,Low,Sedan,Sunny,0,SemiUrban,106.88,114.31,4.84,3.19,Classical,25.27,53,1118.25
3.53,22.0,1.0,Medium,Mini,Sunny,0,SemiUrban,99.31,152.59,3.8,4.25,Pop,86.77,73,479.37
19.16,42.9,2.0,Low,Premium,Sunny,0,Urban,103.64,93.62,4.56,3.53,Pop,6.26,97,2066.08
10.37,48.63,2.0,Medium,Sedan,Rainy,1,SemiUrban,116.01,218.62,4.4,4.28,Pop,57.55,63,1639.5
19.32,52.93,1.2,High,Sedan,Sunny,0,Airport,102.27,190.4,3.32,3.65,Classical,76.66,18,1296.44
18.76,46.96,1.0,Medium,Premium,Rainy,0,Urban,102.82,151.03,3.94,3.15,Classical,87.64,39,1274.4
,78.16,1.2,Medium,Mini,Sunny,0,Urban,100.13,216.12,3.24,4.69,Classical,12.04,57,1241.97
14.91,55.57,1.0,High,Sedan,Sunny,0,Urban,97.81,70.86,,4.11,Pop,46.57,67,892.41
7.41,13.99,1.0,Low,SUV,Sunny,1,SemiUrban,104.15,264.51,3.57,3.56,Rock,69.23,14,780.51
20.65,56.97,1.0,Low,Mini,Rainy,1,Urban,112.1,163.57,4.23,3.71,Pop,90.78,11,948.07
,69.72,1.0,Low,Sedan,Sunny,0,Urban,101.04,203.95,4.49,4.24,Classical,63.08,55,1149.62
26.9,75.28,1.2,Medium,SUV,Sunny,0,Urban,96.8,119.17,4.83,4.36,Pop,23.86,20,1467.15
14.2,63.9,2.0,High,Mini,Sunny,1,SemiUrban,109.8,293.02,3.1,3.97,Classical,13.72,49,1746.02
37.49,111.85,1.5,Medium,Mini,Rainy,0,Urban,114.26,162.83,4.49,4.05,Classical,40.86,40,2107.65
36.58,,1.5,High,Mini,Foggy,1,SemiUrban,90.65,96.49,3.25,3.21,Classical,17.05,25,1997.14
9.16,36.58,1.0,Medium,Sedan,Sunny,0,Airport,108.97,89.75,4.74,3.29,Classical,70.19,32,732.22
2.54,5.5,2.0,Medium,Mini,Sunny,0,SemiUrban,117.03,119.42,4.3,3.42,Classical,52.71,60,666.08
29.91,76.08,2.0,Medium,Mini,Sunny,1,Airport,92.65,243.17,4.8,4.06,Pop,24.49,88,2449.33
33.28,97.02,2.0,High,SUV,Foggy,0,Airport,,126.99,3.26,3.84,Pop,61.84,78,3173.64
38.75,107.37,1.0,Low,Sedan,Rainy,1,Airport,93.53,70.59,3.97,4.14,Rock,9.46,70,1507.79
35.7,133.24,1.2,Low,Mini,Sunny,0,Urban,,161.76,3.99,3.35,None,63.02,90,1579.28
24.42,53.83,1.2,Low,SUV,Sunny,1,SemiUrban,105.35,103.58,4.48,4.94,Classical,66.76,87,1129.12
21.67,81.52,1.0,High,SUV,Sunny,0,SemiUrban,111.9,280.23,4.94,4.23,None,1.69,98,1216.94
2.09,14.15,2.5,High,Mini,Rainy,0,Urban,91.88,143.24,3.03,3.26,Pop,67.1,50,1323.49
10.62,38.33,1.0,Low,SUV,Sunny,0,SemiUrban,93.07,128.79,4.3,3.74,Classical,32.28,38,789.27
18.92,,1.0,High,Sedan,Rainy,0,Urban,118.9,162.08,3.08,4.96,Classical,4.73,91,1012.14
25.51,,1.2,Medium,Sedan,,1,Urban,119.66,57.18,3.84,4.93,Classical,42.54,21,1282.7
22.73,54.1,1.0,Medium,Mini,Sunny,1,SemiUrban,98.31,182.74,4.7,3.14,Rock,35.88,65,932.3
29.96,104.25,2.0,High,Mini,Sunny,0,Airport,100.26,296.69,4.12,4.66,Classical,70.24,1,2727.63
11.91,46.1,1.0,Medium,Mini,Foggy,0,Airport,90.3,135.79,4.7,4.28,None,69.41,4,618.93
,61.85,1.0,Medium,Mini,,0,Airport,118.68,283.79,4.28,3.37,None,43.34,74,1103.29
4.44,25.35,1.2,Low,Sedan,Rainy,0,Urban,117.53,80.46,4.81,4.67,None,65.71,42,659.48
17.13,47.88,1.0,Low,Sedan,Sunny,1,Airport,93.48,197.49,4.58,4.28,Pop,85.57,75,937.26
30.26,,1.5,Medium,Mini,Sunny,0,Urban,100.95,92.36,4.45,3.23,Pop,5.76,4,1653.01
28.04,78.67,1.5,Low,SUV,,1,Urban,119.0,269.8,4.49,4.7,Rock,14.97,26,2069.27
39.64,106.11,1.2,Medium,Sedan,Rainy,0,Airport,93.77,231.22,4.13,4.52,None,46.76,72,1855.32
11.84,55.68,2.5,Medium,Sedan,Rainy,1,Airport,116.21,268.77,4.7,3.01,Rock,84.14,62,2654.42
20.43,64.85,1.2,Medium,Premium,Sunny,0,Urban,96.05,223.1,3.93,3.51,Rock,50.63,47,1510.0
13.85,51.19,1.2,Medium,SUV,Sunny,1,Urban,92.05,218.11,3.13,3.54,Pop,18.29,63,1134.1
18.18,33.16,2.0,High,Mini,Sunny,0,Airport,,182.14,4.5,3.92,Rock,94.72,49,1742.38
34.42,129.08,1.2,Low,Sedan,Sunny,1,SemiUrban,111.3,186.4,4.48,3.46,Pop,22.4,6,1546.2
27.68,93.7,1.0,Medium,SUV,Rainy,0,Urban,94.12,245.74,3.27,4.66,None,82.81,23,1278.59
35.42,132.16,1.0,High,Mini,Sunny,1,Urban,90.11,193.19,3.5,4.4,Pop,99.93,4,1288.95
8.94,20.69,1.5,Low,Mini,Sunny,1,Airport,113.27,158.21,3.49,3.06,None,61.05,61,943.15
35.06,104.09,2.5,Low,Mini,Sunny,1,Airport,109.67,226.9,4.18,4.41,Classical,19.32,26,3436.88
3.33,6.57,1.2,Medium,Mini,Foggy,0,Airport,116.34,290.99,4.12,4.9,Rock,49.89,90,811.27
35.66,144.93,1.0,Medium,Premium,Sunny,0,Urban,107.33,277.4,3.24,3.99,Classical,67.94,27,1815.23
13.83,38.83,1.2,Low,SUV,Sunny,0,Airport,91.37,131.35,3.88,3.36,Pop,13.86,72,1139.24
13.27,33.8,1.5,Medium,Mini,Rainy,0,SemiUrban,90.65,146.73,3.05,4.76,Pop,97.67,22,1115.59
20.97,57.45,1.0,Medium,SUV,Sunny,0,SemiUrban,113.56,289.37,3.31,4.32,Rock,95.73,38,1150.01
37.69,145.84,2.0,Medium,Mini,Sunny,1,Airport,116.7,108.21,3.14,3.86,Pop,50.59,8,2985.76
2.86,9.25,2.0,Medium,Mini,Sunny,0,Urban,114.01,81.95,3.99,3.82,None,81.6,63,738.43
14.74,56.24,1.2,Medium,Mini,Rainy,0,Airport,101.22,169.11,3.12,3.56,None,99.05,23,1120.13
34.41,123.89,1.0,Medium,Mini,Rainy,1,Airport,109.86,161.49,4.9,3.21,Classical,66.87,12,1466.85
16.45,69.85,1.2,Medium,Mini,Sunny,1,Urban,92.33,186.96,4.25,4.74,None,58.77,19,1053.08
8.77,28.55,1.0,Medium,SUV,Sunny,1,SemiUrban,111.55,57.99,4.54,4.97,None,60.84,20,742.11
17.57,39.4,1.2,Medium,Mini,Sunny,0,SemiUrban,97.49,101.59,3.82,4.89,Pop,53.28,33,824.82
16.04,76.03,1.0,High,SUV,Sunny,1,Urban,118.03,250.66,4.9,3.34,Classical,90.49,10,1110.1
36.7,115.78,1.2,Medium,Mini,Sunny,0,Airport,100.13,140.1,4.55,3.84,None,13.85,75,1741.17
30.72,102.35,1.0,Medium,Sedan,Sunny,0,Airport,100.18,279.14,,3.58,Classical,48.13,98,1458.37
20.7,60.34,1.5,Low,SUV,Rainy,0,Urban,98.59,192.21,3.24,3.69,Pop,1.51,71,1691.38
39.55,139.51,1.5,High,Mini,Sunny,0,SemiUrban,109.01,55.32,3.92,3.65,Pop,89.09,20,2012.47
19.15,48.93,2.5,Medium,Sedan,,0,Urban,92.91,294.54,4.1,4.86,Rock,31.29,6,2357.72
,8.83,1.0,Medium,Sedan,Rainy,0,Urban,91.6,129.26,4.06,4.89,None,47.29,21,594.75
11.23,40.38,1.0,Medium,Mini,Rainy,1,SemiUrban,110.88,142.23,4.88,3.08,Classical,63.88,50,771.08
18.01,71.13,1.0,Low,Mini,Sunny,1,Urban,118.37,277.66,4.39,4.07,Classical,12.17,34,2910.0
7.12,28.95,1.0,Medium,Sedan,Foggy,1,Airport,112.31,269.5,,4.32,Rock,75.22,28,794.84
37.96,93.63,1.0,Low,Mini,Sunny,1,Airport,97.5,221.26,4.42,3.49,None,50.76,53,1308.84
30.91,96.17,1.2,Low,Mini,Sunny,0,Urban,,52.56,3.7,3.12,Rock,6.65,12,1182.82
11.46,36.09,1.2,Low,Sedan,Sunny,0,Urban,,50.9,4.6,3.15,Classical,15.2,58,717.03
24.04,83.68,1.0,Low,SUV,Rainy,0,SemiUrban,110.52,94.56,4.76,4.48,None,59.32,86,1202.92
29.14,84.1,1.0,Low,Mini,Rainy,0,Urban,97.12,240.63,4.89,3.73,Classical,43.2,54,1184.97
37.71,135.37,1.2,Medium,Sedan,,0,Airport,107.14,258.74,3.07,4.13,Pop,90.91,65,1993.25
35.38,126.05,1.0,Medium,Premium,Sunny,0,SemiUrban,115.18,106.2,,3.63,Rock,66.51,51,1586.4
21.09,54.75,2.0,Low,Mini,Rainy,1,Urban,105.49,69.67,3.33,4.63,None,59.5,14,1783.18
31.21,92.06,1.0,Medium,Sedan,Sunny,1,Airport,107.8,156.71,4.33,,Classical,72.41,37,1414.4
22.92,71.98,1.0,Medium,Mini,Rainy,0,Urban,119.04,282.23,3.51,3.03,Pop,51.39,28,1083.25
22.56,77.78,1.0,Low,SUV,Sunny,0,Urban,99.58,181.12,3.92,3.88,Pop,48.09,70,1068.75
5.47,28.42,1.0,Low,Mini,,0,SemiUrban,113.92,233.24,4.57,3.81,Rock,97.87,7,531.86
5.92,31.93,2.0,Low,Mini,Foggy,1,Urban,,227.13,4.7,3.03,Classical,89.92,31,1175.12
21.65,63.77,1.0,High,Sedan,Sunny,0,SemiUrban,93.39,263.54,4.21,4.66,None,17.87,4,1059.03
11.49,33.76,1.5,High,SUV,Sunny,0,SemiUrban,119.69,296.05,,4.08,None,20.37,90,1391.7
1.82,-1.01,1.0,Medium,Mini,Sunny,0,Urban,110.69,295.07,3.13,4.68,Classical,26.46,27,434.97
29.19,76.74,1.2,Medium,Sedan,Rainy,1,SemiUrban,90.42,185.01,4.47,3.92,Rock,73.03,39,1451.26
2.27,,2.0,Medium,Premium,Sunny,0,SemiUrban,111.67,133.37,4.42,4.24,Rock,93.59,24,1502.08
24.22,78.48,1.5,Low,SUV,Sunny,1,SemiUrban,94.02,247.04,3.47,3.06,Classical,12.54,34,1679.59
22.03,93.47,1.0,High,Sedan,Sunny,0,SemiUrban,98.8,225.64,4.46,4.57,Classical,99.5,86,1118.53
38.78,146.27,1.5,Low,SUV,Sunny,0,Urban,100.45,245.92,3.46,3.13,None,32.42,1,2426.77
19.88,71.5,1.2,Medium,SUV,Foggy,0,SemiUrban,99.29,125.0,,,Classical,34.4,87,1272.83
3.48,3.24,1.0,Medium,Sedan,Foggy,0,Urban,112.33,195.78,3.29,3.94,Classical,53.33,91,586.13
,69.86,1.2,Medium,SUV,Foggy,0,Airport,112.6,96.3,,3.5,None,9.66,56,1493.93
33.8,148.64,2.5,Medium,SUV,Sunny,1,Urban,105.85,104.88,3.8,3.12,None,92.32,78,3783.78
39.88,107.53,1.0,Medium,Sedan,Rainy,0,SemiUrban,107.01,142.31,4.21,4.41,Rock,1.94,40,1448.32
17.78,50.26,1.5,Low,Sedan,Sunny,0,SemiUrban,99.41,227.63,3.41,3.79,Pop,0.71,75,1358.31
13.49,55.12,1.0,Low,Mini,Sunny,0,Airport,90.7,126.12,4.7,4.48,Pop,97.05,60,785.73
36.36,86.04,1.0,High,Mini,Rainy,0,Airport,100.55,132.13,4.94,3.48,None,40.19,61,1532.26
8.46,19.26,2.0,Medium,Sedan,Rainy,0,Urban,90.28,249.78,3.61,3.95,Rock,24.78,24,1390.82
25.0,94.84,1.2,High,Sedan,Sunny,0,Airport,115.94,278.33,3.41,3.71,Rock,27.63,24,1612.08
16.82,59.35,1.0,Medium,SUV,Foggy,0,SemiUrban,109.22,260.0,4.07,3.87,None,49.36,57,1064.89
2.6,5.86,1.2,Medium,SUV,Rainy,0,Urban,119.38,96.2,4.92,4.95,Classical,89.48,51,652.41
14.54,51.09,1.5,Medium,Sedan,Rainy,0,SemiUrban,95.49,164.43,4.53,3.8,Pop,74.69,80,1276.58
11.34,25.8,1.2,Low,Mini,Rainy,0,SemiUrban,109.73,225.79,4.97,4.03,None,17.32,72,735.32
27.76,101.29,1.0,Medium,Sedan,,0,SemiUrban,95.64,228.04,4.75,4.92,Classical,34.22,7,1202.34
38.0,94.0,1.0,High,Mini,Rainy,1,SemiUrban,109.17,149.21,4.37,3.1,None,42.43,74,1403.75
11.45,39.4,2.0,High,Sedan,Sunny,0,Airport,104.75,155.13,3.37,3.64,None,98.91,64,6055.15
32.65,85.76,1.2,Medium,Sedan,Sunny,0,Urban,109.94,194.33,4.76,3.41,Pop,77.9,55,1506.99
3.16,-0.14,1.5,Medium,Sedan,Sunny,1,SemiUrban,111.76,219.5,4.21,3.9,None,49.01,18,847.65
21.99,68.44,1.5,High,Mini,Rainy,1,SemiUrban,105.68,68.36,3.9,3.24,Classical,24.75,48,1523.53
,5.0,1.0,Medium,Mini,Rainy,0,Urban,104.81,211.18,4.0,3.92,Classical,15.61,69,583.04
37.43,129.33,1.2,High,Mini,Foggy,1,SemiUrban,92.09,178.06,4.93,3.58,Pop,17.12,8,1748.4
30.89,82.6,1.0,Medium,Sedan,Sunny,0,Urban,100.91,59.5,3.02,4.94,Rock,33.31,72,1143.06
26.66,63.75,1.0,High,Sedan,Sunny,0,Urban,99.06,64.9,4.5,3.32,Classical,52.76,9,1047.23
33.13,102.28,1.0,Low,Sedan,Rainy,0,Airport,108.77,99.85,4.52,,None,17.06,11,1401.93
26.25,77.01,1.5,Medium,Mini,Rainy,0,Urban,98.28,138.9,3.19,4.37,Classical,73.5,8,1633.97
38.79,100.6,1.0,Low,SUV,Rainy,0,Urban,,240.2,4.93,4.21,Pop,93.55,30,1526.87
28.84,123.95,1.0,Medium,Premium,Sunny,1,Urban,115.46,128.69,3.99,3.66,None,52.73,44,1486.0
37.06,102.04,1.0,Medium,Mini,Rainy,0,SemiUrban,114.85,240.85,4.43,3.53,Pop,36.54,96,1455.29
21.17,46.86,1.0,Low,Sedan,Sunny,1,Urban,99.86,174.45,3.85,3.82,Rock,69.9,27,905.62
5.57,13.5,1.2,Medium,Mini,,1,Urban,92.57,102.33,3.63,3.14,Rock,69.06,2,477.4
21.6,68.15,1.5,Low,Sedan,Sunny,1,Airport,104.93,244.25,4.14,3.68,Classical,81.62,76,1710.09
5.95,11.78,1.0,Low,Sedan,Sunny,1,Airport,103.54,230.55,4.78,4.2,None,93.31,24,671.37
24.11,55.16,1.0,Low,Sedan,Rainy,1,Airport,116.1,59.01,4.28,4.98,None,34.19,31,1090.25
19.82,72.28,1.5,Medium,Mini,Sunny,1,Airport,106.41,233.74,4.31,4.26,Pop,13.01,53,1540.81
25.28,56.48,1.2,Low,SUV,Sunny,0,Urban,,217.14,3.63,4.89,Rock,90.56,74,1344.18
1.39,9.74,1.5,Low,Mini,,0,SemiUrban,104.5,143.87,3.47,3.01,None,18.35,59,460.06
8.6,23.86,1.0,Low,SUV,Sunny,0,SemiUrban,110.02,207.34,4.26,4.55,Pop,35.42,18,758.6
20.16,81.62,1.5,Low,Mini,Sunny,0,SemiUrban,104.39,87.89,3.29,3.93,Classical,42.17,71,1179.17
38.07,142.75,1.2,Low,Mini,Sunny,1,Airport,99.63,196.93,3.89,4.24,None,85.98,86,1829.52
15.96,44.11,1.2,Medium,Sedan,Sunny,0,Airport,90.82,93.16,3.5,3.72,None,58.43,96,1019.15
17.55,78.63,1.0,Medium,SUV,Sunny,0,Urban,113.8,78.21,4.41,3.59,Pop,59.78,17,922.01
28.87,70.9,1.0,High,Sedan,Sunny,0,Airport,117.09,100.2,4.07,3.7,Rock,77.05,73,1337.64
24.55,46.01,1.5,Low,Mini,Sunny,0,Urban,112.01,80.34,3.2,4.2,Pop,99.82,83,1171.99
12.66,35.5,1.0,High,SUV,Sunny,1,Urban,98.17,80.93,4.12,4.24,None,96.44,51,833.58
17.02,44.06,1.0,Low,Sedan,Sunny,0,SemiUrban,114.51,270.82,4.2,4.1,Pop,13.06,45,879.95
9.49,28.92,1.2,Low,Mini,Rainy,1,Airport,108.39,274.78,3.58,3.81,Rock,98.45,61,892.45
38.67,84.25,1.2,Low,Sedan,Rainy,0,Airport,110.49,233.52,3.66,4.57,Classical,72.44,1,1758.54
6.09,15.56,1.2,Low,Sedan,Rainy,0,Urban,91.99,245.57,4.75,4.59,Pop,63.63,30,774.69
15.5,29.66,1.2,Medium,Sedan,Sunny,0,SemiUrban,107.46,140.02,3.22,4.44,Pop,39.65,28,897.59
2.01,10.63,1.2,Medium,Sedan,Sunny,0,Urban,106.83,186.0,4.94,3.35,Rock,99.22,30,581.14
9.65,20.04,1.2,High,SUV,Sunny,0,Urban,109.85,253.68,3.43,3.74,None,31.55,91,1045.19
31.44,122.27,2.0,High,SUV,Rainy,0,Urban,113.15,172.28,3.48,4.82,Classical,94.83,36,3161.18
8.85,23.95,1.2,Medium,Sedan,Sunny,0,Airport,102.14,234.24,3.78,3.93,Pop,35.59,98,950.25
4.12,17.47,1.2,Medium,Mini,Rainy,0,Airport,94.65,155.85,4.9,4.04,Classical,14.2,23,699.19
19.5,66.67,1.0,Medium,Sedan,Rainy,0,Airport,117.72,136.56,4.79,4.64,Classical,62.95,48,980.64
1.39,10.52,2.0,High,Premium,Foggy,1,SemiUrban,113.3,261.72,4.49,4.88,Pop,87.89,78,1857.16
4.31,9.86,1.0,Medium,Mini,Foggy,0,Airport,106.21,133.16,4.59,4.87,Classical,94.77,48,629.88
32.5,103.93,1.2,Low,Sedan,Rainy,0,SemiUrban,100.64,168.9,4.04,3.51,Rock,81.92,52,1569.26
31.09,89.22,1.0,Medium,SUV,Sunny,0,SemiUrban,119.52,77.03,4.81,3.15,None,39.72,34,1280.84
36.69,102.31,1.2,Medium,Sedan,Foggy,1,Airport,92.8,177.47,3.25,4.04,None,77.51,32,1727.34
34.33,95.1,1.0,Medium,SUV,Rainy,0,Airport,118.04,201.43,4.08,4.39,None,2.2,76,1540.34
27.64,70.53,1.5,High,Sedan,Rainy,1,SemiUrban,102.12,147.66,4.64,4.54,Classical,18.37,64,1847.37
3.04,8.63,1.0,Medium,Sedan,Sunny,1,Airport,92.9,211.68,4.14,4.33,Classical,57.34,78,682.35
31.53,89.36,1.0,High,Mini,Sunny,0,Urban,,160.33,4.63,3.18,Pop,28.39,37,1146.0
33.97,107.36,1.5,High,SUV,Rainy,0,SemiUrban,112.49,156.57,3.33,3.67,Classical,67.35,83,2277.31
32.16,105.66,1.0,Low,Mini,Sunny,0,Airport,102.74,155.66,3.08,3.01,None,68.82,79,1212.31
20.83,77.09,1.0,Low,Premium,Sunny,0,SemiUrban,104.79,264.89,4.12,4.59,Rock,61.6,55,1294.69
10.08,,1.2,Low,Mini,Sunny,0,SemiUrban,114.7,231.92,4.39,3.17,Classical,70.62,87,681.8
33.97,107.72,2.5,High,Mini,Sunny,0,Airport,108.47,164.17,4.11,4.2,Pop,31.1,5,3509.24
29.36,136.96,1.0,Low,Sedan,Sunny,1,Airport,110.04,209.68,3.73,3.69,Rock,21.76,4,1448.32
39.25,142.5,1.0,Medium,Sedan,Sunny,0,SemiUrban,94.62,255.93,4.45,3.92,None,1.06,46,1469.65
,14.23,1.2,Medium,Sedan,Sunny,0,Airport,97.57,163.99,4.86,3.58,None,65.75,30,780.35
9.8,16.4,1.0,Medium,Mini,Sunny,1,Airport,102.34,261.08,4.14,4.48,None,58.54,10,725.75
9.26,35.89,1.0,Low,Sedan,Sunny,0,SemiUrban,93.29,94.28,3.34,3.66,Pop,33.25,58,587.44
31.91,121.21,1.5,Low,Premium,Foggy,0,Urban,98.37,198.23,4.04,4.43,Classical,34.71,9,2359.92
8.29,12.93,1.0,Low,Premium,Sunny,1,Airport,115.0,140.02,4.5,3.77,Pop,21.15,95,1010.39
3.6,10.48,1.5,Medium,Mini,Sunny,0,Urban,90.66,74.82,3.4,3.82,Pop,34.41,7,589.45
39.94,137.74,1.2,Low,Sedan,Sunny,0,Urban,91.53,272.94,3.89,4.09,Rock,30.27,91,1863.15
1.97,6.41,2.0,High,Sedan,Sunny,1,Urban,110.61,172.41,4.34,3.87,Classical,97.2,61,1148.86
33.57,125.56,2.5,Low,Sedan,Sunny,0,Urban,101.58,185.13,3.16,4.18,Rock,50.18,58,3310.97
15.25,26.34,1.2,Medium,Mini,Foggy,0,Airport,113.19,179.39,3.41,4.84,Rock,58.19,21,1041.21
,143.08,1.2,High,Sedan,Sunny,0,Urban,117.96,185.69,4.44,3.72,Rock,2.09,63,1799.75
22.63,91.52,1.5,Medium,SUV,Sunny,1,SemiUrban,98.0,196.48,3.63,4.42,None,82.74,16,1677.89
36.16,,1.0,Low,Mini,Rainy,0,Airport,91.11,267.89,3.19,4.75,Classical,75.51,18,1518.14
37.12,90.2,1.0,High,Mini,Rainy,1,Airport,103.68,286.94,4.49,3.16,Pop,51.34,50,1519.86
1.35,10.65,2.5,Low,Mini,Rainy,0,Urban,118.93,204.85,3.42,,Classical,77.73,14,1156.41
3.94,10.76,1.0,Low,SUV,Sunny,1,Airport,106.36,143.99,3.21,3.24,Rock,16.37,62,686.9
10.76,,1.0,Low,SUV,Sunny,0,Urban,101.32,178.76,4.25,4.58,Pop,44.77,22,762.94
27.1,90.24,1.5,Low,Mini,Foggy,0,Urban,106.56,225.73,4.82,3.74,Rock,23.99,12,1718.58
35.64,96.31,1.2,Medium,SUV,Rainy,0,Airport,94.96,182.29,3.95,4.02,Rock,59.22,48,1897.46
18.94,73.48,1.0,Medium,Mini,Sunny,0,SemiUrban,112.54,115.15,3.45,4.06,None,62.24,85,884.72
24.67,98.59,1.0,Medium,Sedan,Sunny,0,Airport,110.41,201.74,4.16,4.17,Classical,98.54,57,1289.77
,12.92,1.0,Low,Sedan,Sunny,1,Airport,111.72,272.2,4.27,4.96,Rock,1.91,86,774.63
32.39,93.18,2.0,Medium,Sedan,Sunny,1,Airport,99.07,76.64,4.88,4.02,None,35.81,60,2597.19
,138.17,2.0,Low,SUV,Sunny,0,SemiUrban,114.41,67.73,4.94,4.5,Rock,94.76,19,2883.89
11.48,39.92,1.0,Low,Sedan,Sunny,1,Airport,116.79,293.76,3.69,4.95,Rock,96.92,96,909.73
20.3,80.1,1.5,Low,Mini,Sunny,1,Airport,118.67,250.83,4.47,4.53,Classical,56.99,25,1685.25
4.36,23.75,1.0,Medium,Mini,Sunny,0,Airport,109.16,153.14,4.72,4.67,None,56.73,67,608.89
,96.28,1.2,Medium,SUV,Sunny,1,Airport,100.45,57.21,4.27,3.09,Pop,42.4,29,1506.04
20.61,46.39,1.0,Low,Mini,Sunny,0,Airport,101.63,283.41,,3.38,None,21.31,46,863.33
6.63,10.58,1.2,High,Sedan,Foggy,0,SemiUrban,106.97,248.55,4.04,4.36,Rock,7.47,66,800.3
18.24,55.15,1.0,Low,Sedan,Rainy,0,Airport,107.26,201.86,4.2,4.8,Pop,38.36,90,1137.87
14.03,,1.0,Medium,Mini,Sunny,0,Airport,113.77,248.07,3.2,3.13,None,34.52,35,868.63
21.35,76.49,1.0,Low,SUV,,0,Urban,92.55,207.11,3.76,4.62,Pop,55.36,28,1097.71
,61.67,1.0,Medium,SUV,Sunny,0,Airport,107.0,218.44,3.03,3.37,Classical,34.73,64,1356.35
1.33,26.43,2.5,Medium,Mini,Rainy,0,Urban,100.46,276.15,4.49,3.89,Rock,43.04,78,1450.77
30.68,129.31,2.5,Medium,Mini,Sunny,1,Airport,115.02,151.66,3.8,4.69,Rock,60.52,86,3319.35
28.81,70.53,1.5,Low,SUV,Foggy,0,Airport,100.56,182.04,4.8,3.34,Classical,70.59,23,2034.2
15.29,,1.0,Medium,Sedan,Rainy,0,Airport,104.03,245.27,3.21,4.31,None,1.31,47,1116.32
3.06,13.03,1.0,Medium,Sedan,Foggy,0,Urban,96.83,117.72,3.04,4.66,Pop,21.11,32,566.14
30.44,108.54,1.0,Medium,Sedan,Sunny,0,SemiUrban,98.87,200.36,3.75,4.25,Classical,18.87,98,1233.09
38.25,126.48,1.0,Low,Sedan,Rainy,0,SemiUrban,106.67,137.48,4.95,,Rock,41.74,69,1389.23
10.37,14.81,1.0,Low,Mini,Sunny,0,SemiUrban,,62.69,4.94,4.31,Pop,8.01,83,470.5
13.62,53.07,1.2,Low,Sedan,Sunny,1,Airport,,88.66,4.36,3.37,Pop,90.2,99,995.42
8.17,35.44,1.0,Low,Mini,Rainy,1,SemiUrban,104.22,78.37,3.51,3.36,None,42.37,45,648.96
23.5,67.92,1.5,Low,Sedan,Sunny,1,SemiUrban,94.96,187.22,3.96,3.78,Pop,83.21,95,1476.43
7.04,47.32,1.2,Low,Sedan,Sunny,0,Urban,116.45,79.97,4.95,4.55,Pop,92.21,11,747.4
14.89,62.34,1.0,Medium,SUV,Sunny,0,SemiUrban,117.73,185.67,4.6,3.19,None,20.38,93,911.01
28.18,84.35,1.2,Medium,SUV,,0,Airport,96.79,233.48,,3.97,Rock,49.57,95,1565.76
22.84,65.42,1.0,Medium,SUV,Rainy,1,Airport,91.57,208.02,4.86,4.78,Pop,97.01,59,1309.5
16.07,69.65,1.0,Medium,Sedan,Rainy,0,Airport,117.81,237.27,4.39,3.96,Classical,82.1,74,1192.18
17.39,48.09,1.0,Medium,Mini,,0,Urban,99.36,172.86,3.59,3.62,None,4.28,57,819.09
22.92,71.98,1.5,Medium,Mini,Foggy,0,Airport,95.64,234.54,4.13,3.56,Pop,96.84,42,1679.75
1.23,6.76,1.0,High,Sedan,Sunny,1,Urban,117.58,247.89,3.53,4.98,None,2.32,62,674.66
4.06,10.84,1.2,Medium,Sedan,Sunny,0,Airport,116.48,112.7,4.13,3.22,Pop,3.4,22,790.28
35.37,141.77,1.0,Medium,Mini,Sunny,0,Airport,91.59,264.12,4.92,3.82,Classical,64.43,17,1505.81
4.04,17.42,1.0,High,Premium,Sunny,0,Urban,96.23,284.07,4.01,4.5,Pop,63.37,11,945.36
28.57,116.21,1.0,Low,Mini,Rainy,1,SemiUrban,114.38,232.82,4.01,3.61,Classical,82.69,3,1256.77
36.88,133.99,1.2,Medium,Sedan,Sunny,0,Urban,98.02,292.82,3.57,,Rock,30.37,58,1822.59
11.56,51.58,1.2,Low,Sedan,Sunny,0,Urban,110.05,66.18,3.45,4.23,Pop,48.37,69,914.06
15.45,25.96,1.5,High,Sedan,Rainy,0,Airport,,87.55,3.22,3.92,Rock,85.46,76,1461.47
23.19,76.06,1.0,Medium,Sedan,Rainy,0,Urban,115.25,275.7,,4.85,None,75.56,84,1232.37
35.39,121.63,1.0,Medium,Mini,Sunny,0,Urban,102.67,57.72,4.13,3.75,Pop,42.5,97,1222.02
37.73,,1.2,Medium,Premium,Sunny,1,Airport,104.1,197.01,4.03,4.93,Rock,85.2,65,2197.53
29.84,98.54,1.0,Medium,Premium,Rainy,1,Airport,114.25,117.19,4.87,3.14,Rock,48.24,46,1675.68
4.38,16.09,1.0,Medium,Sedan,Sunny,0,SemiUrban,103.63,163.77,4.28,3.08,Rock,53.05,6,607.21
27.1,92.79,1.0,High,Mini,Foggy,0,Urban,93.12,146.58,3.72,3.16,Classical,58.6,74,1148.07
17.0,77.7,1.5,Medium,Mini,Sunny,0,SemiUrban,105.13,97.06,3.51,3.17,Classical,37.26,13,1204.2
19.36,23.66,1.2,High,Mini,Sunny,0,SemiUrban,103.7,196.45,3.95,3.46,Rock,28.71,10,864.61
2.92,21.68,1.0,Medium,Sedan,,0,SemiUrban,103.5,100.64,3.65,3.81,Pop,67.89,17,387.89
8.45,22.04,1.2,Medium,Sedan,Sunny,0,Airport,95.78,151.8,3.68,4.62,Pop,15.71,10,832.71
31.83,86.19,1.5,Low,Sedan,Rainy,0,Urban,,242.61,4.38,3.78,Rock,50.07,72,2001.13
18.7,,1.0,Low,Sedan,,1,SemiUrban,113.34,217.35,3.58,3.25,Classical,31.86,15,960.39
12.76,43.48,1.0,High,SUV,Foggy,0,Airport,108.58,212.39,3.03,3.06,None,38.06,26,1130.15
,52.39,1.2,Medium,Mini,Rainy,0,Airport,90.19,175.06,3.7,4.12,Rock,46.15,66,1146.43
34.32,94.6,1.2,Medium,Sedan,Sunny,0,Urban,115.06,97.18,4.86,3.46,None,20.33,21,1642.81
30.21,93.98,1.0,Medium,Sedan,Sunny,1,SemiUrban,93.64,161.34,4.32,3.72,Classical,48.96,72,1157.76
11.62,21.14,1.2,Low,Premium,Sunny,0,Airport,112.13,167.44,4.03,3.48,None,73.5,17,1280.05
5.58,20.76,1.2,Medium,Sedan,,0,SemiUrban,92.88,100.72,3.88,3.81,Pop,23.47,88,686.72
10.83,40.64,1.5,Low,Sedan,Sunny,1,Urban,119.14,200.38,4.69,4.95,Classical,85.3,21,1098.83
36.91,130.61,1.0,High,SUV,Sunny,0,SemiUrban,117.02,178.29,3.25,4.95,Rock,43.42,65,1680.51
23.68,88.49,1.0,Medium,Premium,Sunny,0,Airport,95.49,131.78,3.62,4.43,Classical,74.52,88,1365.65
21.81,55.75,1.2,High,SUV,Sunny,1,SemiUrban,90.25,101.83,4.13,3.47,Classical,68.0,60,1293.51
24.26,92.53,1.2,Medium,Mini,Sunny,1,Airport,,85.59,4.33,4.71,Classical,40.72,3,1371.01
15.28,48.42,1.0,Low,Sedan,Rainy,0,SemiUrban,,270.17,3.64,3.02,None,81.15,54,905.0
32.48,137.71,1.5,High,SUV,Sunny,0,Urban,92.3,284.78,4.61,4.03,Pop,2.99,33,2335.46
21.41,47.7,1.2,Low,Sedan,Sunny,1,Urban,113.34,254.73,3.64,4.75,Rock,26.08,28,1243.8
5.55,16.72,1.5,Medium,Sedan,Sunny,0,Airport,114.59,198.51,3.06,3.84,None,1.16,78,1047.14
6.03,21.43,1.0,Low,Mini,Rainy,0,Urban,99.21,290.42,,3.49,Pop,79.29,42,718.78
21.94,98.1,1.5,Medium,Sedan,Sunny,0,Urban,112.05,166.82,4.99,4.25,Pop,13.46,29,1653.39
37.53,96.57,1.2,Low,Sedan,,1,SemiUrban,114.61,61.18,3.66,4.64,None,40.92,62,1471.87
13.03,44.86,1.0,Medium,Mini,Sunny,1,SemiUrban,,143.39,3.63,4.34,Rock,61.07,56,684.83
34.91,114.08,1.0,High,SUV,Sunny,1,SemiUrban,95.75,94.77,,,Classical,97.03,3,1378.44
30.8,,1.0,Medium,Mini,Sunny,0,SemiUrban,103.48,222.89,3.36,,Classical,99.98,24,1133.67
10.66,22.96,1.2,Low,Sedan,Foggy,0,SemiUrban,92.05,123.99,4.2,3.55,None,87.0,26,763.22
2.42,1.42,1.0,Medium,SUV,Sunny,0,Urban,105.76,167.37,,3.29,Classical,53.76,24,649.27
4.97,6.47,2.5,High,Sedan,Rainy,1,Urban,103.27,283.6,3.81,4.92,Classical,13.25,77,1943.84
29.41,77.82,2.0,Low,Sedan,Rainy,0,Airport,117.08,298.13,4.4,,Rock,36.11,14,2874.4
8.79,31.28,1.5,Low,Mini,Sunny,0,SemiUrban,90.54,183.74,3.37,4.94,Rock,86.53,75,699.15
15.48,41.26,1.2,Low,Sedan,Sunny,0,Airport,105.91,118.84,5.0,4.15,Pop,95.7,68,1015.14
20.57,45.5,1.5,Medium,Premium,,0,SemiUrban,111.97,159.86,4.09,4.38,Rock,65.74,53,1868.36
29.29,105.48,1.0,Medium,SUV,Sunny,0,SemiUrban,103.92,268.83,,4.82,Pop,80.59,67,1300.15
5.42,15.77,1.2,Medium,Sedan,Sunny,0,Urban,97.14,109.53,3.17,4.99,None,79.88,59,543.98
16.85,62.46,1.0,Medium,Sedan,Sunny,0,SemiUrban,108.3,65.64,4.51,4.9,Pop,96.27,12,919.03
19.92,66.84,1.0,Medium,Mini,Sunny,1,SemiUrban,119.61,254.49,3.46,3.9,Rock,80.88,1,992.05
22.09,75.69,1.0,Medium,Sedan,Rainy,0,Urban,91.23,182.48,4.48,4.39,Pop,36.34,78,1180.69
32.92,99.02,1.2,Medium,Mini,Sunny,0,SemiUrban,95.88,274.23,4.44,3.78,Rock,47.68,86,1430.8
7.7,37.93,1.0,Low,SUV,Sunny,0,Urban,104.72,221.33,4.99,4.26,Classical,24.46,24,752.78
32.51,98.44,1.5,Low,Mini,Sunny,0,SemiUrban,107.93,58.87,3.18,4.04,Pop,15.59,77,1564.97
28.02,85.21,2.0,Low,Mini,Rainy,0,Urban,108.72,246.82,4.1,3.04,Rock,35.31,5,2292.67
22.68,86.3,1.0,High,Mini,Sunny,1,Airport,91.81,97.7,4.39,4.73,Classical,67.31,35,1112.15
28.28,82.8,1.2,Medium,Sedan,Foggy,0,SemiUrban,93.69,81.69,3.39,3.71,Classical,59.39,89,1338.26
17.07,51.06,1.5,Low,Sedan,Sunny,0,Airport,118.34,190.6,4.56,3.9,None,75.21,45,1446.2
6.4,11.61,1.0,Low,Mini,Rainy,0,SemiUrban,92.26,160.17,4.04,3.69,Pop,89.45,85,440.88
26.96,97.4,2.0,Medium,Sedan,Sunny,1,SemiUrban,102.57,125.43,3.75,3.97,Classical,5.06,37,2175.47
21.46,45.85,2.0,Medium,Sedan,Sunny,1,Airport,107.32,197.16,3.73,3.99,Rock,24.94,52,2100.46
25.94,73.33,1.0,Low,Mini,Rainy,1,Airport,99.42,235.81,3.73,4.26,Pop,78.05,29,1160.22
14.18,42.34,1.0,Low,Mini,Sunny,0,Urban,97.67,173.34,4.55,3.75,Rock,92.31,21,691.75
36.37,145.46,2.5,Low,SUV,Foggy,0,SemiUrban,98.71,247.03,4.92,3.46,Pop,93.63,27,3966.25
23.91,55.02,2.5,Medium,Mini,Rainy,0,Airport,98.48,154.65,4.31,3.79,Pop,18.49,21,2801.15
4.33,20.53,1.0,Low,Sedan,Sunny,0,SemiUrban,101.38,174.71,3.44,3.64,Rock,10.19,58,401.18
18.54,73.19,1.0,Medium,Sedan,Rainy,0,Urban,,186.1,3.24,4.14,Pop,93.15,22,1193.88
30.5,104.79,1.2,High,Sedan,Sunny,0,Airport,115.61,128.86,3.17,4.45,Rock,6.64,79,1750.14
31.97,79.91,1.0,Low,Sedan,Sunny,1,Urban,112.78,140.86,4.13,4.43,Pop,66.21,82,1187.83
20.29,94.38,2.0,Low,Mini,Sunny,0,SemiUrban,91.02,177.88,4.78,,Pop,39.88,34,1871.67
35.9,100.51,1.5,Low,Premium,Rainy,0,Urban,112.84,270.84,3.82,,Rock,27.86,2,2571.75
11.44,,1.2,Medium,Mini,Sunny,1,Urban,114.84,187.59,3.3,4.01,None,27.34,94,852.91
17.01,75.26,1.0,Medium,Mini,Rainy,0,Urban,117.66,77.16,3.89,4.25,Pop,35.89,2,856.99
36.05,154.62,1.5,Low,Sedan,Sunny,1,Urban,108.39,232.74,4.59,4.03,Classical,36.26,99,2250.21
35.95,113.78,1.0,Low,SUV,Rainy,0,SemiUrban,115.59,179.08,4.56,4.28,Classical,81.54,30,1503.41
27.74,67.18,1.0,Medium,Mini,Rainy,0,Urban,112.77,149.86,3.79,,None,53.17,81,1108.21
34.5,100.71,1.2,Medium,Sedan,Sunny,0,Urban,90.76,222.84,3.96,3.18,None,94.15,52,1642.01
4.46,28.31,1.2,Low,Sedan,Rainy,0,Urban,114.33,91.7,4.26,3.75,Classical,63.95,13,713.86
34.73,75.38,1.5,Low,Mini,Sunny,0,Urban,107.43,246.33,4.02,4.01,None,40.83,97,1800.92
13.5,34.15,2.0,Medium,Sedan,,0,Urban,109.52,229.09,3.49,4.05,Classical,53.25,15,1547.0
7.95,,1.0,Low,Sedan,Rainy,0,Urban,116.55,96.34,4.55,3.02,Pop,93.94,3,702.03
10.34,33.26,1.0,Low,Sedan,Foggy,1,SemiUrban,90.31,261.6,3.88,4.15,Rock,83.44,33,810.67
17.3,,1.2,Medium,Mini,Sunny,0,Urban,93.24,98.19,3.69,4.39,None,92.44,75,989.8
10.8,47.32,1.0,Low,SUV,Sunny,0,SemiUrban,107.21,219.36,3.56,3.78,Pop,70.77,11,781.98
13.5,31.19,1.5,High,Mini,Sunny,0,Urban,102.29,141.97,,4.83,None,63.26,55,1117.15
6.26,7.25,1.2,Medium,Sedan,Rainy,1,SemiUrban,102.54,238.92,3.6,4.36,None,24.56,90,757.66
12.55,38.9,2.0,Low,SUV,Rainy,0,Airport,99.37,64.5,4.4,4.26,Classical,35.31,21,1746.75
23.32,72.62,1.2,Medium,Mini,Sunny,0,SemiUrban,,112.46,3.6,3.41,Rock,5.8,39,1138.06
18.23,34.4,1.0,Medium,Mini,Sunny,0,Airport,93.11,167.62,3.5,4.96,Pop,57.57,94,929.03
14.52,57.85,1.0,Low,Mini,Rainy,0,Airport,105.99,228.67,3.84,3.93,Pop,63.96,94,841.22
30.11,105.98,1.0,Low,SUV,Sunny,0,SemiUrban,103.75,203.86,4.88,3.07,Rock,75.07,78,1240.68
35.85,96.53,1.0,Medium,Sedan,Sunny,0,Airport,106.54,288.51,4.66,3.15,None,85.6,64,1521.27
30.51,75.11,1.0,Medium,SUV,Sunny,0,Airport,,189.76,3.55,3.67,Pop,29.53,39,1454.66
13.95,64.49,1.0,Medium,Mini,Rainy,0,Airport,110.21,125.45,3.72,3.08,None,17.71,77,904.13
30.03,119.69,2.5,Low,Premium,Sunny,0,Urban,90.41,158.42,4.22,3.34,Pop,11.73,49,3747.71
,37.09,1.0,High,Mini,Rainy,0,Urban,105.83,68.86,3.85,4.36,Pop,54.28,55,636.99
6.08,27.69,1.2,Medium,SUV,Foggy,0,SemiUrban,97.97,79.24,4.74,3.69,None,26.74,78,841.14
,40.63,1.0,Medium,Mini,Sunny,0,SemiUrban,99.39,179.39,4.1,3.82,None,19.69,50,706.06
32.5,88.84,1.0,Medium,Mini,Rainy,0,Urban,112.15,293.92,4.72,4.91,Classical,55.66,93,1250.7
10.61,64.41,1.0,Low,Mini,Foggy,1,SemiUrban,119.58,111.13,3.51,4.29,None,60.13,98,583.43
3.47,13.1,1.0,High,Mini,Sunny,0,SemiUrban,104.26,244.3,,,Classical,14.03,47,514.07
6.14,19.43,1.2,Low,Mini,Foggy,0,Urban,110.09,141.65,3.83,3.68,None,52.4,42,564.42
34.49,104.54,1.2,Medium,Mini,Sunny,0,Urban,97.45,57.95,3.21,4.89,Classical,9.39,3,1362.46
25.72,84.49,1.2,Medium,Mini,Sunny,1,Urban,106.62,90.97,3.76,,Classical,78.79,80,1288.02
10.87,27.82,1.2,High,Sedan,Rainy,0,Urban,93.0,205.4,3.68,3.87,Classical,58.69,78,966.82
22.66,47.76,1.5,Medium,Mini,Sunny,0,Airport,115.51,107.26,3.64,3.55,Pop,59.69,99,1358.05
21.58,76.67,2.0,Medium,Sedan,Rainy,0,Urban,103.67,262.86,4.25,3.64,None,71.68,46,2214.72
26.56,106.45,1.5,High,Premium,Sunny,0,Urban,,141.73,3.81,4.52,Pop,21.54,41,2172.99
10.09,27.19,1.0,High,Mini,Rainy,0,Urban,105.4,106.4,3.22,4.63,None,18.71,90,699.96
34.71,68.15,2.5,Low,Mini,Sunny,1,Urban,117.39,244.72,3.42,3.49,Pop,31.27,37,3050.05
13.07,71.93,2.0,Low,Mini,Sunny,0,Urban,113.29,89.72,4.02,,Classical,57.96,95,1409.5
28.07,74.45,1.5,Medium,SUV,Rainy,1,Airport,94.58,288.2,4.03,3.64,None,82.47,97,2129.54
1.63,12.53,1.2,High,Mini,Sunny,0,Urban,113.04,109.45,3.07,4.42,None,99.0,62,580.44
15.53,39.12,1.0,Medium,Mini,Rainy,0,Airport,101.79,253.82,,4.24,Rock,82.16,96,985.74
14.72,54.0,1.5,Low,SUV,Foggy,1,Airport,101.85,179.21,4.31,3.06,Rock,49.26,28,1562.87
22.2,85.26,2.0,Medium,Mini,Sunny,0,Airport,112.73,234.78,3.71,,Pop,57.6,7,2359.7
3.84,11.24,1.2,Low,Sedan,Rainy,0,SemiUrban,103.79,84.49,3.67,4.26,Classical,28.32,42,485.37
31.82,117.97,1.2,Medium,Mini,Sunny,0,Airport,,102.08,3.09,4.16,None,22.3,74,1520.05
9.49,18.74,1.0,Low,Mini,Foggy,0,Urban,97.4,99.56,3.78,4.1,None,14.22,85,438.79
27.4,118.84,1.0,Medium,Mini,Foggy,0,Urban,116.84,83.57,3.12,4.33,Classical,51.8,52,1188.71
32.33,83.14,1.5,High,Sedan,Sunny,0,SemiUrban,107.76,116.25,3.57,3.16,Classical,17.65,92,1883.56
22.91,83.38,1.0,Medium,SUV,Sunny,1,Urban,115.87,259.97,3.23,4.51,None,5.37,13,1157.14
29.89,102.08,1.2,Low,Mini,Rainy,0,Airport,,236.9,4.68,,Classical,18.0,86,1654.16
26.81,91.17,1.5,Medium,Mini,Foggy,0,Airport,110.67,126.6,3.4,,Classical,38.57,21,1799.98
14.87,45.39,1.0,Low,Mini,Sunny,0,Airport,113.56,141.41,3.25,3.08,None,22.63,45,787.36
32.55,93.94,1.0,Medium,Mini,Sunny,1,Airport,95.49,233.65,4.7,3.28,None,22.04,90,1311.55
,31.19,1.5,Medium,Sedan,Sunny,1,SemiUrban,90.7,255.93,4.24,4.61,Rock,24.69,76,1123.33
23.28,90.09,1.0,Medium,SUV,Rainy,0,Airport,109.03,156.0,4.9,3.73,Rock,88.49,2,1339.62
30.07,72.39,1.0,High,Mini,Sunny,0,Urban,107.31,235.16,4.25,4.45,None,8.27,99,1077.73
15.78,37.07,1.5,Low,Sedan,Rainy,1,Urban,91.19,192.28,4.35,3.75,Rock,32.22,51,1283.68
12.81,39.23,1.5,High,SUV,Sunny,0,Airport,102.32,298.04,3.72,4.74,Rock,39.48,81,1727.58
18.91,70.72,2.0,Low,Sedan,Rainy,0,SemiUrban,106.9,222.63,4.49,3.98,Pop,28.06,12,2027.74
,62.92,1.2,Medium,Sedan,Sunny,1,SemiUrban,96.36,234.49,4.16,3.64,Pop,38.08,18,1390.44
37.27,149.32,1.2,Low,Sedan,Foggy,1,Airport,92.9,260.72,,4.58,None,62.91,6,2006.41
,77.97,1.5,Low,Mini,Sunny,0,Airport,114.04,85.65,,4.14,None,13.97,78,1517.67
26.8,100.05,1.2,Medium,Mini,Sunny,0,Airport,117.75,141.87,4.29,4.13,Classical,36.0,83,1351.27
36.23,117.81,1.2,Low,Mini,Sunny,1,Urban,103.42,172.87,3.54,4.45,Rock,13.82,44,1508.8
4.84,14.45,1.0,Low,Mini,Sunny,0,Urban,94.02,88.18,4.09,4.98,Classical,73.03,93,377.55
10.05,36.99,1.0,Low,SUV,,0,SemiUrban,102.64,140.48,3.38,3.74,Pop,86.24,7,880.79
28.65,91.46,1.2,Medium,Sedan,Rainy,0,Urban,98.37,221.41,3.84,4.07,Classical,55.5,31,1623.96
33.13,123.89,1.0,Low,SUV,Rainy,1,SemiUrban,104.72,112.63,4.72,3.59,None,5.93,6,1454.56
34.42,123.44,1.0,Medium,Mini,Foggy,0,SemiUrban,90.27,170.36,4.38,3.78,Classical,44.46,54,1244.67
17.19,73.78,2.5,Medium,SUV,Sunny,0,SemiUrban,116.01,84.13,,3.12,Pop,41.96,89,2429.62
4.48,9.96,1.0,Medium,Mini,Foggy,0,Urban,91.74,78.52,3.98,3.8,Pop,79.86,42,528.26
18.07,58.3,1.0,Low,Mini,Sunny,1,Urban,102.9,141.83,3.77,3.39,None,5.64,85,750.93
10.0,31.07,1.0,Medium,Sedan,Rainy,0,SemiUrban,109.83,231.73,4.3,4.22,Pop,97.31,16,689.68
12.36,35.03,1.2,Medium,SUV,,1,SemiUrban,109.53,181.53,3.38,3.09,Pop,21.33,5,943.21
31.12,101.18,2.0,Medium,Sedan,Sunny,0,Airport,98.95,207.09,3.67,3.26,Rock,82.04,19,2730.89
3.95,20.47,1.5,Medium,Sedan,Sunny,0,SemiUrban,104.99,150.76,4.36,4.07,Classical,79.18,91,803.24
33.28,83.63,1.5,Low,Sedan,Rainy,0,SemiUrban,104.91,196.55,4.44,3.82,None,76.73,51,1961.9
17.68,63.43,2.0,Medium,Sedan,,1,Airport,,171.02,4.77,3.82,None,12.85,35,2168.44
24.25,78.1,2.0,Low,Mini,Sunny,0,SemiUrban,101.17,149.33,3.61,4.08,Classical,8.27,7,1857.99
4.5,14.93,1.0,Low,Sedan,Rainy,1,Urban,93.58,56.03,4.71,3.46,Classical,44.7,68,567.75
14.16,33.07,1.2,Low,Sedan,Rainy,1,Urban,91.71,261.35,4.65,3.29,None,73.89,94,1020.43
4.5,17.26,1.0,High,Sedan,Sunny,0,SemiUrban,91.67,288.07,3.02,3.17,Classical,68.11,28,617.2
38.5,144.87,1.0,Medium,Mini,Rainy,0,Airport,103.05,182.47,4.35,4.76,Classical,77.58,56,1642.8
32.48,113.21,1.2,High,Sedan,Sunny,0,Airport,111.89,161.73,4.53,4.55,Pop,11.87,61,1833.97
18.93,69.84,1.0,High,Sedan,Rainy,0,Urban,,241.13,3.01,3.74,Classical,42.65,97,1222.98
9.72,30.06,1.2,High,Mini,Sunny,0,Urban,107.14,53.21,3.99,3.55,Classical,46.4,80,796.85
37.4,100.51,1.0,Low,Sedan,Sunny,1,Airport,98.98,84.62,4.91,4.04,None,24.29,64,1402.42
14.44,62.61,1.0,Medium,Sedan,Rainy,1,SemiUrban,,119.39,4.91,3.17,Rock,57.66,51,905.44
7.28,29.54,1.0,Medium,Sedan,Sunny,1,SemiUrban,110.84,71.0,4.48,4.84,Rock,4.09,27,543.34
22.96,90.71,1.5,Medium,Mini,Sunny,0,SemiUrban,91.55,61.47,4.66,,Classical,77.55,78,1305.53
,103.22,1.2,Low,SUV,Rainy,0,SemiUrban,97.87,284.69,3.62,,None,21.59,53,1830.61
1.15,17.0,2.5,Low,Premium,Rainy,0,Airport,110.66,96.17,3.92,4.89,Rock,74.13,82,2144.33
10.29,42.11,1.5,Medium,Mini,Rainy,0,Airport,103.35,198.23,4.99,4.09,Rock,7.35,59,1343.07
37.6,144.1,1.2,High,SUV,Rainy,1,Airport,105.01,184.69,4.61,4.0,Rock,49.71,82,2234.84
7.67,25.02,1.0,Medium,Sedan,Sunny,0,SemiUrban,119.26,121.54,3.09,3.61,Classical,22.16,86,597.17
5.42,26.36,1.2,Low,Sedan,Sunny,1,SemiUrban,102.14,211.88,3.11,4.64,Rock,39.05,40,598.68
,92.57,1.5,High,SUV,,0,Urban,107.85,131.36,4.16,4.89,Pop,88.5,68,1916.22
,128.33,1.2,Low,SUV,Rainy,0,Airport,119.96,164.4,3.75,,None,44.69,20,1905.67
19.61,55.65,1.0,High,Mini,Sunny,1,Airport,110.59,145.19,3.47,4.57,Pop,27.25,80,1061.35
39.79,,1.2,High,Mini,Rainy,0,SemiUrban,105.43,277.67,,,None,30.35,95,1874.86
27.49,103.87,1.0,Medium,SUV,,0,SemiUrban,99.72,282.62,4.92,3.36,Pop,63.48,60,1294.55
3.89,23.03,2.0,Medium,Sedan,Sunny,1,SemiUrban,119.29,143.51,3.64,3.53,Classical,73.82,72,1090.47
39.72,,1.2,Medium,Mini,Sunny,1,SemiUrban,98.81,111.75,3.72,4.38,Rock,4.1,12,1745.12
16.91,47.21,1.0,Medium,Premium,Rainy,1,Airport,93.47,234.14,3.9,3.14,Classical,49.8,20,1301.28
12.21,60.79,1.0,Low,Mini,Sunny,0,SemiUrban,117.78,128.77,3.32,3.64,Rock,42.09,42,652.38
22.76,72.73,1.5,Medium,Sedan,Rainy,0,Urban,99.57,170.22,3.78,4.05,Rock,38.74,15,1633.59
12.87,33.34,1.5,Low,Sedan,Foggy,1,SemiUrban,107.67,185.94,4.29,4.59,Pop,40.86,92,1081.63
4.37,36.64,1.2,Medium,Sedan,,0,Urban,109.38,296.74,3.52,,Rock,70.77,51,843.78
1.06,12.36,1.2,Medium,Mini,Sunny,1,Urban,97.83,145.75,4.25,4.0,Rock,99.88,17,463.82
18.53,61.5,1.2,Low,Mini,Foggy,0,SemiUrban,102.7,152.46,3.49,4.26,Classical,97.57,80,956.34
33.64,107.45,1.0,High,Mini,Sunny,1,SemiUrban,94.66,67.05,4.57,3.51,Classical,70.64,72,1161.23
23.32,89.04,2.0,Medium,Sedan,Rainy,0,Urban,116.54,215.73,4.87,4.86,Rock,24.23,76,2340.87
39.97,113.93,1.2,Medium,Sedan,Foggy,0,SemiUrban,107.54,97.76,3.89,3.72,Pop,0.69,85,1614.24
,52.69,1.0,Low,SUV,Rainy,0,Urban,116.71,203.4,4.93,4.49,None,77.67,63,1034.34
11.94,21.54,1.0,Medium,Sedan,Sunny,1,Urban,97.71,110.5,4.33,4.33,Rock,48.08,30,750.46
7.23,52.41,1.0,Low,Mini,Sunny,0,SemiUrban,109.02,286.13,4.42,4.28,Pop,27.98,24,677.67
7.4,18.51,1.0,Low,Premium,Rainy,0,Urban,96.54,70.15,,3.82,None,42.08,50,824.28
12.12,59.11,1.2,Low,Mini,Foggy,0,Urban,98.67,282.44,3.45,4.73,None,74.61,64,958.83
31.92,109.19,1.0,Low,Mini,Rainy,0,Urban,100.83,187.69,4.88,4.57,Classical,4.67,36,1279.98
36.32,101.49,2.0,Medium,Sedan,Sunny,1,Airport,106.48,284.28,4.94,4.13,None,50.95,41,3021.92
39.03,128.22,1.2,Medium,Mini,Sunny,1,SemiUrban,106.67,173.29,4.68,3.63,Classical,37.95,97,1615.52
10.06,36.66,1.0,Medium,Mini,Sunny,0,SemiUrban,96.01,61.26,3.93,4.12,Rock,20.69,44,450.85
35.37,137.23,1.0,Medium,SUV,Sunny,0,Airport,91.38,99.46,3.34,3.17,Pop,89.44,51,1552.15
13.8,44.19,1.2,High,Mini,Sunny,0,Urban,113.16,137.85,3.18,,Pop,72.19,76,916.13
5.4,14.57,1.0,Low,Sedan,Rainy,0,Airport,105.78,284.4,4.01,4.4,None,75.43,53,773.25
34.93,136.95,1.0,Medium,SUV,Rainy,1,Urban,99.4,239.83,3.61,4.84,None,68.49,90,1632.92
25.81,91.89,1.0,High,Premium,Sunny,0,SemiUrban,91.58,200.41,4.71,4.44,Pop,30.81,4,1514.29
7.42,26.83,1.0,Low,Mini,Rainy,1,SemiUrban,93.14,159.91,4.09,,None,2.91,83,601.44
17.76,62.25,1.0,Medium,Mini,Rainy,0,SemiUrban,102.71,161.71,4.84,3.1,Rock,59.77,43,868.94
12.2,41.42,1.0,Medium,Sedan,Sunny,0,Urban,104.51,213.15,4.45,3.57,Rock,33.08,27,772.04
29.73,95.72,2.0,Low,Mini,Rainy,0,Airport,101.32,230.07,,3.79,Rock,27.59,66,2558.15
,79.45,1.0,Low,Sedan,Rainy,1,Airport,107.0,169.35,4.49,3.03,None,67.8,5,1105.6
39.58,115.01,1.2,Medium,Sedan,Sunny,0,Airport,114.42,249.56,4.94,4.89,None,35.47,79,1904.58
3.14,7.65,1.0,Medium,Sedan,Sunny,0,Urban,110.31,181.11,4.13,4.17,Pop,97.51,57,514.02
14.85,52.54,1.0,Low,Sedan,Sunny,1,SemiUrban,116.01,178.7,3.63,4.89,Rock,90.58,37,728.86
19.79,55.6,1.5,Medium,SUV,Sunny,0,SemiUrban,108.47,212.11,3.74,,Classical,4.49,35,1480.81
20.62,45.62,1.0,Medium,Mini,Foggy,1,SemiUrban,93.15,248.55,4.24,4.44,Classical,10.43,16,845.76
13.32,45.49,1.0,Low,Sedan,,0,SemiUrban,94.5,199.26,,4.28,Pop,55.27,9,753.24
29.44,103.98,1.2,Medium,Mini,Rainy,0,Airport,101.72,280.71,3.94,3.49,Rock,2.73,22,1603.78
35.12,118.11,1.0,Medium,Mini,Foggy,1,SemiUrban,98.52,269.15,4.42,3.55,Rock,44.57,91,1390.4
37.61,111.74,1.0,Low,Mini,Rainy,0,SemiUrban,109.57,242.47,3.36,3.81,None,40.46,76,1318.66
32.4,107.15,1.0,Medium,Sedan,Sunny,1,SemiUrban,108.77,165.56,4.24,3.39,None,65.45,69,1312.28
34.17,132.73,1.0,Low,Premium,Rainy,0,SemiUrban,103.88,203.2,4.47,,None,44.04,24,1656.71
22.47,92.49,1.0,Low,SUV,Rainy,0,Urban,109.31,176.66,3.85,4.14,None,15.01,98,1286.02
33.21,112.53,2.5,Low,Mini,Sunny,0,Urban,117.33,51.55,4.27,3.49,None,17.9,14,2918.87
12.84,29.41,1.2,High,Sedan,Rainy,0,Airport,104.75,215.73,3.45,3.57,Pop,38.22,85,1217.92
16.54,80.86,1.2,High,Mini,Rainy,0,SemiUrban,100.42,278.9,3.92,4.79,Pop,24.73,6,1242.21
13.36,47.6,1.2,Medium,SUV,Sunny,0,Urban,104.29,179.73,4.65,3.94,Classical,84.12,48,1107.97
19.23,42.72,1.5,Medium,SUV,Rainy,0,Airport,94.35,92.63,3.4,4.42,Rock,100.0,39,1603.16
12.14,54.8,1.2,Low,Mini,Sunny,0,Urban,92.92,164.87,3.18,,None,78.88,20,776.45
38.5,90.42,1.5,Medium,Mini,Sunny,0,Airport,,50.76,4.39,4.19,Classical,33.05,22,1986.25
13.2,46.33,1.0,Low,Mini,Sunny,0,Airport,117.7,234.97,3.63,4.37,Classical,46.48,58,866.11
4.82,26.32,1.0,Medium,Mini,Rainy,0,SemiUrban,115.89,217.13,3.98,3.61,Pop,45.26,98,589.72
21.55,94.54,1.5,High,Sedan,Sunny,0,Airport,110.35,212.91,4.78,3.88,Classical,91.97,34,2031.35
3.23,13.37,2.0,Low,Mini,Sunny,1,SemiUrban,111.57,158.49,3.35,4.69,Classical,60.07,32,914.96
5.31,25.35,1.0,Medium,Mini,Sunny,0,SemiUrban,115.82,148.0,4.55,4.41,None,71.52,68,536.1
9.56,29.76,1.2,Medium,Sedan,Rainy,0,SemiUrban,117.46,118.17,,4.79,Classical,31.46,93,917.37
19.11,89.39,1.2,Low,SUV,Sunny,1,Airport,109.78,279.03,3.09,3.37,Pop,4.51,47,1572.44
17.9,,1.0,Medium,Sedan,Rainy,0,Airport,101.58,142.19,3.36,4.35,Rock,22.07,18,1084.56
32.19,129.62,2.0,Medium,Mini,Rainy,0,Airport,94.42,188.68,3.99,3.03,Classical,14.74,41,2909.3
29.84,91.68,1.2,Medium,Mini,Sunny,0,SemiUrban,90.21,164.32,3.45,3.48,Classical,45.28,21,1266.84
17.63,72.91,1.2,Low,Mini,Sunny,1,Airport,109.44,215.2,3.71,3.12,Classical,55.78,86,1170.63
14.01,48.03,1.0,Medium,Mini,Sunny,0,Urban,101.93,295.44,4.39,4.51,None,18.26,72,776.55
13.34,44.72,1.0,High,Premium,Sunny,0,SemiUrban,92.39,194.98,4.7,4.01,Classical,40.3,23,1117.63
31.19,117.51,1.0,Medium,Mini,Foggy,1,Urban,98.36,151.84,3.88,4.01,Classical,51.99,76,1213.38
3.03,17.8,1.0,Medium,Mini,Sunny,1,Airport,104.06,201.58,4.02,3.81,Classical,28.38,58,681.31
1.5,7.52,1.2,Low,Mini,Rainy,0,Urban,,58.51,4.18,3.11,Classical,41.52,17,431.4
32.03,101.46,1.5,Low,SUV,Rainy,0,Urban,99.44,276.14,3.34,4.52,Pop,1.45,61,2251.86
19.61,63.44,1.2,High,Sedan,Sunny,0,Urban,109.69,92.07,4.19,4.43,Rock,40.02,60,1102.3
6.1,29.91,1.0,Low,SUV,Rainy,1,SemiUrban,91.3,185.06,4.62,4.43,Pop,63.37,93,683.22
10.19,33.04,1.0,High,Sedan,Rainy,1,Airport,118.87,144.92,4.79,4.99,Pop,47.65,92,947.54
37.37,94.23,1.2,Low,SUV,,0,SemiUrban,119.15,262.67,3.38,4.68,Classical,56.63,9,1745.97
34.52,109.16,1.0,Low,Mini,Sunny,0,Airport,105.85,290.71,4.71,3.53,Rock,77.58,82,1496.0
28.68,109.82,2.5,Low,Mini,Sunny,0,SemiUrban,109.73,65.53,4.75,3.29,Classical,99.79,81,2585.29
19.81,62.6,1.5,Medium,Sedan,Rainy,0,Urban,112.94,101.71,4.53,3.9,None,41.84,82,1415.01
21.29,87.59,1.5,Medium,Sedan,Sunny,0,Urban,119.11,262.33,4.64,4.67,Classical,17.14,78,1660.26
39.03,111.47,1.0,High,Sedan,Sunny,0,SemiUrban,106.34,163.52,3.89,3.32,Pop,97.79,44,1403.97
116.01,197.38,1.5,Low,Sedan,Rainy,0,Urban,112.66,208.13,4.94,4.55,Pop,28.54,32,5583.47
9.4,38.12,1.0,Low,Sedan,,0,Urban,95.77,142.77,4.44,4.88,Rock,26.19,41,631.45
32.63,71.37,1.2,Medium,SUV,Sunny,1,Airport,94.62,183.58,3.52,3.28,Classical,86.91,82,1745.16
8.69,34.95,1.0,Medium,SUV,Sunny,1,Airport,111.38,116.72,3.06,4.37,Classical,89.29,77,971.03
9.33,16.94,1.2,Low,Mini,Sunny,1,SemiUrban,117.72,197.52,3.35,3.43,Rock,33.72,93,667.87
27.37,68.59,1.0,Low,Sedan,Sunny,0,Airport,107.03,158.24,4.49,4.99,Pop,64.76,90,1176.51
16.8,60.6,1.2,Low,Sedan,Sunny,1,SemiUrban,106.04,220.35,,4.78,None,68.97,86,1053.93
37.33,108.13,1.0,Medium,Mini,Sunny,0,SemiUrban,107.13,202.03,3.17,3.74,Pop,52.31,31,1351.65
4.47,14.51,1.0,Medium,Mini,Sunny,0,Airport,116.39,83.43,4.31,3.09,Rock,59.74,1,622.38
,74.24,1.2,Medium,Sedan,Sunny,0,SemiUrban,114.0,97.62,3.74,3.09,Pop,35.89,80,1184.8
36.82,139.72,2.5,Low,Premium,Sunny,0,Urban,,55.8,4.18,3.98,Pop,70.68,25,4108.69
36.26,132.77,1.5,High,Mini,Sunny,1,Urban,93.2,139.53,4.7,4.92,None,89.08,12,2120.47
7.1,10.33,1.2,Low,SUV,Rainy,0,Urban,112.79,118.23,3.86,4.69,Rock,86.51,41,872.64
15.3,,1.0,Low,Mini,Sunny,0,SemiUrban,113.05,70.57,,3.96,Pop,81.48,76,652.1
25.15,,1.0,Medium,Sedan,Sunny,0,Airport,93.96,219.53,3.23,3.43,Pop,15.57,31,1295.91
7.22,19.98,1.0,Medium,Mini,Rainy,1,SemiUrban,104.14,228.99,5.0,3.13,Rock,76.38,75,652.45
38.75,151.51,2.5,Low,Mini,Sunny,0,Urban,92.94,215.57,,3.77,Rock,16.49,65,3473.6
36.68,140.47,1.0,High,SUV,Sunny,0,Urban,101.91,108.26,3.11,4.63,Classical,79.81,6,1565.32
7.51,32.95,1.5,Medium,Premium,,0,Urban,109.23,207.08,3.34,3.97,Classical,32.29,69,1525.01
5.73,7.49,1.5,Low,Mini,Sunny,0,Airport,96.55,144.94,4.37,3.95,Classical,13.77,83,801.2
4.33,26.88,1.2,Medium,Sedan,Sunny,0,Urban,93.97,52.56,3.85,3.95,Classical,72.77,56,659.97
36.47,138.61,2.0,Medium,Sedan,Sunny,0,SemiUrban,109.15,291.88,4.24,3.42,Rock,46.49,96,3058.39
8.55,25.18,1.0,Medium,Mini,Sunny,0,Urban,114.8,229.44,4.13,4.62,None,55.07,69,607.95
17.24,59.76,1.2,High,Mini,Sunny,0,Airport,94.63,109.66,3.31,4.51,Pop,86.01,11,1056.89
18.51,70.07,2.0,Medium,SUV,Sunny,0,SemiUrban,117.13,127.35,3.88,3.6,Pop,36.64,29,2216.22
24.36,81.48,1.2,Low,Mini,Sunny,0,Urban,112.11,274.53,4.06,3.37,Rock,27.92,7,1244.34
3.8,15.44,1.0,Medium,Mini,Foggy,0,Airport,110.34,113.74,,4.58,Pop,39.78,91,565.02
9.84,32.5,1.0,Medium,Premium,Sunny,1,Airport,93.63,73.09,,4.95,Rock,63.23,28,1026.15
37.33,79.27,1.5,Medium,Mini,Sunny,0,Urban,,260.28,4.98,3.28,Pop,22.46,20,1936.14
36.43,,1.0,Low,Mini,Sunny,0,Airport,104.2,224.41,4.97,,Pop,79.49,57,1480.54
31.47,122.68,2.0,High,SUV,Sunny,0,Urban,106.07,185.67,3.71,4.18,None,88.29,14,2953.85
1.76,8.57,1.0,Medium,Sedan,Sunny,0,SemiUrban,105.38,188.58,4.46,3.97,Rock,91.07,42,413.54
13.75,52.4,1.2,Medium,Sedan,Rainy,0,SemiUrban,105.93,221.96,3.47,3.3,Classical,61.61,32,1016.34
25.49,84.81,1.2,Medium,Mini,,1,Airport,114.69,277.7,4.98,4.2,Classical,93.83,17,1519.6
11.73,29.86,1.2,Medium,SUV,Sunny,1,SemiUrban,92.96,255.62,3.83,3.05,None,13.59,45,977.93
36.47,,1.2,Low,Mini,Sunny,1,Urban,104.51,108.31,4.17,3.99,None,56.0,28,1546.89
,59.69,2.0,High,Mini,Foggy,0,SemiUrban,108.42,210.92,3.76,3.23,None,44.75,88,2142.4
3.8,19.16,1.2,Low,Mini,Rainy,0,SemiUrban,93.53,217.82,3.31,,Classical,98.01,75,612.21
36.45,97.6,1.5,Medium,Sedan,Sunny,1,Urban,107.43,255.42,3.31,4.97,Classical,9.03,46,2148.45
38.35,108.06,1.0,Medium,SUV,Rainy,0,Urban,105.27,277.75,4.88,3.74,Pop,40.02,93,1622.52
4.03,,1.0,Medium,Mini,Rainy,1,Airport,96.68,64.65,4.11,,Classical,16.37,25,665.74
21.76,60.65,1.0,Medium,Mini,Sunny,0,Urban,97.72,73.62,4.94,3.87,Pop,35.45,87,924.6
12.83,51.82,1.0,Low,Sedan,Rainy,0,Urban,92.59,73.81,3.81,4.1,Classical,87.09,59,846.11
16.32,,1.2,Medium,Premium,Rainy,1,SemiUrban,111.16,223.04,3.95,3.02,Rock,22.54,46,1382.4
,36.37,1.2,High,Mini,Rainy,0,Urban,94.45,282.06,3.44,4.63,Pop,49.41,77,977.57
23.54,55.75,1.5,Medium,Sedan,Sunny,0,Urban,113.67,195.53,3.21,3.59,Pop,20.46,22,1580.56
38.36,135.71,1.0,Low,Sedan,Rainy,0,SemiUrban,116.69,191.97,4.57,4.69,Pop,97.92,31,1481.63
20.62,72.38,1.0,High,SUV,Sunny,0,Airport,97.23,259.96,3.79,3.28,Pop,7.66,70,1339.28
4.23,12.95,2.0,Medium,Sedan,Rainy,1,Urban,97.81,298.07,4.57,3.86,None,84.91,33,1362.06
25.18,63.37,2.0,Low,Mini,Sunny,0,SemiUrban,93.69,285.47,3.9,4.98,Pop,93.22,32,1905.63
,52.97,2.0,Medium,Sedan,,0,Airport,106.23,201.71,4.85,3.39,Rock,77.78,80,1908.25
34.38,95.98,1.5,Medium,Mini,Rainy,0,Airport,118.93,299.37,4.77,4.02,None,36.96,89,2291.59
17.95,40.15,1.2,Low,Sedan,,0,Airport,97.31,230.8,4.64,3.64,Pop,39.72,99,1063.55
8.52,16.6,2.0,High,Mini,Foggy,0,Airport,94.79,225.15,4.59,4.29,Classical,3.01,99,1546.84
8.45,40.22,1.5,Low,Mini,Sunny,0,SemiUrban,108.18,74.42,4.32,3.14,Classical,19.51,81,804.25
30.98,91.11,2.5,Medium,Mini,Rainy,0,Airport,115.7,124.27,4.74,4.61,None,93.03,19,3373.54
11.36,27.75,1.0,Medium,SUV,Sunny,0,SemiUrban,116.11,195.83,4.7,4.28,Rock,72.78,3,813.29
30.92,95.02,2.0,High,Sedan,Rainy,0,Airport,100.36,224.41,3.43,4.74,Rock,55.06,26,2953.58
9.03,34.01,1.2,Low,Mini,Rainy,0,SemiUrban,113.6,100.4,4.39,4.52,Pop,99.02,83,710.12
13.55,41.59,1.0,Low,Mini,Rainy,1,Airport,,252.25,4.67,3.27,None,76.08,40,811.43
,58.34,1.0,Medium,Mini,Rainy,1,SemiUrban,111.99,268.91,4.49,4.74,Rock,61.39,95,1031.36
37.78,129.17,2.0,Medium,Mini,Sunny,1,Urban,,262.93,3.03,3.78,Classical,51.8,49,2901.66
37.34,115.62,1.2,High,Sedan,Rainy,0,Urban,93.83,184.36,4.24,3.98,None,46.55,55,1819.43
9.07,42.97,2.5,Low,SUV,Rainy,0,SemiUrban,100.72,134.96,3.57,3.12,None,85.59,80,1900.41
14.97,41.03,1.0,Medium,SUV,Rainy,0,Airport,112.89,260.48,4.55,3.45,Rock,48.26,42,1225.63
6.83,22.93,1.0,Low,SUV,Rainy,0,Urban,112.8,235.52,4.48,3.58,Rock,43.59,79,748.15
20.89,37.96,1.0,Medium,Mini,Rainy,1,Urban,93.66,59.46,3.22,4.61,Classical,23.09,47,764.62
18.96,,1.2,Low,SUV,Rainy,0,SemiUrban,,175.29,3.67,3.95,Pop,63.76,33,1367.28
36.13,117.11,1.2,High,Sedan,Rainy,0,SemiUrban,116.07,255.77,4.8,3.73,Classical,3.08,22,1878.46
37.27,69.35,1.2,Low,Sedan,Rainy,0,SemiUrban,113.75,192.31,3.97,4.9,Rock,25.41,48,1622.69
15.96,76.35,1.0,Medium,Premium,Rainy,0,SemiUrban,107.43,117.04,4.01,,None,52.55,77,1219.77
20.18,59.41,1.0,Low,SUV,Sunny,1,SemiUrban,,54.13,3.41,3.96,Classical,30.96,34,976.39
35.95,128.73,1.0,Medium,SUV,Rainy,1,Urban,99.74,106.67,3.36,3.52,Pop,51.4,52,1504.78
32.46,78.83,2.0,Medium,Mini,Foggy,0,SemiUrban,109.61,202.96,,,Pop,23.66,15,2372.3
1.14,-1.81,1.0,Low,Mini,Sunny,1,Airport,113.44,113.27,3.16,4.77,Pop,85.89,59,419.2
13.48,56.88,1.0,Low,SUV,Sunny,0,SemiUrban,108.41,52.84,3.35,4.13,Classical,11.16,56,733.2
17.45,56.91,1.2,Low,Mini,Sunny,1,Airport,101.86,67.49,3.03,3.0,Rock,22.06,12,1005.95
9.96,7.84,1.5,Low,SUV,Sunny,0,Urban,107.3,144.96,4.99,3.3,Classical,46.31,84,1086.0
8.78,16.77,1.0,Low,Sedan,Foggy,0,Urban,90.11,166.2,3.87,,Classical,43.87,64,611.8
2.47,7.23,1.0,Medium,SUV,Sunny,0,SemiUrban,112.07,239.77,3.82,3.12,None,67.17,45,615.3
26.09,,1.2,Medium,Mini,Rainy,1,Urban,115.32,185.37,4.17,4.79,Pop,70.68,89,1388.94
11.24,43.36,2.5,Medium,Sedan,Rainy,0,Urban,91.38,244.71,4.71,3.41,Pop,65.66,96,2087.24
3.04,17.7,1.2,Low,SUV,Rainy,0,Airport,101.98,87.45,4.33,4.96,Pop,63.81,11,835.56
10.01,24.17,1.0,Low,Sedan,Sunny,1,Urban,115.46,137.58,3.43,4.25,Classical,44.95,54,673.84
32.27,69.32,1.2,Medium,Sedan,Sunny,0,SemiUrban,,179.37,4.49,4.96,Classical,44.65,87,1414.39
34.21,127.4,2.5,Medium,SUV,Sunny,1,Urban,104.5,53.91,3.28,4.03,Pop,8.88,35,3481.09
19.84,36.39,1.2,Low,Mini,Sunny,0,Urban,92.61,290.21,,4.57,Rock,0.26,34,1021.9
17.23,67.54,1.0,Low,Mini,Sunny,0,Airport,112.12,280.68,4.47,3.55,Pop,85.45,51,989.23
39.14,135.9,1.0,Low,Sedan,Sunny,1,Airport,110.68,216.02,4.87,3.31,Classical,1.04,97,1620.31
8.82,34.67,2.5,Low,Mini,Sunny,0,SemiUrban,107.69,103.36,4.75,3.21,Classical,90.68,29,1410.83
9.4,24.97,1.5,Medium,Mini,Sunny,0,Urban,91.81,84.47,,3.66,None,20.91,92,689.59
12.38,36.33,1.2,Low,SUV,Sunny,0,Urban,109.28,272.04,4.79,3.77,Classical,56.09,77,1090.74
7.74,24.03,1.0,High,Sedan,Rainy,0,Airport,91.55,121.94,4.62,,Classical,93.09,37,840.91
15.8,40.17,1.2,High,SUV,Rainy,1,Urban,114.66,144.14,3.89,4.92,Rock,38.15,49,1278.34
36.52,106.76,1.0,Medium,Mini,Rainy,0,Airport,116.08,148.91,4.39,3.28,Pop,80.48,20,1441.98
25.0,105.01,1.0,Low,Sedan,Rainy,0,SemiUrban,105.93,103.29,3.33,3.4,Pop,57.85,44,1107.19
17.07,69.85,2.0,Low,Mini,Sunny,0,Airport,115.45,231.14,4.07,3.41,Rock,43.04,91,1947.32
37.44,134.43,1.0,Medium,Mini,Rainy,0,SemiUrban,102.02,193.76,3.11,4.46,Rock,16.08,48,1429.03
2.89,,1.0,Low,Premium,Sunny,1,Urban,98.7,272.19,3.82,4.33,Classical,17.03,37,803.15
9.2,37.14,2.0,High,Mini,Sunny,0,Urban,104.52,104.86,,3.35,Rock,31.13,60,1379.44
23.07,103.82,1.0,Low,Mini,Sunny,0,Airport,106.76,134.88,4.25,3.05,Classical,89.54,65,1117.36
25.01,66.0,1.5,Medium,SUV,Sunny,0,SemiUrban,112.99,173.67,3.74,3.08,Pop,18.47,10,1671.43
2.54,10.09,1.2,Medium,SUV,Sunny,1,Airport,108.06,168.07,3.18,3.49,Pop,78.4,1,877.79
16.72,,2.0,High,Premium,Foggy,0,Urban,115.68,295.41,4.28,4.51,Classical,10.94,85,2674.95
26.32,72.85,1.5,Medium,Mini,Rainy,0,Airport,118.07,199.04,3.17,4.79,Pop,81.32,54,1906.91
28.22,71.07,1.5,Medium,Mini,Sunny,1,Urban,105.66,152.57,3.47,4.81,Classical,6.93,85,1597.43
25.89,99.33,1.0,High,Sedan,,1,Airport,111.53,121.3,4.61,3.86,None,22.26,28,1333.18
13.5,59.78,1.2,Low,Sedan,Rainy,0,SemiUrban,104.45,194.34,3.87,4.64,None,23.07,43,1012.42
4.65,9.17,2.0,Low,Mini,Sunny,1,SemiUrban,117.18,186.65,5.0,4.44,Pop,82.39,65,897.92
17.66,56.85,1.0,Low,Mini,Rainy,0,SemiUrban,90.92,177.02,4.54,3.14,None,58.73,7,749.98
6.02,26.89,1.5,Medium,Sedan,Foggy,0,Airport,111.56,285.94,3.81,4.84,Rock,63.79,10,1336.22
37.96,83.9,1.0,Low,Sedan,Sunny,1,Urban,104.89,176.05,,,Classical,81.93,18,1356.57
19.53,66.81,1.0,Low,Mini,Rainy,0,Airport,91.83,107.01,3.86,3.93,Classical,76.24,13,960.06
13.37,38.01,1.0,Low,SUV,Rainy,0,Urban,112.37,88.99,3.27,4.17,Pop,1.69,27,866.48
,,1.0,Medium,Mini,Rainy,0,SemiUrban,101.78,277.41,4.38,3.35,Classical,31.63,23,1303.96
20.42,66.49,2.5,Medium,SUV,Foggy,0,SemiUrban,105.82,299.46,3.21,3.32,Pop,28.49,29,2965.47
13.09,36.58,2.0,High,SUV,Sunny,0,Airport,111.38,198.08,4.89,3.87,Classical,79.95,14,2145.72
32.67,123.65,1.2,Low,Sedan,Rainy,0,Urban,97.56,231.78,3.78,4.15,Classical,0.97,77,1752.92
34.82,,1.5,Medium,Sedan,Rainy,0,Urban,98.65,155.12,3.07,3.11,Pop,1.75,86,2047.59
27.25,77.72,1.2,Medium,Mini,Sunny,0,Urban,100.7,265.45,4.66,3.17,Classical,19.97,12,1306.3
2.83,19.91,1.5,Medium,SUV,,0,Airport,112.43,136.68,3.7,4.88,None,23.23,65,1239.44
23.09,67.35,1.5,Low,Mini,Foggy,0,Urban,119.45,54.8,4.34,3.71,Pop,16.59,50,1315.4
30.77,,1.0,Low,Sedan,Sunny,0,Airport,100.89,59.53,4.73,3.22,Pop,8.58,23,1135.05
6.32,22.86,1.2,High,Sedan,,0,SemiUrban,108.32,256.4,3.12,3.3,Pop,66.07,48,899.94
9.92,47.01,1.2,High,Mini,Sunny,0,SemiUrban,99.72,155.21,,3.79,Pop,15.79,37,863.26
35.42,85.32,2.5,Low,Premium,Sunny,0,SemiUrban,116.3,291.93,3.28,4.69,Rock,63.62,96,4042.97
1.78,15.19,1.2,High,SUV,Sunny,0,SemiUrban,118.07,154.41,3.47,3.69,Pop,45.86,37,730.44
,130.83,2.0,Low,Mini,Foggy,1,Airport,95.69,286.49,4.05,4.47,Rock,85.97,60,2901.38
19.48,36.3,1.5,Medium,Sedan,,1,Airport,109.62,167.64,4.92,3.58,Classical,26.91,19,1646.54
18.42,61.47,1.2,Medium,Mini,Sunny,1,Airport,117.18,230.43,4.09,,Classical,98.57,25,1203.19
1.28,-5.14,2.0,Low,SUV,Rainy,0,SemiUrban,104.25,123.31,4.72,,Classical,55.51,44,943.87
32.96,141.38,1.0,Low,Mini,Sunny,0,SemiUrban,100.06,187.22,,4.47,None,96.58,69,1297.84
15.03,47.53,1.0,Medium,Premium,Rainy,1,Urban,117.17,131.39,,4.57,Rock,64.97,76,1124.87
22.09,59.82,1.5,Medium,Mini,Sunny,0,Airport,97.74,219.23,4.43,3.92,Classical,23.84,33,1627.05
27.41,59.09,1.0,Low,Mini,Sunny,0,Urban,96.21,106.95,4.9,4.43,None,30.05,11,881.98
28.4,123.54,1.0,Low,Sedan,Rainy,0,SemiUrban,116.42,139.48,4.75,3.64,Pop,15.84,61,1234.47
38.28,141.8,1.2,High,Mini,Sunny,0,Urban,109.01,208.49,4.7,3.92,Rock,42.67,37,1835.56
21.72,81.04,1.0,Low,SUV,Rainy,0,SemiUrban,95.55,125.92,3.15,4.75,Pop,32.89,14,1093.96
16.59,64.55,2.0,Low,Mini,Rainy,0,Urban,109.29,119.79,4.35,3.09,Classical,25.03,82,1653.66
38.19,,2.5,Medium,Premium,Sunny,0,Airport,116.29,145.09,,3.91,None,20.06,88,4652.87
26.04,89.39,1.2,Low,SUV,Rainy,1,SemiUrban,92.68,205.42,3.52,3.11,Classical,83.62,88,1493.97
12.63,46.05,1.2,Low,SUV,Sunny,0,Airport,97.7,133.29,3.91,3.86,Rock,83.9,69,1072.0
5.93,35.35,1.5,High,Sedan,Sunny,0,Airport,,158.63,4.73,,None,54.21,24,1238.81
33.86,108.98,1.2,High,Sedan,Rainy,1,Urban,93.45,55.24,3.18,,Classical,60.65,67,1625.55
15.13,32.28,1.0,Low,Sedan,Rainy,0,SemiUrban,117.16,225.0,4.85,3.61,Classical,42.0,56,883.01
26.76,95.26,1.5,High,Premium,,0,Urban,107.79,252.94,4.72,4.56,None,62.61,3,2402.76
19.36,63.08,1.5,High,Mini,Rainy,0,Airport,107.55,256.77,3.56,3.12,None,78.78,18,1698.78
8.76,34.87,1.0,Medium,Mini,,0,SemiUrban,91.68,187.39,3.68,3.46,Rock,48.99,18,551.41
24.47,88.35,1.5,Medium,Premium,Sunny,0,Urban,102.64,156.23,3.1,4.21,Rock,79.14,50,1978.38
3.37,12.13,1.2,Low,Mini,Sunny,0,Airport,95.85,96.51,4.46,3.02,Pop,89.25,19,559.46
17.12,71.52,1.0,Low,Mini,Sunny,1,Airport,114.26,213.99,3.34,4.28,None,99.04,2,928.01
22.32,64.01,1.2,Medium,Sedan,Rainy,0,Urban,100.08,194.17,3.59,4.44,Classical,96.43,60,1370.14
18.01,53.45,1.0,High,SUV,Rainy,1,Airport,102.09,157.46,3.8,4.68,Rock,24.86,78,1247.0
30.2,84.19,1.0,Medium,Mini,Sunny,1,Airport,109.22,203.67,3.81,4.53,Classical,61.1,94,1211.74
33.29,128.03,1.5,Low,SUV,Sunny,0,Urban,111.52,288.57,4.6,4.87,None,35.69,6,2308.32
31.08,70.75,2.0,Low,Mini,Sunny,0,Urban,113.7,83.96,3.99,4.06,Pop,69.99,88,2105.61
2.51,29.33,1.0,Medium,SUV,Sunny,0,Airport,95.25,291.16,3.11,4.49,Rock,19.98,45,784.57
8.57,34.13,2.0,Medium,Mini,,0,Urban,97.88,192.56,4.2,4.62,Rock,27.69,25,1220.71
21.93,70.46,1.0,Low,Mini,Sunny,0,Airport,92.77,258.0,3.61,4.27,Classical,96.94,86,1083.95
37.46,157.16,1.0,Medium,SUV,Rainy,0,SemiUrban,115.69,298.44,3.68,4.86,None,60.7,47,1717.33
33.56,119.78,1.0,Medium,Sedan,Rainy,0,Airport,,282.12,,3.95,Classical,20.02,58,1598.34
33.86,77.91,1.0,Low,Mini,Rainy,0,Urban,93.78,149.8,3.22,3.45,Rock,39.34,70,1198.27
12.83,,1.0,Low,Sedan,Rainy,0,Urban,99.34,164.46,3.51,3.53,Rock,35.78,62,794.3
17.75,42.36,2.0,Low,Sedan,Sunny,0,Airport,91.71,201.47,4.75,3.72,None,23.21,95,1811.76
19.36,41.3,1.0,High,Mini,Rainy,0,Airport,115.1,209.49,4.74,4.47,Pop,5.93,20,1151.89
7.14,,1.0,Medium,Mini,Sunny,0,Airport,98.61,107.06,4.89,4.11,Rock,97.93,18,723.03
2.21,5.54,1.5,Medium,Sedan,Sunny,1,SemiUrban,100.5,286.95,3.07,4.87,None,37.12,65,783.36
,80.02,1.0,Medium,Mini,Sunny,1,Urban,118.21,256.99,4.8,4.8,Rock,54.58,26,1315.46
10.39,51.37,1.2,Low,Sedan,Sunny,1,SemiUrban,95.68,82.57,3.72,3.91,Classical,40.42,39,769.43
10.36,23.8,1.0,Low,SUV,Sunny,1,Urban,96.12,297.83,4.3,3.79,Rock,70.93,93,775.4
4.25,4.24,1.0,Medium,Sedan,Sunny,0,SemiUrban,106.81,299.01,4.24,4.94,Classical,74.66,35,658.92
37.21,103.84,1.5,Medium,Sedan,Rainy,0,Airport,119.17,138.59,3.34,3.96,Rock,89.99,25,2375.0
23.61,65.27,1.0,Low,Sedan,Rainy,1,SemiUrban,117.04,262.07,3.34,4.98,Rock,32.0,47,1167.02
27.01,80.83,1.0,Low,Mini,Sunny,0,Airport,107.79,115.17,3.43,3.47,Rock,98.03,3,1037.72
36.55,117.16,1.0,Medium,SUV,Sunny,1,Urban,114.37,90.04,3.54,4.78,None,79.69,87,1456.49
14.48,66.41,1.2,Medium,Sedan,Rainy,0,Airport,104.63,263.61,3.74,3.54,Pop,19.05,19,1352.29
25.24,64.49,1.2,Low,Mini,Sunny,1,Urban,103.04,190.3,3.91,4.29,Pop,50.25,14,1113.88
2.51,18.78,1.2,Medium,Mini,Sunny,0,Urban,102.01,65.37,3.72,5.0,Pop,34.08,62,423.89
8.28,,1.2,High,Sedan,Sunny,0,Airport,103.64,258.15,4.18,4.15,Pop,51.25,95,1063.39
33.42,133.58,1.2,Low,Sedan,Rainy,0,Urban,111.21,145.87,3.31,4.66,Rock,31.04,13,1688.41
30.9,102.03,1.0,Medium,Mini,Rainy,0,Urban,114.64,92.23,4.86,3.5,Pop,24.29,62,1196.54
14.68,52.63,2.0,Medium,Sedan,Sunny,1,Urban,107.28,181.79,4.67,4.13,Classical,74.2,36,1675.59
15.7,65.7,2.5,Low,Sedan,Sunny,0,SemiUrban,116.07,167.54,3.1,3.93,None,51.62,45,2133.23
21.81,73.31,1.2,Medium,Mini,Sunny,0,SemiUrban,109.16,250.88,,3.75,Pop,54.98,7,1151.58
,20.15,1.0,High,Sedan,Sunny,1,Urban,114.08,169.69,4.63,3.12,Rock,42.46,24,576.23
10.41,60.82,1.2,High,Mini,,0,SemiUrban,110.69,216.05,3.7,4.49,Classical,91.18,88,879.95
9.12,36.84,1.0,Low,Mini,Sunny,1,SemiUrban,113.21,138.48,3.85,4.95,None,4.72,98,635.31
10.77,55.64,1.2,High,Mini,Sunny,1,Airport,90.57,77.39,4.99,4.25,Rock,78.38,76,906.59
32.43,100.19,1.0,Medium,Sedan,,0,Airport,116.02,60.86,4.51,,Rock,80.66,24,1427.6
11.91,55.75,1.5,Low,Mini,Sunny,1,Urban,116.58,130.15,3.55,4.33,Rock,39.18,59,1054.08
8.47,18.1,1.0,Low,SUV,Rainy,0,Airport,115.24,217.14,4.13,5.0,Rock,6.85,26,1031.0
20.67,56.46,2.5,High,Sedan,Sunny,0,Urban,111.9,52.68,4.61,4.5,Rock,78.3,64,2376.23
34.76,145.4,1.0,Medium,Sedan,,0,Urban,,112.25,3.56,3.85,None,45.07,72,1407.71
10.41,31.24,1.2,High,Premium,Foggy,1,Airport,95.44,87.87,3.15,4.96,Rock,61.93,44,1396.07
4.06,15.45,2.0,Low,SUV,Sunny,0,Airport,91.43,165.6,3.66,4.82,Classical,80.43,33,1441.47
14.9,68.59,1.0,Medium,Sedan,Sunny,1,Airport,98.69,236.57,4.77,4.55,Classical,16.66,2,1028.17
30.16,106.52,2.0,Low,Sedan,Sunny,0,Urban,103.27,188.17,3.94,4.86,Classical,36.57,39,2403.34
22.48,54.1,1.0,Low,Mini,Sunny,0,Urban,98.12,202.06,4.19,4.55,Rock,69.24,14,909.59
32.85,104.76,2.5,High,SUV,Sunny,0,SemiUrban,116.12,286.55,3.08,4.95,Pop,34.26,47,3779.3
38.42,122.08,2.5,Low,SUV,Sunny,0,Urban,118.93,164.32,3.48,4.52,Classical,36.95,96,3807.06
31.91,85.59,1.0,Medium,Sedan,Sunny,1,Airport,113.12,253.52,4.57,3.3,None,74.27,50,1362.29
24.55,99.76,1.5,High,Mini,Foggy,0,Urban,104.3,135.96,4.42,3.2,Pop,74.55,86,1752.82
20.24,,1.0,High,Sedan,Sunny,1,Airport,94.37,205.09,,3.49,None,60.06,29,941.8
2.56,19.65,1.0,Medium,Mini,Rainy,0,Airport,116.16,242.07,4.64,,Pop,41.17,86,655.5
39.39,139.14,1.0,Medium,Mini,Rainy,0,Urban,115.26,256.78,4.06,4.13,Rock,38.82,86,1581.72
15.96,58.09,1.0,Medium,SUV,Foggy,0,Airport,94.87,105.5,,4.32,Rock,29.29,15,1119.1
6.94,22.78,1.2,Low,Premium,Sunny,0,Urban,91.46,113.75,3.31,3.25,Classical,7.55,31,1000.37
27.0,73.94,1.0,Low,Mini,Foggy,1,Airport,116.97,144.24,3.34,3.01,None,4.57,40,1129.68
12.09,33.43,1.5,Low,Mini,Rainy,0,Urban,114.66,112.54,3.84,4.39,Classical,92.2,50,947.6
23.85,86.51,1.0,Low,Mini,Sunny,0,SemiUrban,118.03,185.0,4.75,,None,12.77,36,1040.73
23.88,95.17,2.5,Low,Premium,Rainy,1,Urban,100.74,251.76,3.74,4.44,None,61.26,35,3647.26
18.38,58.13,1.0,Low,Sedan,Sunny,0,Airport,109.74,88.37,4.3,3.14,Classical,27.27,95,958.55
33.61,142.7,1.0,Low,Sedan,Sunny,1,Airport,115.93,151.84,3.29,4.93,Classical,63.61,82,1395.59
11.33,26.87,1.5,Low,Sedan,Sunny,1,Urban,100.24,231.67,3.13,3.5,None,69.65,31,1074.96
18.5,46.49,2.0,Medium,Sedan,Sunny,0,Airport,104.24,225.9,3.82,3.14,Rock,78.48,75,2048.72
21.97,99.81,1.5,Low,Mini,Rainy,0,SemiUrban,105.95,109.69,3.33,4.24,Rock,9.11,5,1463.11
26.88,87.15,1.2,Medium,Mini,Sunny,0,Urban,90.88,215.1,3.39,4.45,None,10.33,71,1309.32
31.57,94.35,1.0,High,SUV,Rainy,0,SemiUrban,114.85,291.66,3.54,4.85,Pop,80.7,37,1548.12
16.4,36.93,1.0,Low,Sedan,,0,SemiUrban,118.31,206.57,3.12,4.65,Pop,93.35,20,719.24
26.2,61.19,1.2,Low,Mini,Sunny,0,Urban,102.51,131.78,,3.56,None,25.81,58,1045.2
6.87,21.05,1.2,Medium,Sedan,Rainy,1,SemiUrban,108.33,178.75,4.08,3.4,Rock,30.78,6,798.53
37.37,87.35,1.0,High,Mini,Sunny,1,Airport,106.25,134.49,3.81,3.61,None,91.81,76,1376.17
15.94,50.27,1.2,Low,Sedan,,0,SemiUrban,100.44,182.94,3.66,3.48,Classical,79.19,59,1059.93
29.45,114.78,1.5,Low,Mini,Rainy,0,Airport,92.47,260.2,3.0,4.44,Rock,23.79,79,1981.75
1.79,3.39,1.5,Low,SUV,Sunny,0,SemiUrban,,83.47,4.74,4.4,Rock,58.26,38,667.57
9.0,43.68,1.0,Medium,Mini,Sunny,0,Urban,97.32,153.24,4.52,4.12,None,31.43,77,577.94
20.0,52.24,1.2,High,Sedan,Sunny,0,Airport,109.57,208.49,4.46,3.14,Classical,44.24,56,1322.13
35.25,122.33,1.0,Medium,SUV,Rainy,0,SemiUrban,106.12,166.27,3.35,4.91,Rock,70.44,14,1666.76
21.56,58.03,1.0,Medium,Sedan,Rainy,1,Airport,107.72,245.39,3.1,3.7,Rock,24.91,85,1288.25
37.26,76.96,1.5,Medium,Mini,Sunny,0,Urban,108.05,90.35,3.13,,Pop,7.44,94,1914.91
19.87,45.88,1.2,Low,Mini,Sunny,0,Airport,116.57,268.65,4.07,4.59,Pop,99.31,6,1201.26
20.13,63.83,1.5,Medium,SUV,Sunny,1,Airport,94.42,294.57,4.27,3.59,Pop,42.7,35,1906.59
5.67,8.23,1.0,Low,Mini,Sunny,0,Airport,114.17,139.97,5.0,3.5,Pop,73.02,98,482.75
32.3,103.6,2.0,Low,Sedan,Foggy,0,SemiUrban,118.64,78.47,4.04,4.07,Classical,99.77,40,2413.0
10.63,59.83,1.0,Low,SUV,Sunny,0,SemiUrban,111.64,296.92,3.66,3.72,Rock,3.82,60,830.79
36.08,107.71,2.0,Medium,Mini,Sunny,0,Airport,,137.71,4.36,4.84,Rock,44.38,29,2719.17
36.52,79.42,1.0,Medium,Mini,Rainy,0,Urban,115.51,173.04,4.29,4.83,Pop,1.93,59,1242.7
37.79,87.56,1.0,Medium,Mini,Rainy,0,Airport,113.75,110.67,3.05,4.54,Rock,64.98,67,1404.6
21.29,76.84,1.0,Low,Mini,Sunny,0,Airport,115.88,63.87,3.25,3.04,Rock,16.62,69,970.36
27.41,106.26,1.0,Low,Sedan,Sunny,0,SemiUrban,104.59,81.36,4.38,4.69,Pop,94.03,9,1070.09
31.36,64.94,1.2,Low,Sedan,Rainy,1,Airport,114.61,109.44,3.16,4.31,Classical,87.49,20,1557.15
6.11,,2.0,Low,Sedan,Rainy,0,Airport,94.62,296.98,4.61,4.05,Rock,65.36,36,1640.34
24.44,94.43,1.0,Medium,SUV,Sunny,0,Urban,,249.09,4.82,3.78,Classical,16.11,36,1275.68
2.34,33.53,1.2,Low,Sedan,Sunny,1,Urban,,155.14,3.4,4.23,Rock,34.48,15,659.41
20.41,79.0,2.0,Medium,Sedan,Rainy,0,Airport,116.9,129.83,4.01,3.51,Rock,98.01,7,2492.07
7.04,15.04,1.2,Medium,Mini,Sunny,0,Airport,115.89,85.93,3.63,4.15,Pop,31.57,83,762.63
8.13,39.56,1.0,Low,Mini,Sunny,0,Urban,111.48,171.24,4.04,4.3,Rock,99.34,98,614.14
15.24,59.15,2.5,Medium,Mini,Rainy,0,Urban,95.25,276.78,4.23,4.35,Pop,82.32,75,2340.32
17.87,67.06,1.0,Low,Sedan,Rainy,0,Airport,114.2,298.31,3.02,,Pop,53.17,19,1174.97
25.3,99.59,1.2,Medium,SUV,Rainy,0,Airport,108.43,275.47,4.79,3.14,Classical,85.1,83,1795.61
3.9,13.5,1.5,High,SUV,Rainy,1,Airport,114.5,66.43,3.74,3.84,None,97.38,26,1257.33
20.64,64.94,1.0,Medium,Mini,Rainy,0,SemiUrban,118.15,89.52,3.38,,None,28.93,86,933.63
8.12,,1.5,Low,Mini,Sunny,0,Urban,,85.4,3.06,4.07,Classical,11.68,21,765.15
23.39,,1.0,High,Mini,Rainy,0,Urban,112.34,90.39,4.99,3.08,None,8.26,97,972.64
25.86,81.37,1.0,Medium,Mini,Rainy,0,SemiUrban,119.19,81.09,,3.75,Pop,60.99,21,1087.97
22.71,91.76,1.0,Medium,Mini,Sunny,0,Urban,96.41,74.09,3.91,4.23,Rock,32.54,60,939.64
29.79,127.55,2.5,Medium,Mini,Foggy,0,SemiUrban,115.41,137.59,4.73,3.56,Rock,38.45,26,3046.48
14.09,50.16,2.0,Low,Mini,Rainy,0,Urban,94.26,89.49,3.91,3.38,Rock,15.55,78,1359.6
30.84,108.3,1.0,Medium,Mini,Sunny,0,Airport,90.51,86.18,4.38,4.16,Pop,8.57,64,1165.66
17.88,50.8,1.0,Medium,Mini,Rainy,1,SemiUrban,115.41,181.12,4.91,4.22,None,31.96,18,947.49
19.88,65.02,1.0,High,Sedan,Sunny,1,SemiUrban,118.8,100.79,4.41,3.92,Rock,17.47,50,974.46
,89.13,1.2,Low,Sedan,Sunny,1,Airport,,51.53,3.48,3.18,Rock,6.7,6,1288.45
,11.54,2.0,Low,SUV,Sunny,1,SemiUrban,115.33,224.03,4.87,4.48,Rock,3.91,10,1207.61
26.51,101.85,2.5,High,Sedan,,0,Urban,110.98,132.14,3.04,4.51,Classical,5.91,16,3135.07
25.12,67.42,1.5,Low,Sedan,Rainy,0,SemiUrban,110.99,234.27,4.84,3.78,Rock,72.03,61,1732.21
13.08,48.46,1.2,High,Mini,Sunny,0,Airport,103.79,273.27,4.92,3.02,Classical,61.08,33,1147.01
4.35,17.46,1.0,Low,Mini,Rainy,0,SemiUrban,102.51,281.32,3.18,4.27,Classical,69.26,42,626.58
4.55,23.95,1.0,Low,Sedan,Rainy,1,Urban,101.19,94.44,3.11,4.96,Pop,81.61,56,610.64
37.01,133.37,1.2,Low,Mini,Sunny,0,Airport,,218.16,4.68,3.97,Rock,62.18,2,1640.63
27.88,115.62,1.2,Medium,SUV,Sunny,0,SemiUrban,118.11,68.74,3.05,4.38,Rock,47.93,43,1519.97
5.96,14.92,1.5,Low,Sedan,Sunny,0,SemiUrban,114.47,165.8,4.61,4.05,Rock,81.71,99,916.44
14.91,67.03,1.0,Low,Sedan,Rainy,0,Airport,99.41,156.69,3.71,3.48,Rock,62.61,87,1026.5
24.11,99.89,1.0,Low,Sedan,Sunny,0,Airport,112.22,100.79,3.04,3.68,Rock,70.03,90,1168.93
33.59,116.33,1.0,Low,Sedan,Sunny,0,Urban,109.69,243.75,4.29,4.92,Rock,43.3,84,1442.73
2.7,11.2,2.5,Medium,Sedan,Sunny,0,SemiUrban,115.38,278.32,3.56,4.19,Rock,45.01,85,1385.04
10.23,37.33,1.5,Low,Sedan,Rainy,1,Airport,92.76,114.52,3.3,,Rock,44.74,64,1224.14
35.7,83.37,1.0,Low,Sedan,Sunny,0,Urban,111.0,112.33,4.09,3.1,Rock,28.6,50,1329.67
1.36,13.88,2.0,Low,Mini,,0,Airport,97.35,98.91,3.06,,Rock,61.8,43,1078.09
8.85,38.48,1.2,Medium,Mini,Sunny,0,SemiUrban,97.25,221.73,3.79,4.0,Classical,44.0,26,670.13
38.4,138.6,1.0,Low,Sedan,Sunny,0,SemiUrban,111.17,64.1,4.23,3.21,Classical,4.74,89,1372.39
24.92,82.31,1.0,Medium,Mini,Sunny,0,Urban,116.85,65.94,4.45,4.67,Classical,69.97,71,990.29
11.21,35.04,1.2,Low,SUV,Rainy,1,Urban,105.48,93.52,4.03,3.68,None,50.32,28,1068.4
3.61,12.96,1.2,Low,Mini,Foggy,1,Airport,103.97,186.44,3.12,3.77,Classical,18.95,60,723.97
2.1,3.79,1.2,High,Mini,Sunny,1,SemiUrban,114.45,113.17,4.53,3.69,Pop,5.71,76,478.21
,41.0,1.2,High,Sedan,Rainy,1,SemiUrban,90.76,296.82,3.78,4.07,None,19.16,37,1008.71
35.38,143.08,1.0,Low,SUV,Sunny,1,SemiUrban,111.21,148.8,3.36,5.0,Pop,51.06,43,1524.96
17.22,70.23,1.0,Medium,Mini,Sunny,0,Urban,91.68,167.53,3.53,4.79,Rock,6.51,23,837.54
29.09,123.59,1.5,Medium,Mini,Sunny,1,Urban,97.33,66.34,4.33,,Rock,61.59,53,1751.28
36.81,124.09,1.2,High,Sedan,Sunny,1,SemiUrban,110.01,226.38,3.4,4.8,Rock,27.18,69,1852.21
16.91,51.19,1.0,High,Sedan,Sunny,0,SemiUrban,,247.15,3.18,4.16,Rock,96.49,14,930.28
8.46,36.59,1.0,Medium,SUV,Rainy,1,Airport,98.86,133.56,4.24,4.46,Pop,78.93,35,930.77
21.17,74.16,1.0,High,SUV,Sunny,1,Urban,105.13,231.48,4.29,4.04,Pop,11.12,77,1238.32
36.42,100.67,1.0,High,Sedan,Rainy,0,Airport,115.5,106.93,3.89,4.32,Rock,71.37,68,1564.58
32.37,65.95,1.0,Medium,Mini,Sunny,0,Urban,102.78,249.52,4.01,3.78,Pop,83.15,77,1202.28
3.57,18.23,1.2,Medium,Mini,Sunny,0,Airport,105.99,185.56,4.66,3.56,Rock,86.75,78,731.92
28.01,,1.5,Medium,Premium,Sunny,0,Airport,,149.31,3.68,4.01,None,54.66,47,2217.69
23.3,84.0,1.0,Low,Mini,Rainy,0,Airport,103.34,230.05,4.73,3.95,Classical,86.25,63,1201.04
,90.41,1.5,Medium,Mini,Sunny,0,SemiUrban,90.5,203.63,4.75,3.79,None,76.35,18,1845.3
,19.84,1.5,Medium,Sedan,Rainy,0,Airport,115.14,183.1,4.02,4.58,Pop,56.62,32,1265.64
21.83,49.9,1.0,Low,Sedan,Sunny,0,Urban,96.21,102.75,3.03,4.43,Classical,42.21,89,833.56
35.3,141.11,1.2,High,Sedan,Sunny,0,Airport,117.6,262.36,,3.57,Rock,0.21,32,2017.47
16.99,61.96,1.0,High,Mini,Foggy,0,SemiUrban,100.73,157.96,3.28,3.39,Pop,61.47,26,878.42
19.8,60.31,1.2,Low,Mini,Foggy,0,SemiUrban,115.08,161.38,4.05,3.01,None,24.49,19,991.68
3.75,6.39,1.0,Medium,Sedan,Rainy,1,SemiUrban,101.69,100.31,4.34,4.96,None,22.76,37,472.25
11.85,44.01,1.0,Low,Mini,Rainy,0,SemiUrban,94.58,282.84,3.19,3.7,Classical,14.26,12,689.13
13.66,46.59,1.2,Medium,Sedan,Rainy,0,Airport,105.11,188.65,4.5,4.22,None,68.34,36,1274.17
37.86,147.98,1.0,Medium,Sedan,Sunny,0,Airport,97.82,165.7,4.23,4.5,Classical,67.89,86,1607.77
12.02,40.49,1.0,Medium,SUV,Sunny,0,Urban,99.69,294.35,4.35,3.41,Pop,41.73,38,1024.35
18.97,36.38,1.0,Medium,SUV,Foggy,1,Urban,99.48,141.5,3.31,4.33,Rock,46.84,71,974.13
27.18,85.86,1.2,High,SUV,Rainy,0,Airport,100.38,57.92,,3.23,Pop,76.05,84,1764.17
7.33,28.73,2.0,Medium,Mini,Rainy,0,Urban,104.94,107.34,3.61,3.19,Pop,15.36,82,1134.33
19.97,101.3,1.0,Medium,SUV,Sunny,1,Urban,,236.62,3.3,3.61,Pop,22.99,75,1183.11
29.8,117.91,1.0,Medium,Sedan,Foggy,0,Urban,97.73,89.04,4.13,3.64,Pop,94.24,1,1239.9
34.81,132.04,1.2,High,SUV,Sunny,0,Urban,108.97,88.96,3.15,3.36,Classical,99.86,15,1863.89
25.42,98.01,1.0,Low,Mini,Foggy,0,SemiUrban,112.67,163.94,3.51,3.93,Rock,51.23,85,1033.77
,91.46,1.2,Low,Mini,Rainy,0,Urban,,163.2,4.52,4.24,Rock,46.23,75,1280.49
5.93,27.12,1.0,High,Sedan,Sunny,0,Airport,97.86,164.97,3.47,4.85,None,8.24,3,838.44
37.89,140.72,1.5,Medium,SUV,Sunny,0,Airport,104.34,104.84,3.39,4.4,Classical,67.16,56,2553.15
6.17,9.76,1.2,High,Sedan,Rainy,0,Urban,119.43,92.12,3.28,4.05,None,46.83,51,727.96
31.21,109.81,1.0,Low,SUV,Sunny,0,SemiUrban,106.51,242.26,4.23,4.08,Pop,53.84,26,1328.51
11.33,51.46,1.2,High,Mini,Rainy,0,SemiUrban,,200.98,3.91,4.15,Pop,93.2,11,1054.34
37.41,146.55,1.2,Medium,Mini,Rainy,0,SemiUrban,117.56,130.29,3.44,3.58,None,92.05,98,1647.38
29.08,101.63,1.0,High,SUV,Sunny,0,Urban,109.11,99.27,3.41,4.49,None,91.76,61,1449.24
30.4,108.98,1.0,Medium,Sedan,Sunny,1,Airport,105.57,269.41,4.98,4.31,Classical,9.84,41,1442.24
9.54,26.7,1.0,Low,Sedan,Sunny,0,Urban,112.94,84.14,3.13,3.98,Rock,38.38,67,550.15
18.28,45.73,1.0,Medium,SUV,Sunny,0,Airport,99.57,195.97,4.49,3.43,Classical,66.4,94,1034.6
25.09,57.07,1.0,Medium,SUV,Rainy,0,Airport,119.18,202.56,4.83,4.7,Classical,13.81,67,1374.76
31.03,95.12,1.2,Medium,Mini,Rainy,1,SemiUrban,104.26,264.21,3.89,3.4,Classical,94.03,90,1490.39
5.05,20.61,1.5,Medium,SUV,,0,Urban,117.85,64.2,3.96,3.39,Pop,57.6,18,987.84
38.53,154.45,2.0,Medium,Mini,Sunny,0,Airport,112.79,126.93,4.71,3.29,None,59.66,14,3064.14
35.72,113.15,1.2,Low,Sedan,Sunny,0,Airport,96.35,291.52,3.03,4.99,None,12.68,78,1838.77
11.54,,1.2,Medium,Mini,Foggy,1,Airport,96.62,192.22,3.38,3.49,None,1.76,79,981.2
33.09,96.25,1.2,Low,Mini,Rainy,0,Airport,100.49,154.44,4.43,4.7,Pop,64.33,48,1554.11
21.21,78.38,2.5,Low,Sedan,Sunny,0,Airport,101.16,129.21,,3.07,Pop,21.44,86,2667.29
19.01,70.46,1.0,Medium,Mini,Rainy,0,SemiUrban,90.45,87.3,4.93,4.41,Rock,81.92,53,906.15
13.26,46.38,1.0,Medium,Mini,Foggy,0,SemiUrban,115.67,96.78,3.42,3.06,None,4.98,69,690.4
23.66,66.76,1.0,High,Sedan,Rainy,1,Airport,97.21,244.82,4.77,4.25,None,17.18,96,1296.1
29.47,104.08,1.2,Medium,Sedan,Sunny,0,Urban,114.74,111.07,5.0,3.53,None,78.0,94,1430.39
17.03,55.83,1.0,High,Mini,Rainy,1,Airport,104.49,104.96,3.0,3.14,Pop,1.44,7,1112.84
25.54,,1.0,Low,Mini,Rainy,1,Urban,107.76,129.78,3.58,3.55,None,24.14,72,1021.31
28.27,112.12,1.2,High,Mini,Sunny,1,Airport,106.09,239.08,4.96,3.25,None,72.51,41,1702.67
28.73,103.17,2.5,High,Mini,Foggy,0,SemiUrban,118.34,155.08,4.8,3.44,Pop,69.57,96,3104.02
3.03,14.72,2.5,Medium,Mini,Rainy,0,SemiUrban,,57.11,3.19,4.37,Pop,20.4,2,1061.56
34.53,117.91,1.5,Low,Mini,,0,Urban,101.66,178.26,3.51,4.67,Rock,79.18,70,1813.95
18.87,59.71,1.0,Medium,SUV,Sunny,0,Airport,108.45,119.52,4.25,3.88,Pop,41.96,42,1173.43
11.23,50.4,2.0,Low,Mini,Sunny,0,Airport,101.46,164.54,3.5,3.83,Classical,70.0,99,1508.74
10.43,30.05,2.0,Medium,Mini,Rainy,1,SemiUrban,108.22,270.83,3.78,3.92,Classical,46.44,51,1419.31
19.84,71.1,2.0,Low,Sedan,Sunny,1,Urban,107.17,99.21,3.51,3.94,Classical,0.96,4,1898.56
35.59,94.87,1.2,Medium,Mini,Sunny,1,Airport,113.25,134.64,3.6,3.47,None,0.5,84,1653.64
15.76,42.54,1.0,Low,Mini,,0,Urban,119.7,286.31,3.68,,Pop,98.91,91,790.63
30.24,86.37,1.0,Low,SUV,Sunny,0,SemiUrban,119.32,243.32,4.05,4.34,None,20.3,67,1299.29
,13.55,2.0,Low,Sedan,Foggy,0,Airport,93.71,118.57,4.56,4.55,Pop,85.75,64,1239.85
19.57,72.31,1.0,Low,Mini,Sunny,1,Airport,103.56,76.59,4.1,3.88,Pop,22.82,20,980.79
39.68,105.54,1.0,Medium,Sedan,Rainy,0,Urban,102.67,283.48,3.49,4.52,None,45.2,93,1603.72
31.05,96.43,1.2,Low,Mini,Rainy,0,SemiUrban,95.72,86.35,4.31,4.37,Rock,98.42,27,1303.17
9.21,36.29,1.0,Medium,Mini,Foggy,1,SemiUrban,112.31,141.18,4.66,4.65,Pop,13.41,47,653.78
20.56,72.31,2.0,Medium,Mini,Foggy,1,Urban,119.06,132.95,4.3,3.09,Classical,55.37,65,2032.23
10.11,50.86,1.0,Low,SUV,Sunny,0,SemiUrban,94.58,79.0,4.6,3.09,Classical,36.15,31,749.62
16.97,43.29,1.0,Low,Sedan,Foggy,1,SemiUrban,98.17,75.2,3.9,4.14,Pop,57.02,46,810.35
31.42,93.41,2.5,Medium,SUV,Sunny,0,Urban,115.65,120.6,4.85,3.76,Classical,52.45,3,3326.92
31.08,93.4,1.0,High,Mini,Rainy,0,Urban,,142.06,4.23,4.61,Pop,13.03,17,1283.31
9.9,25.7,2.0,Medium,Sedan,Rainy,0,Airport,103.24,292.23,4.42,3.33,Classical,56.76,85,1878.88
36.97,88.94,1.2,Medium,Mini,Foggy,1,SemiUrban,112.21,184.09,3.22,3.5,Rock,36.22,86,1515.31
24.11,69.62,1.2,Medium,SUV,Sunny,0,SemiUrban,93.78,277.27,4.26,3.84,Classical,25.76,42,1392.93
15.82,51.94,1.0,High,Mini,Sunny,1,Airport,105.81,82.12,3.06,4.79,Pop,13.98,22,947.75
20.58,51.92,1.2,High,Mini,Rainy,1,Urban,93.29,109.62,3.33,3.27,None,66.69,41,1070.44
24.6,62.92,1.0,Medium,Mini,Sunny,1,SemiUrban,99.16,90.7,4.4,4.55,None,71.85,78,912.68
22.84,57.11,2.5,Low,Mini,Rainy,1,Urban,97.11,143.77,4.35,4.98,Classical,81.74,43,2371.14
19.97,71.43,1.0,Medium,SUV,Rainy,1,SemiUrban,111.91,279.38,3.99,4.5,Rock,81.8,59,1233.36
20.69,61.08,1.0,Low,Mini,Rainy,0,Urban,94.52,123.5,4.32,4.1,Classical,99.52,95,932.3
7.88,33.19,2.0,Medium,Sedan,Sunny,0,Airport,109.86,198.89,4.64,,None,24.1,12,1629.56
32.7,79.7,1.2,Medium,SUV,Sunny,0,SemiUrban,107.27,278.89,4.67,3.33,None,56.58,69,1678.36
22.13,56.29,1.2,Medium,Sedan,Sunny,0,Airport,110.27,175.66,,3.88,None,57.09,23,1310.98
6.11,23.09,1.2,Medium,SUV,Rainy,1,Urban,116.3,181.92,4.78,4.06,Pop,53.61,88,971.11
30.88,103.67,1.0,Low,Mini,Sunny,1,SemiUrban,106.02,188.13,4.13,4.0,None,35.35,9,1181.95
37.37,88.7,1.0,High,Mini,Rainy,0,Airport,111.62,120.08,3.71,3.22,Rock,17.82,7,1549.14
37.94,149.47,2.0,Low,Mini,Sunny,0,Urban,,154.6,3.0,3.3,None,57.56,52,2870.72
15.39,53.46,1.0,Low,Mini,Sunny,0,Airport,110.87,261.86,4.86,3.5,None,14.91,7,869.7
6.29,35.58,1.0,Medium,SUV,Rainy,1,Urban,99.57,149.94,3.39,,None,1.2,18,899.77
21.22,76.46,1.2,High,Sedan,Sunny,0,Airport,118.84,154.72,4.67,3.32,None,66.12,64,1379.32
5.39,24.55,1.0,Medium,Sedan,Sunny,0,Urban,91.82,79.0,3.5,3.56,Classical,43.91,85,561.55
37.43,81.23,1.5,Medium,Sedan,Sunny,0,Urban,101.17,165.88,3.64,3.68,Classical,96.1,1,1941.56
8.16,28.82,1.2,Medium,SUV,Sunny,0,SemiUrban,114.64,70.79,3.41,4.34,Pop,34.21,46,832.09
10.86,47.81,2.0,Low,Mini,Sunny,1,Airport,,116.81,4.55,3.67,Classical,99.15,2,1427.06
16.86,42.52,1.0,Medium,Mini,Sunny,0,SemiUrban,106.38,294.87,3.87,4.4,Classical,0.9,88,762.08
15.94,57.35,1.0,Low,Premium,Sunny,0,Airport,94.03,276.23,4.92,3.3,Pop,5.87,14,1269.95
31.99,119.5,1.5,High,Mini,Rainy,0,SemiUrban,115.71,205.33,4.62,3.57,Classical,66.33,64,2167.52
18.8,63.91,1.0,Low,SUV,Sunny,0,Airport,117.93,228.2,4.13,3.85,Rock,63.5,49,1156.6
7.66,29.51,1.0,Low,Sedan,Sunny,1,Urban,119.52,109.4,,3.53,Pop,54.24,3,589.93
11.42,45.06,1.5,Medium,SUV,Sunny,0,SemiUrban,92.31,86.0,4.68,3.37,Rock,19.29,21,1209.54
20.86,44.38,1.2,Medium,Mini,Foggy,1,Airport,95.97,187.75,4.83,4.94,Rock,9.49,34,1194.87
6.75,32.72,1.0,Medium,Premium,Sunny,0,Airport,104.85,274.51,3.16,4.31,Rock,5.99,52,1063.74
24.85,72.41,1.0,Low,Mini,Foggy,0,SemiUrban,98.18,258.09,4.6,,Pop,77.44,99,1032.45
23.06,50.11,1.5,Low,Mini,,1,Urban,109.28,197.29,3.37,,Classical,87.99,55,1333.86
28.87,106.81,1.0,High,Mini,Rainy,0,Airport,115.36,296.17,,4.32,Classical,82.08,20,1540.7
37.57,129.76,2.0,Medium,Mini,Sunny,0,Airport,93.81,112.0,3.38,3.71,Pop,14.99,38,2857.64
36.58,111.62,1.0,Medium,Premium,Foggy,0,Urban,90.1,241.71,3.34,,Pop,77.98,73,1770.76
37.9,79.23,1.5,Medium,Sedan,Rainy,0,Urban,119.81,120.92,3.99,4.6,Rock,98.06,48,2036.33
10.54,41.76,1.0,Medium,Sedan,Sunny,0,SemiUrban,103.51,293.61,4.71,3.23,Classical,61.44,15,767.14
6.13,41.23,1.0,Medium,Mini,Sunny,0,Urban,92.05,116.15,3.18,4.28,Classical,38.36,56,525.12
12.79,35.76,1.0,Medium,Sedan,Sunny,0,SemiUrban,107.65,141.39,3.12,3.98,Rock,9.39,95,684.52
35.91,149.45,1.0,Low,Mini,Sunny,1,Urban,112.6,169.1,4.53,3.45,None,30.25,9,1327.09
38.91,100.08,1.0,Medium,Mini,Rainy,1,Airport,114.04,130.42,4.68,3.64,None,58.6,13,1434.5
34.51,112.48,1.0,Low,Sedan,Sunny,0,Urban,107.08,118.89,3.91,3.06,None,41.83,32,1284.89
5.29,33.93,2.0,Medium,SUV,Rainy,1,Urban,110.39,167.62,4.29,4.96,Classical,51.31,20,1646.44
,138.38,1.0,Medium,Sedan,Sunny,0,Urban,104.29,254.11,3.26,3.26,None,68.37,21,1547.74
,45.96,2.5,Low,Sedan,Sunny,0,Urban,108.59,243.43,4.19,4.49,Pop,43.19,83,2291.25
1.36,7.44,1.0,Medium,Sedan,Sunny,0,Urban,118.55,161.08,3.02,3.88,Rock,19.39,27,425.17
,71.64,1.2,Low,Mini,Sunny,1,SemiUrban,119.63,128.24,3.6,3.94,Rock,7.74,60,1055.46
2.8,21.42,2.0,High,SUV,Sunny,1,SemiUrban,108.83,82.85,3.04,4.18,None,41.87,75,1298.57
22.21,63.08,2.0,Low,SUV,Rainy,0,SemiUrban,107.52,267.42,3.54,4.82,Pop,88.03,15,2291.64
14.2,55.27,1.0,High,Sedan,Rainy,0,Airport,100.37,271.47,3.05,4.12,Pop,67.93,8,1084.56
19.46,,1.2,Medium,Mini,Sunny,1,SemiUrban,99.73,66.68,4.88,4.61,None,23.49,60,965.79
24.91,68.75,1.0,Low,Sedan,Sunny,1,Airport,117.73,237.16,4.77,4.68,None,50.02,73,1257.7
34.88,101.41,1.0,Low,Mini,Sunny,0,Airport,109.95,270.97,3.41,4.3,None,21.74,37,1475.06
80.43,199.11,1.5,Low,SUV,Foggy,1,Airport,103.76,234.1,4.83,4.28,Pop,13.79,20,9720.8
17.93,68.14,1.0,Low,Mini,Rainy,0,SemiUrban,109.98,134.91,4.79,4.73,Pop,77.95,52,909.96
32.96,82.0,1.0,Low,Mini,Rainy,0,Urban,93.63,157.24,3.44,3.1,Rock,42.69,10,1242.33
36.32,129.78,1.0,Low,SUV,Sunny,1,SemiUrban,118.3,125.15,4.35,4.27,Pop,5.59,19,1438.6
5.67,13.1,1.0,Low,Sedan,Sunny,0,SemiUrban,105.67,185.68,3.37,4.04,Classical,81.79,10,578.73
21.75,47.13,1.0,Medium,SUV,Sunny,0,SemiUrban,100.02,272.47,4.36,3.53,Pop,93.62,22,987.32
12.1,41.6,2.0,Low,Sedan,Rainy,0,SemiUrban,90.4,217.85,3.13,4.56,Pop,34.3,48,1490.42
2.84,13.89,1.0,Medium,Mini,Foggy,0,SemiUrban,110.31,164.58,,,None,49.56,25,472.38
27.07,69.04,1.2,Low,Mini,,0,SemiUrban,119.09,265.08,4.65,4.56,Pop,75.87,24,1269.1
34.65,118.53,1.5,High,SUV,Sunny,0,Urban,106.76,50.22,3.34,4.82,Rock,3.68,26,2153.76
7.35,,1.2,Medium,SUV,Sunny,1,SemiUrban,99.98,118.63,3.88,4.14,Rock,91.68,15,788.01
32.68,116.28,1.5,Medium,Mini,Rainy,1,Urban,102.55,158.98,3.51,4.61,None,99.81,95,1817.53
34.28,96.94,1.2,Low,Mini,Sunny,0,Airport,107.06,198.13,3.25,3.52,None,50.52,35,1554.8
36.66,123.92,1.2,Medium,SUV,Sunny,1,Airport,110.66,298.9,3.03,3.31,None,53.38,64,2024.6
11.35,33.68,1.0,Low,Premium,Rainy,0,Urban,95.5,209.88,3.61,4.13,Pop,51.89,7,1026.74
,91.2,2.0,High,SUV,Sunny,0,Urban,118.05,145.39,4.88,3.85,Rock,82.42,91,2935.67
13.51,37.46,2.5,High,Sedan,Rainy,0,Airport,102.43,231.22,4.78,3.85,Classical,52.48,54,2574.07
22.54,88.66,1.2,Medium,SUV,Sunny,0,SemiUrban,108.73,296.04,3.87,,Classical,65.44,60,1385.8
2.97,2.22,1.0,Medium,Mini,Sunny,1,SemiUrban,117.34,202.81,3.58,4.87,Classical,65.04,5,377.09
2.71,16.51,1.0,Medium,Mini,Sunny,0,Urban,107.35,137.92,3.62,3.22,Classical,53.08,77,461.8
29.09,126.64,1.2,Low,Mini,Rainy,0,Airport,110.51,220.54,4.41,3.58,Rock,92.58,4,1609.33
18.33,66.42,1.5,Medium,Premium,Sunny,0,SemiUrban,109.0,166.03,3.53,3.94,Classical,85.28,93,1824.62
11.0,36.04,1.2,Low,SUV,Sunny,0,Urban,97.44,183.94,4.65,4.49,Rock,7.12,11,951.86
8.43,31.48,1.2,Medium,Mini,Sunny,1,Airport,,288.84,,4.26,None,40.85,29,1027.2
27.13,90.24,1.2,Low,Sedan,Sunny,0,Airport,104.17,159.15,3.13,3.14,Rock,58.55,8,1405.48
1.02,21.59,1.0,Low,Mini,Sunny,0,Urban,92.95,128.43,3.24,3.09,None,78.5,49,261.32
32.43,139.38,1.5,Medium,SUV,Rainy,0,Urban,119.94,208.68,4.54,4.14,Pop,35.93,43,2344.27
4.09,13.32,1.0,Low,Mini,Foggy,0,Airport,109.5,192.09,4.54,3.02,Pop,61.51,98,690.04
8.47,19.71,1.2,Medium,SUV,Foggy,0,SemiUrban,108.25,149.33,3.79,4.13,Classical,43.7,18,927.0
16.06,,1.0,Medium,Mini,Sunny,0,Airport,117.5,125.69,4.99,3.36,Pop,12.39,57,840.19
19.91,55.17,1.0,High,Sedan,Sunny,1,SemiUrban,106.26,181.3,3.44,3.38,Classical,99.5,90,1028.06
14.84,50.34,1.0,Low,Mini,Sunny,1,Airport,100.81,90.86,3.39,3.36,Classical,67.89,49,738.4
,53.64,2.0,Medium,Mini,Rainy,0,SemiUrban,95.24,116.96,4.05,4.55,Pop,29.46,18,1520.53
38.59,,1.2,High,Sedan,Sunny,0,Airport,114.32,262.66,4.11,3.95,None,65.62,24,2056.93
26.02,92.35,1.0,Low,Sedan,Sunny,0,Urban,99.93,277.28,3.84,3.43,Pop,27.37,35,1103.6
1.91,15.15,1.5,Medium,Mini,,1,Airport,105.49,148.33,4.15,3.13,Classical,71.96,62,899.05
17.78,45.31,1.2,Low,Sedan,Sunny,0,Urban,105.27,258.54,4.79,3.89,Rock,23.59,97,1087.27
35.13,,1.2,Low,Sedan,Sunny,0,SemiUrban,112.21,75.8,3.93,4.06,Pop,96.94,82,1442.98
12.76,44.61,1.2,Low,Mini,Sunny,0,SemiUrban,110.53,104.07,4.99,4.19,Rock,54.52,95,699.45
4.69,12.9,1.0,Medium,Sedan,Sunny,0,Airport,102.71,199.15,4.9,3.17,None,80.49,45,664.29
30.58,81.75,1.0,Low,Sedan,Sunny,0,Urban,102.78,219.48,4.41,3.75,Rock,70.63,29,1186.04
24.63,,1.0,Low,Mini,Sunny,0,Urban,98.11,112.94,4.41,3.69,Pop,86.83,65,867.32
23.24,73.51,1.2,Medium,Sedan,Sunny,1,SemiUrban,100.23,284.93,4.45,,Classical,83.57,17,1376.91
3.09,12.76,1.0,Low,SUV,Rainy,1,Airport,111.34,205.86,4.72,4.78,Rock,6.01,64,797.3
6.48,18.55,1.2,Medium,SUV,Rainy,0,Urban,106.87,280.37,4.66,3.73,Classical,29.56,55,944.92
25.28,94.86,1.0,Low,Mini,Rainy,0,Urban,91.53,76.46,4.44,4.27,Pop,55.77,99,1093.13
9.11,37.77,1.0,Low,Sedan,Sunny,0,Airport,105.25,195.84,4.63,4.76,None,83.28,88,755.39
20.66,57.52,2.5,Medium,SUV,Sunny,0,Urban,118.65,135.45,3.86,3.01,Pop,87.61,67,2644.51
22.25,73.97,2.0,Medium,Mini,Sunny,1,SemiUrban,93.28,266.65,4.0,4.48,None,39.97,37,1864.43
12.06,28.71,1.0,High,Sedan,Rainy,1,SemiUrban,93.15,53.34,4.79,4.3,Pop,75.05,56,699.19
37.99,135.28,1.5,Medium,Mini,Sunny,0,Airport,110.03,241.78,3.18,4.82,Rock,64.23,22,2242.38
33.86,104.29,1.2,High,Mini,Sunny,0,Urban,118.73,91.02,4.55,3.91,Rock,91.68,85,1530.18
29.17,75.26,1.5,Low,Sedan,Sunny,0,SemiUrban,90.8,272.51,4.34,,Classical,86.67,57,1805.25
4.04,11.18,1.0,Medium,Mini,Sunny,1,Urban,100.34,165.59,3.3,3.93,None,24.66,80,421.59
5.14,30.89,1.0,Medium,Mini,Sunny,0,SemiUrban,92.01,93.04,3.83,3.13,Pop,34.31,81,431.48
20.22,83.13,2.0,Medium,Mini,Foggy,0,SemiUrban,,254.47,4.46,,Pop,27.45,62,2000.16
7.27,29.4,2.0,High,Mini,Rainy,0,SemiUrban,106.64,175.79,4.45,3.05,Pop,51.79,2,1334.35
39.15,128.74,1.2,Medium,Sedan,Sunny,1,Urban,103.26,65.38,4.38,,Classical,6.74,33,1584.27
7.18,31.51,2.0,Low,SUV,Sunny,0,SemiUrban,100.9,58.18,,3.0,Classical,36.11,45,1229.09
20.01,74.3,1.2,High,Mini,Sunny,0,Airport,96.32,113.4,4.56,4.41,Pop,92.45,31,1343.12
15.2,57.9,1.0,Low,Sedan,Sunny,0,Airport,108.58,228.41,3.26,3.21,None,76.59,59,971.26
25.94,96.76,1.0,Low,Mini,Sunny,0,Urban,107.27,158.56,4.96,4.01,Rock,33.12,12,982.8
6.03,12.92,1.0,Medium,Mini,Rainy,0,SemiUrban,109.89,181.57,3.31,3.24,Rock,44.13,17,541.04
17.78,62.05,1.5,Low,SUV,Rainy,0,Airport,113.8,84.03,4.19,4.15,Pop,71.09,98,1705.17
11.71,10.2,2.5,Low,Sedan,Sunny,0,Airport,111.88,230.07,4.55,4.12,None,93.25,66,2017.92
35.62,85.95,1.2,High,Mini,Sunny,1,SemiUrban,118.72,140.31,3.01,3.14,Rock,77.18,88,1476.66
,3.16,1.2,Low,Sedan,Foggy,0,Urban,95.08,133.71,4.44,,Pop,97.99,33,515.4
36.64,81.88,1.5,Medium,Mini,Rainy,0,Urban,118.54,195.47,3.45,4.43,Pop,99.24,15,2031.62
33.49,73.77,1.0,Low,SUV,Foggy,0,Urban,95.16,241.37,3.36,4.33,Pop,19.2,73,1261.48
12.61,50.31,1.0,Low,Mini,Sunny,0,Urban,115.29,56.04,3.15,,Pop,2.58,12,636.54
31.78,73.26,1.0,Low,SUV,Sunny,0,SemiUrban,113.65,62.25,3.38,3.36,None,83.78,44,1197.38
2.22,22.72,1.2,Medium,Mini,,1,Urban,109.98,74.01,4.22,4.35,Pop,89.26,52,533.42
38.71,115.31,2.0,Low,Sedan,Foggy,0,SemiUrban,111.19,261.52,5.0,4.07,Classical,45.35,5,2882.03
21.54,81.54,1.0,Medium,SUV,,0,SemiUrban,110.75,263.84,4.14,3.5,Classical,6.46,66,1197.01
12.83,51.65,1.2,Medium,Mini,Foggy,0,SemiUrban,105.9,209.6,4.21,4.96,None,17.01,45,830.82
15.14,46.99,1.5,Medium,Mini,Sunny,0,Urban,90.98,61.47,3.78,3.76,Rock,11.6,53,989.58
3.59,21.92,1.0,Low,Sedan,Sunny,0,Urban,107.39,237.73,3.08,4.37,Pop,17.76,28,647.35
39.58,139.69,1.2,Low,Mini,Sunny,1,SemiUrban,101.67,266.93,4.46,4.77,Pop,8.16,21,1768.96
2.53,18.32,1.0,Medium,Sedan,Sunny,0,SemiUrban,98.17,278.84,3.16,4.91,Rock,11.69,14,628.49
26.54,82.44,1.2,High,Sedan,Sunny,1,SemiUrban,104.7,250.62,,4.79,Rock,70.66,1,1525.52
18.27,69.28,1.5,Medium,Mini,Rainy,0,SemiUrban,115.44,162.13,4.67,4.18,Rock,3.35,22,1230.56
38.01,119.09,1.0,Medium,Sedan,Sunny,0,SemiUrban,107.35,164.69,,3.42,Classical,86.4,4,1306.91
10.59,,1.5,High,Mini,Rainy,1,Airport,118.94,174.27,4.55,4.85,Rock,83.35,8,1463.79
21.75,48.37,1.0,Low,SUV,Rainy,0,SemiUrban,102.62,168.46,,4.95,Classical,61.88,66,1032.47
19.81,46.63,1.0,Low,Mini,Foggy,0,SemiUrban,95.05,178.56,4.12,3.01,Classical,91.72,16,803.68
28.41,61.92,1.2,Medium,SUV,Sunny,1,Airport,99.44,70.38,3.85,4.82,Classical,8.93,16,1446.5
3.65,16.24,2.0,Low,Mini,Sunny,0,Airport,94.34,253.66,4.1,4.77,Classical,25.58,44,1153.25
8.56,34.03,1.0,High,Sedan,Sunny,0,SemiUrban,110.55,50.72,4.61,3.9,Classical,48.03,36,574.34
9.37,36.74,1.0,Medium,Mini,,1,SemiUrban,94.79,57.77,4.23,4.59,Classical,13.67,95,508.77
29.79,76.83,1.2,Low,Mini,,0,Urban,105.55,56.63,4.13,4.9,Pop,62.66,49,1189.36
8.38,41.65,1.0,Low,Mini,,0,Airport,117.7,275.04,3.81,3.62,None,83.33,59,742.15
23.37,55.01,1.0,Medium,Sedan,Rainy,0,SemiUrban,103.02,298.86,3.05,3.94,Classical,84.92,12,1119.13
9.39,47.44,1.0,Medium,Sedan,Rainy,0,Airport,102.08,124.31,3.29,3.28,None,30.11,64,837.33
34.6,128.83,1.5,High,Mini,Foggy,0,SemiUrban,96.09,81.38,4.02,3.58,Rock,15.0,94,1985.83
37.75,86.03,2.5,Medium,Premium,Sunny,0,Urban,112.61,54.73,4.29,4.77,Classical,77.82,44,3912.27
,78.55,1.0,Medium,Mini,Foggy,1,Airport,99.13,275.46,3.36,3.36,Rock,35.45,92,1217.86
14.74,43.68,1.2,Low,SUV,Sunny,0,Urban,119.71,139.42,4.36,4.88,Pop,65.38,26,1126.72
10.13,35.81,1.0,Low,Sedan,Rainy,1,SemiUrban,95.0,173.07,4.05,4.12,None,7.91,80,643.02
2.94,6.98,1.2,Medium,Mini,Sunny,0,Airport,90.07,143.81,4.34,,Rock,48.92,59,643.69
11.47,42.8,1.0,High,Mini,Foggy,0,Urban,106.18,276.77,4.05,3.79,Pop,29.88,7,853.61
26.52,74.54,1.0,Medium,Sedan,Sunny,0,SemiUrban,92.06,258.13,3.86,3.47,Classical,67.8,60,1106.37
21.81,65.07,1.5,Medium,Mini,Rainy,0,Urban,101.09,274.06,3.63,3.96,Classical,61.13,77,1683.47
37.82,137.4,1.0,Medium,SUV,Sunny,1,Urban,,157.44,3.33,3.61,Pop,45.35,72,1561.97
16.45,55.83,1.0,Medium,Premium,Sunny,0,SemiUrban,97.45,104.2,3.17,4.04,None,93.27,91,1097.36
28.06,106.0,2.5,Low,Mini,Sunny,0,SemiUrban,119.34,200.51,4.71,3.2,Rock,54.53,31,2841.4
20.08,54.26,2.5,Medium,Mini,,0,Airport,,102.79,4.09,4.84,Rock,1.4,72,2429.81
20.99,64.54,1.0,Medium,Mini,Sunny,0,Urban,94.34,131.3,4.98,3.55,None,52.45,79,791.99
11.44,42.77,1.2,Low,Sedan,Sunny,0,Airport,91.12,286.28,4.69,4.27,Pop,6.13,93,1006.73
18.74,51.51,1.2,Medium,Mini,Sunny,1,SemiUrban,99.28,267.77,3.23,4.3,None,96.1,94,987.16
19.36,72.98,1.2,Low,Premium,Rainy,1,SemiUrban,114.63,159.29,4.74,3.5,None,74.18,75,1487.04
28.56,87.06,2.0,Medium,SUV,Sunny,1,Urban,97.38,130.19,4.55,4.99,None,0.76,37,2492.93
37.68,83.27,1.5,Medium,Premium,Sunny,0,SemiUrban,107.96,194.71,4.98,3.97,Pop,48.78,62,2514.99
13.84,53.35,1.5,Low,Mini,Foggy,0,Urban,,240.74,4.78,4.51,Classical,94.33,46,1256.68
2.65,-3.96,1.0,Medium,Mini,Foggy,0,Airport,100.31,98.56,3.71,3.06,None,79.83,66,513.75
,78.58,1.0,Medium,Sedan,Sunny,0,Urban,108.48,276.72,4.28,3.46,Pop,27.31,92,1081.58
22.23,39.93,1.2,High,Sedan,Sunny,1,SemiUrban,107.99,96.88,4.27,3.21,Classical,67.67,69,1024.32
7.57,29.55,1.0,High,Sedan,,1,Airport,107.83,202.53,4.88,3.7,None,76.77,98,836.7
30.66,80.09,1.0,Medium,SUV,Rainy,0,Airport,118.6,187.46,3.35,4.49,Rock,64.88,89,1466.26
39.41,102.64,1.0,Low,Sedan,Sunny,1,Urban,113.58,132.24,3.88,3.28,None,89.62,3,1342.1
37.89,102.2,1.0,Medium,Mini,Sunny,1,Airport,90.26,190.35,4.16,3.83,Rock,23.41,47,1483.12
8.69,53.96,1.0,Medium,Mini,Sunny,1,Urban,90.84,270.02,3.01,3.39,Classical,74.65,30,754.35
35.14,,1.0,Medium,Sedan,Rainy,0,Airport,91.2,132.61,3.29,3.45,Rock,60.37,49,1507.14
28.48,78.31,1.0,Low,Sedan,Foggy,0,SemiUrban,100.94,271.31,4.29,3.1,None,96.6,64,1194.74
18.7,58.48,1.2,Medium,Sedan,,0,SemiUrban,103.19,65.67,3.94,4.02,Classical,68.39,45,1085.54
22.08,87.85,1.2,Low,Mini,Rainy,0,SemiUrban,114.22,183.44,3.52,3.33,None,43.33,48,1257.22
34.13,86.87,1.0,Low,SUV,Rainy,0,Airport,109.09,123.23,3.38,3.62,Classical,11.61,90,1524.92
19.73,80.29,2.0,High,SUV,Sunny,0,SemiUrban,120.0,282.59,4.51,3.72,Pop,63.67,32,2471.68
15.56,48.4,1.2,Medium,Mini,Rainy,1,SemiUrban,113.82,61.79,3.99,3.46,None,95.82,88,857.78
20.24,74.97,1.5,Medium,Mini,Sunny,0,SemiUrban,116.2,54.68,,3.96,Pop,33.21,17,1222.82
70.77,191.49,2.0,Medium,Sedan,Sunny,0,Airport,95.46,252.39,3.68,3.18,Pop,65.73,35,6468.24
8.37,,1.0,Low,Sedan,Rainy,1,Airport,109.24,234.91,4.53,4.41,Classical,78.59,16,877.11
36.14,98.81,1.0,Medium,Mini,Sunny,1,SemiUrban,94.47,88.77,3.75,3.58,None,87.53,69,1178.98
27.29,57.69,1.0,Low,Sedan,Sunny,1,SemiUrban,110.25,285.52,3.79,4.02,None,76.55,53,1045.66
25.7,83.18,1.0,Medium,Mini,Rainy,0,SemiUrban,114.29,268.46,4.03,3.23,Classical,41.47,32,1176.56
4.88,18.43,1.0,Medium,Sedan,Sunny,0,Airport,99.01,110.73,3.12,3.05,Pop,0.84,92,678.9
24.56,75.23,1.5,Low,Mini,Rainy,0,SemiUrban,95.02,221.11,4.44,3.7,Pop,58.92,67,1494.14
5.72,19.96,1.0,Low,Mini,Sunny,0,Urban,97.12,157.13,3.18,4.35,Classical,55.25,26,495.57
4.07,28.05,2.5,Medium,Sedan,Sunny,0,SemiUrban,114.33,190.19,4.77,3.9,Pop,42.29,59,1491.37
21.57,53.92,1.5,Medium,Mini,Sunny,1,Urban,106.41,247.76,4.08,4.42,Classical,63.35,21,1480.91
16.71,65.48,1.2,Medium,Mini,Sunny,0,Airport,106.09,207.7,4.88,4.31,None,4.19,11,1221.04
,87.09,1.0,Low,Sedan,Sunny,0,Airport,107.3,73.53,3.8,4.42,Rock,90.91,66,985.76
4.48,9.8,1.2,Medium,Premium,Sunny,0,Urban,104.77,201.54,4.97,4.71,Classical,30.47,66,1103.05
17.81,58.77,1.0,Low,Sedan,Sunny,0,Airport,115.9,96.36,4.22,3.54,Rock,12.19,4,1028.5
7.82,,1.0,Medium,Mini,Sunny,0,Urban,105.22,161.44,3.25,3.01,Rock,19.65,27,573.58
39.5,97.53,1.5,Low,Mini,Sunny,0,Urban,107.88,148.2,4.13,3.1,Classical,59.76,88,1872.07
22.88,64.38,1.0,Low,Sedan,Sunny,0,SemiUrban,119.39,70.92,3.1,3.44,Rock,77.83,61,837.43
27.81,83.66,1.2,Medium,Mini,Rainy,0,SemiUrban,103.66,74.78,,3.22,Pop,15.63,67,1196.97
13.69,58.8,1.5,Low,Mini,Sunny,0,Airport,,246.93,4.35,3.57,Pop,68.15,80,1278.11
4.69,25.56,1.0,High,Mini,Rainy,0,SemiUrban,106.89,194.01,3.27,4.21,Pop,15.12,93,717.45
39.06,118.13,1.2,Medium,Sedan,Sunny,0,Airport,111.14,293.43,,4.53,Rock,71.74,36,2007.7
,50.31,1.2,High,Sedan,Foggy,0,Airport,93.76,287.85,4.52,3.31,Classical,68.97,25,1354.32
17.53,43.1,1.0,Low,Sedan,Sunny,0,Airport,94.86,97.66,3.54,4.15,Classical,86.03,50,822.44
26.34,,1.5,Low,Premium,Rainy,0,Airport,90.73,263.88,4.71,4.79,Classical,66.74,41,2415.2
1.96,21.47,2.0,Medium,Mini,Sunny,1,Urban,112.33,131.52,4.23,4.49,Pop,6.7,61,902.28
32.6,136.15,1.2,Low,Premium,Foggy,0,Urban,96.06,93.03,4.09,3.31,Classical,84.34,33,1885.33
21.93,89.58,1.2,Medium,Sedan,Rainy,0,SemiUrban,117.03,162.94,3.79,4.29,Pop,65.34,69,1280.09
11.85,42.53,1.2,Medium,Mini,Sunny,0,Airport,105.46,121.3,4.92,3.96,Pop,21.06,77,923.84
3.4,8.52,1.5,Medium,SUV,Sunny,0,Urban,118.66,177.13,4.25,3.5,None,93.97,50,1000.01
7.34,30.32,1.2,Low,Sedan,Sunny,0,Urban,101.49,211.96,3.16,4.06,None,87.9,4,806.78
35.91,123.6,1.0,Medium,Mini,Sunny,0,Urban,118.67,125.81,3.82,3.32,Pop,42.4,36,1311.53
27.75,79.55,1.0,Medium,Mini,Sunny,0,Airport,119.33,186.04,3.25,3.63,Pop,59.15,81,1214.76
10.75,54.04,2.0,Medium,Mini,Sunny,1,Urban,93.9,206.43,4.47,3.72,Classical,66.98,39,1483.37
3.56,21.54,1.0,Low,Premium,Sunny,1,SemiUrban,93.75,204.03,3.5,3.67,Pop,84.46,24,765.61
27.93,89.47,1.2,Medium,Mini,Sunny,1,Airport,102.71,281.12,3.03,3.18,Pop,35.5,29,1463.63
23.32,54.0,1.5,Medium,Premium,Rainy,1,SemiUrban,102.42,212.15,4.99,3.83,Rock,67.8,20,1988.73
16.78,59.72,1.0,Medium,Mini,Sunny,1,Urban,109.5,133.15,3.94,4.69,None,71.01,43,815.61
15.18,60.9,1.2,Low,Mini,Sunny,1,Airport,93.38,73.63,3.07,4.68,Classical,36.89,11,988.36
9.46,33.31,1.0,Medium,Mini,Sunny,0,Urban,112.69,171.7,3.91,3.84,Classical,42.44,35,601.26
27.11,72.84,2.5,Low,Sedan,Sunny,0,Urban,96.75,194.01,3.55,3.03,None,42.38,85,2721.31
38.86,124.45,1.0,High,Mini,Sunny,0,Urban,94.52,189.07,4.45,4.16,Pop,40.62,74,1362.11
7.85,18.98,1.0,Medium,Sedan,Sunny,1,SemiUrban,113.84,187.54,3.02,4.19,Pop,53.93,91,562.04
24.29,77.46,1.2,Medium,Mini,Sunny,0,Airport,,143.84,3.27,4.71,Rock,4.51,11,1400.47
17.54,36.48,1.5,Medium,SUV,Sunny,0,Airport,111.35,289.43,3.71,4.68,None,99.7,6,1600.06
18.42,48.04,1.0,Low,SUV,Rainy,0,Airport,93.33,203.24,3.79,4.55,None,30.67,39,1081.82
10.91,35.62,1.0,Medium,Mini,Foggy,1,Airport,112.2,105.57,3.98,4.71,Pop,54.1,34,2300.72
33.18,76.78,1.0,Low,SUV,Rainy,1,SemiUrban,113.72,51.6,3.71,3.5,Pop,28.62,11,1336.52
19.92,57.86,1.0,Low,SUV,Sunny,0,Airport,107.54,192.54,3.8,4.13,Rock,93.61,23,1088.59
22.19,98.0,1.5,Low,Sedan,Sunny,0,SemiUrban,100.55,236.59,3.97,4.87,Classical,97.48,69,1602.26
12.89,42.31,1.0,Medium,Mini,Rainy,1,Airport,97.09,77.37,4.86,4.06,Classical,97.98,97,789.47
8.09,51.59,1.5,Low,Sedan,Foggy,0,SemiUrban,114.27,166.57,,4.78,Pop,43.52,6,956.98
4.35,28.3,1.5,High,SUV,Sunny,0,Urban,93.2,293.02,3.86,4.81,None,60.53,69,1226.05
28.85,91.36,2.0,Low,Mini,Rainy,1,Urban,119.23,173.58,3.1,3.14,Rock,82.17,87,2351.8
8.65,44.22,1.2,High,Mini,Rainy,0,SemiUrban,113.37,263.39,3.3,4.83,Pop,15.21,39,1076.35
,142.64,1.0,High,Mini,Foggy,0,SemiUrban,110.71,85.16,4.51,3.2,Classical,38.2,49,3270.75
16.22,40.81,1.0,Low,Mini,Sunny,0,SemiUrban,119.66,163.0,4.92,3.8,Classical,30.68,80,730.81
17.22,64.49,2.5,High,Mini,Sunny,0,SemiUrban,110.66,138.35,3.77,4.5,Rock,48.77,57,2229.83
19.3,65.89,2.0,High,Mini,Sunny,1,Airport,93.12,57.06,4.92,3.14,Rock,79.76,16,1900.02
15.34,31.59,1.2,Low,Mini,Rainy,0,Airport,99.68,180.28,3.66,3.79,Pop,62.8,99,1065.88
4.92,15.48,2.0,High,Mini,Rainy,0,Urban,,149.68,4.9,3.47,Rock,11.63,26,1234.64
13.08,24.48,1.5,Low,Mini,,0,Urban,107.26,202.92,4.22,4.41,Classical,20.36,49,953.16
26.89,106.03,2.0,Low,Sedan,Rainy,0,Airport,90.3,186.62,3.06,4.74,None,13.26,38,2662.96
26.97,72.97,1.2,Medium,SUV,Sunny,0,SemiUrban,97.8,163.37,3.16,4.53,None,21.74,83,1374.7
12.16,54.89,2.0,Low,Mini,Sunny,0,SemiUrban,112.09,75.27,4.96,4.1,Classical,3.08,32,1229.9
18.94,59.9,2.0,Low,Mini,Sunny,0,SemiUrban,109.79,160.67,3.61,4.69,Classical,88.27,13,1597.63
8.54,32.46,1.0,High,Mini,Foggy,1,Airport,116.93,292.77,3.03,4.71,Classical,84.42,65,928.66
9.2,18.04,2.5,High,SUV,Sunny,1,Airport,118.81,118.56,3.16,3.99,Rock,55.51,60,2216.74
1.9,,1.0,Medium,Sedan,Rainy,0,Urban,116.09,146.24,4.06,4.71,Rock,76.96,60,607.13
35.97,135.13,1.0,Medium,Mini,Sunny,0,Urban,106.59,260.37,3.46,4.78,Classical,99.99,56,1414.2
9.22,28.06,1.5,High,Sedan,Rainy,0,Urban,106.29,180.01,4.51,3.02,Pop,58.19,15,1190.73
9.87,22.93,1.2,Low,Mini,Sunny,0,Airport,101.08,50.51,4.77,4.76,Classical,61.39,10,610.6
11.9,40.18,2.0,High,Mini,Rainy,1,Airport,116.96,184.87,3.73,3.11,None,86.39,82,1895.34
5.97,26.45,1.0,Low,Mini,Rainy,1,Airport,,268.0,4.39,3.6,Pop,53.02,91,716.01
25.93,100.36,1.0,High,Mini,Sunny,0,SemiUrban,113.37,222.59,4.45,4.11,Classical,5.0,64,1195.44
3.93,31.65,1.0,Medium,Sedan,Sunny,0,Urban,113.35,239.29,3.95,3.49,Pop,34.57,95,622.92
6.23,35.55,1.2,High,Sedan,Foggy,0,Urban,115.47,59.57,3.52,4.75,Classical,71.79,97,832.97
26.15,60.29,1.5,High,Sedan,Sunny,1,Urban,117.57,94.79,4.52,4.58,Rock,70.44,2,1680.31
,45.47,1.0,High,Sedan,Sunny,1,SemiUrban,,196.29,3.1,3.97,Rock,99.41,70,931.05
28.61,70.48,1.2,Medium,Sedan,Sunny,0,Airport,114.45,88.27,3.17,4.67,None,74.14,91,1471.99
22.74,58.76,1.0,High,Sedan,Rainy,1,Urban,109.81,238.47,3.23,4.64,Classical,7.18,45,1146.54
10.98,25.75,1.5,Medium,Sedan,Sunny,0,Urban,103.74,106.73,3.64,3.66,Classical,95.48,60,971.19
26.38,83.2,1.0,Low,Mini,Sunny,0,SemiUrban,106.53,129.5,3.6,3.13,Classical,3.11,15,948.5
5.53,21.6,1.5,Medium,Sedan,Sunny,0,Urban,106.06,60.41,3.64,4.18,None,64.42,72,784.41
21.92,,1.0,Low,Premium,Foggy,0,SemiUrban,114.73,156.56,3.19,4.57,Classical,25.62,58,1355.55
18.05,41.96,1.0,High,Sedan,Sunny,1,Urban,97.98,113.93,3.84,4.85,Classical,24.59,59,872.59
11.45,33.94,2.0,Low,Sedan,Sunny,0,SemiUrban,100.89,58.29,3.97,3.07,None,56.83,36,1153.77
24.56,61.51,1.2,High,Mini,Sunny,0,Airport,106.72,83.47,4.76,3.81,Pop,2.89,34,1361.64
34.98,83.25,1.2,Medium,SUV,Sunny,0,SemiUrban,119.55,148.1,4.86,4.37,Rock,28.06,70,1688.27
39.96,133.4,1.5,Low,SUV,Sunny,0,Airport,104.68,135.57,3.67,3.92,Classical,23.39,25,2435.55
24.7,92.73,1.2,High,SUV,Rainy,1,Urban,93.79,265.22,4.92,3.45,Rock,40.52,55,1691.51
16.78,35.22,1.5,Low,Mini,Rainy,1,Airport,110.22,125.7,3.95,4.19,Classical,4.45,60,1242.84
9.78,40.4,1.5,Medium,SUV,Sunny,0,Urban,108.49,153.81,4.68,4.76,None,32.46,99,1243.4
11.03,28.76,1.2,Medium,Mini,Sunny,0,Urban,115.4,152.15,3.01,4.89,Rock,17.86,96,792.12
19.7,44.36,1.0,Low,Sedan,Sunny,1,Airport,115.65,199.73,3.17,4.99,Rock,20.66,24,995.24
15.32,51.76,1.0,Medium,Sedan,Sunny,1,Urban,97.77,275.69,3.85,3.77,Classical,82.99,90,882.44
,138.41,2.0,Medium,SUV,Rainy,0,Urban,91.36,218.66,3.79,3.41,None,99.4,4,3280.35
15.36,25.53,2.5,High,SUV,Sunny,0,Airport,113.55,259.6,3.93,4.61,Rock,43.87,21,2862.86
15.56,42.93,1.0,Low,SUV,Sunny,0,Urban,109.57,96.78,3.53,4.38,None,9.62,88,811.52
15.96,49.31,1.0,Low,SUV,Sunny,0,Airport,94.24,259.86,4.15,4.51,Pop,77.62,21,1065.54
33.63,108.11,1.0,Medium,Sedan,Sunny,0,Airport,119.57,225.04,4.48,3.73,Classical,83.44,16,1500.71
26.38,71.88,1.2,Medium,SUV,Sunny,0,Urban,117.78,123.73,3.27,3.45,None,29.33,5,1425.48
24.95,95.44,1.0,Medium,Mini,Sunny,1,SemiUrban,111.69,273.85,4.09,4.56,Classical,45.2,19,1024.42
14.03,54.68,1.5,Low,Sedan,Rainy,0,Airport,91.61,216.26,3.47,3.89,None,35.44,43,1377.92
,116.36,2.0,Medium,Mini,Sunny,0,Urban,96.4,166.94,4.77,4.38,None,97.27,44,2498.75
2.5,14.32,2.5,High,SUV,Rainy,0,Urban,99.74,226.11,4.82,4.74,None,84.56,30,2054.24
34.96,97.96,1.0,Low,Premium,Sunny,0,SemiUrban,91.68,51.68,4.42,3.69,Classical,27.27,48,1463.32
21.0,62.34,2.5,Low,Mini,Rainy,0,Airport,114.82,130.85,3.33,4.54,Rock,66.87,35,2480.95
16.53,48.5,1.5,Medium,Sedan,Sunny,0,SemiUrban,92.3,244.18,4.9,3.91,Classical,62.23,57,1243.17
20.39,44.15,1.0,Low,Mini,Sunny,0,Airport,96.16,264.75,4.48,4.24,Classical,48.23,74,1016.19
27.03,81.6,1.0,Medium,Mini,Sunny,0,Urban,99.57,250.05,3.21,4.66,None,71.59,3,1075.14
,,1.5,Low,Sedan,Sunny,0,Airport,99.96,232.8,4.16,,None,82.83,81,951.73
34.99,116.22,2.5,Low,Mini,Sunny,0,Urban,97.95,174.4,4.24,4.68,Pop,94.61,73,3061.31
18.42,50.7,1.0,Medium,Mini,Sunny,1,Urban,119.36,97.4,4.18,3.41,Classical,46.91,53,830.52
14.38,61.5,1.0,Low,Sedan,Sunny,0,SemiUrban,118.82,77.7,4.07,3.85,Pop,65.19,44,801.05
6.39,29.0,1.2,High,Mini,Rainy,1,Urban,108.61,281.0,3.14,3.55,None,73.84,98,933.73
18.14,70.71,2.5,High,Sedan,Sunny,1,SemiUrban,93.75,102.7,3.39,3.03,None,50.92,11,2295.06
20.36,57.84,2.5,Medium,Mini,Sunny,0,Airport,111.2,111.32,4.86,3.02,None,82.55,61,2360.98
16.74,74.18,1.0,Medium,SUV,Sunny,0,Airport,119.26,230.44,4.54,3.39,None,1.82,82,1144.41
27.47,68.88,1.0,Low,Sedan,Sunny,0,Urban,119.95,238.97,4.13,4.29,None,69.72,52,1140.15
17.41,49.41,2.0,Medium,Sedan,Foggy,0,SemiUrban,108.5,152.05,4.17,4.05,Pop,17.78,54,1694.65
38.5,116.99,1.5,Medium,Mini,Sunny,1,SemiUrban,95.66,68.76,3.6,3.64,Classical,39.93,3,1904.79
24.37,110.62,2.5,Low,Mini,Sunny,0,Urban,114.95,171.11,,3.89,Pop,82.43,42,2611.61
32.49,134.58,2.0,Low,Premium,Sunny,0,SemiUrban,108.68,253.18,3.26,4.35,None,80.49,39,3164.38
5.26,29.01,1.0,Low,Sedan,Rainy,0,Airport,103.56,270.49,4.86,4.78,Pop,45.64,35,819.32
16.49,41.17,1.5,Low,Mini,Sunny,1,SemiUrban,94.5,212.55,4.31,3.52,Pop,3.12,17,1080.36
14.14,48.78,1.0,Medium,SUV,Rainy,0,Airport,97.19,221.14,3.54,4.76,Rock,37.69,98,1175.92
,69.45,1.5,High,Mini,Foggy,1,SemiUrban,107.36,55.95,4.43,3.82,Classical,34.15,9,1401.01
34.58,96.37,1.2,Medium,Sedan,Rainy,0,Airport,97.82,103.28,4.71,3.67,Pop,20.07,60,1750.04
4.06,,2.5,Medium,Mini,,0,Urban,,236.75,4.4,4.14,Classical,13.08,72,1470.05
3.83,2.21,2.5,Medium,Mini,Rainy,1,Airport,,182.63,3.56,3.71,None,31.68,16,1485.22
34.16,120.87,1.0,Low,Mini,Sunny,0,Airport,119.62,196.74,3.44,3.58,Pop,41.11,32,1415.01
9.3,29.67,1.0,Medium,Mini,Sunny,0,Airport,91.32,252.6,3.21,,Rock,72.74,86,728.9
27.08,99.18,1.2,Low,Sedan,Rainy,0,Urban,113.9,217.37,3.8,3.81,Rock,56.77,67,1475.01
22.17,,2.0,Low,SUV,Sunny,0,Urban,93.84,154.97,4.85,3.3,Classical,56.3,94,2075.89
33.48,80.19,1.5,Medium,Premium,Rainy,0,SemiUrban,118.31,293.5,3.4,3.86,Rock,84.76,18,2471.8
5.88,17.33,2.5,Low,Sedan,Sunny,0,Urban,113.1,110.44,3.96,3.58,Rock,90.15,72,1372.16
6.06,18.53,1.2,Low,Mini,Sunny,0,Airport,101.94,134.98,3.02,4.02,Classical,39.93,98,650.62
22.72,75.04,1.0,Low,SUV,,1,Airport,105.38,216.9,4.69,4.29,Classical,84.33,85,1278.36
37.91,135.18,1.0,Low,Sedan,Sunny,0,Urban,110.3,108.01,4.24,3.03,Pop,82.04,80,1406.21
17.18,70.14,1.0,Medium,Mini,Rainy,1,SemiUrban,106.83,145.13,3.64,4.58,Classical,22.57,79,954.59
13.75,50.56,1.2,Low,Mini,Foggy,0,Airport,119.4,222.83,3.26,3.94,None,4.98,77,1130.57
24.66,44.88,2.0,Low,SUV,Rainy,0,Airport,119.96,134.52,4.26,4.08,Pop,92.19,59,2439.07
37.29,141.23,1.0,Low,Sedan,Sunny,1,Airport,91.71,64.31,4.07,3.27,Classical,98.5,98,1452.41
33.64,91.25,2.0,Low,Premium,Rainy,0,SemiUrban,111.84,190.0,,3.87,Pop,59.77,2,3149.89
39.82,115.87,1.0,High,SUV,Sunny,0,Urban,112.4,242.53,3.94,3.98,Rock,34.24,67,1664.36
1.88,21.28,1.0,Low,Sedan,Sunny,0,Airport,,235.71,3.32,3.08,Rock,66.13,15,702.8
5.4,25.31,1.2,Low,Sedan,Sunny,0,Airport,117.51,205.27,4.69,3.35,Pop,5.22,39,811.26
24.77,73.01,1.0,Medium,Sedan,Sunny,1,Urban,107.8,241.31,4.79,3.73,Pop,75.18,74,1069.56
33.0,134.0,2.0,Low,Mini,Sunny,0,SemiUrban,97.64,99.83,3.21,3.36,Classical,20.7,56,2283.53
12.12,49.54,1.2,Medium,Sedan,Sunny,1,Urban,110.15,233.49,4.65,3.64,Rock,9.6,78,968.77
10.33,45.48,1.0,Low,SUV,Foggy,1,Urban,99.69,62.48,3.52,4.76,None,90.06,69,805.52
31.69,142.05,1.5,High,SUV,Rainy,0,SemiUrban,100.28,235.01,4.08,4.25,None,55.83,82,2496.12
3.2,21.72,2.5,High,Sedan,Rainy,1,Urban,108.39,62.68,4.19,4.1,None,49.02,72,1542.37
15.41,56.64,1.2,Medium,Mini,Sunny,0,SemiUrban,98.67,242.87,4.79,4.69,Classical,61.71,65,996.63
20.73,76.58,1.0,Medium,Mini,Sunny,1,Urban,110.84,271.23,3.32,3.47,Pop,99.48,98,1037.76
22.85,68.09,1.0,Medium,Mini,Sunny,0,SemiUrban,115.59,257.26,3.04,4.95,Pop,19.25,12,972.22
29.42,101.47,1.0,High,Premium,Rainy,0,Urban,119.56,137.14,4.19,3.44,Pop,21.08,76,1598.42
14.84,40.51,1.0,Medium,Sedan,Foggy,0,Urban,,293.78,4.26,3.98,None,70.67,92,844.18
24.89,85.32,2.0,Low,Sedan,Rainy,0,Urban,103.66,179.6,4.93,4.93,Rock,82.61,39,2283.75
71.49,154.9,1.0,Low,SUV,Rainy,0,Urban,112.22,144.81,3.2,3.67,Classical,93.67,89,4732.53
,100.76,1.2,Low,Sedan,Sunny,0,Urban,107.32,195.58,3.82,3.33,Rock,79.96,39,1309.34
25.98,110.93,1.2,Medium,Sedan,,1,SemiUrban,91.94,126.23,4.42,3.81,Classical,52.41,7,1310.24
11.12,27.58,2.0,Low,Sedan,Sunny,0,Airport,100.44,94.58,4.11,3.47,Pop,71.42,91,1533.57
4.3,30.06,1.0,Medium,Sedan,Sunny,0,SemiUrban,113.81,90.84,4.91,4.5,None,53.37,55,597.4
5.65,18.29,1.0,Low,SUV,Rainy,0,Airport,104.78,92.36,3.18,4.84,Pop,65.59,6,771.52
9.76,27.43,1.0,High,Mini,Foggy,1,Airport,110.83,107.07,3.29,4.71,Classical,7.74,11,871.42
20.51,,1.0,Medium,SUV,Sunny,1,Urban,109.22,271.61,4.23,3.29,Rock,64.57,7,1140.51
33.78,135.03,1.0,Medium,SUV,Rainy,0,Urban,118.3,151.18,4.26,4.9,Pop,31.83,92,1653.52
,127.66,1.2,Medium,SUV,Sunny,0,Urban,115.74,50.02,3.93,4.47,None,53.85,10,1510.21
31.77,,1.0,High,Mini,,1,SemiUrban,100.31,125.97,4.48,4.52,Rock,13.49,36,1082.94
14.69,45.5,1.0,Low,Mini,Sunny,1,Airport,104.93,299.03,3.67,4.1,None,54.89,71,819.31
16.78,68.14,1.0,Low,Mini,,0,SemiUrban,104.29,234.05,3.55,3.75,None,66.5,8,851.72
,55.83,2.5,Medium,SUV,Rainy,0,Urban,98.37,175.96,3.38,3.5,Rock,20.03,31,2603.96
8.48,23.34,1.2,Medium,SUV,Sunny,0,Airport,,81.84,4.21,3.94,Classical,9.81,35,931.05
3.39,6.42,2.0,Medium,Mini,Sunny,0,SemiUrban,97.82,163.89,4.61,4.61,None,37.71,90,775.24
,81.97,1.0,Low,Mini,Rainy,0,SemiUrban,94.79,209.92,3.06,3.62,None,45.45,42,1044.74
39.58,151.09,1.5,Low,SUV,Sunny,0,SemiUrban,93.31,279.69,3.32,4.78,None,63.92,18,2544.23
7.51,29.32,1.0,Low,Mini,Rainy,0,Urban,98.59,173.0,4.71,3.29,Classical,17.74,79,550.24
2.82,11.94,1.0,High,Premium,Rainy,0,Urban,104.2,187.02,3.04,3.1,Classical,47.0,62,966.92
31.4,,1.5,Low,Sedan,Sunny,0,Airport,93.47,191.93,3.09,4.01,Rock,91.64,21,2143.38
10.85,26.35,1.5,Medium,SUV,Sunny,0,Airport,110.27,287.7,4.03,4.86,None,41.58,21,1463.6
33.36,139.28,2.5,Medium,Sedan,Sunny,0,Airport,116.11,134.72,3.73,4.67,None,17.24,27,3735.12
28.45,91.51,1.5,Low,Mini,Sunny,0,SemiUrban,102.81,265.14,4.54,3.28,Pop,84.16,10,1672.6
,118.05,1.0,Low,Mini,Sunny,0,Airport,116.2,157.84,4.3,3.28,Classical,42.34,35,1439.3
16.95,50.23,1.0,Low,SUV,,1,Urban,94.53,235.21,3.37,3.19,Rock,63.03,78,904.33
26.82,70.48,1.2,Medium,Mini,Rainy,0,Urban,92.33,170.78,3.68,4.57,Classical,88.13,29,1288.73
19.13,78.4,1.0,Low,Sedan,Sunny,0,Urban,114.42,188.57,3.17,3.66,None,62.23,65,923.01
25.59,91.93,1.5,Low,Sedan,Sunny,0,SemiUrban,119.24,132.29,3.19,3.67,Classical,84.34,37,1578.89
18.53,40.43,1.2,Low,SUV,,0,SemiUrban,100.22,153.66,4.96,4.85,Rock,65.08,2,1129.1
8.36,43.37,2.0,Low,Mini,,1,SemiUrban,109.72,181.34,3.08,4.28,Rock,81.45,22,1302.05
20.81,61.92,1.2,Low,Sedan,Foggy,0,Urban,109.64,201.07,3.36,4.86,Classical,45.66,97,1244.74
21.61,94.66,1.2,Low,Mini,Rainy,0,Urban,110.57,142.58,3.79,,Classical,98.0,93,1181.2
32.61,129.88,1.0,Low,Sedan,Sunny,0,Urban,107.17,258.55,4.18,4.48,Classical,54.26,83,1404.83
29.69,103.26,1.0,Medium,Sedan,Foggy,0,Airport,97.69,229.77,4.91,3.19,Classical,68.22,65,1404.3
26.89,96.19,1.5,Low,Mini,Sunny,0,Airport,92.42,162.88,3.78,4.33,Classical,19.21,43,1659.84
,21.74,2.5,Medium,SUV,Rainy,0,Urban,90.41,233.73,3.37,3.86,None,41.22,18,2041.99
29.1,62.38,1.0,Medium,Mini,Sunny,1,SemiUrban,95.41,51.67,3.98,,Pop,46.6,80,933.25
20.51,68.78,1.5,High,Sedan,Sunny,0,Airport,93.6,198.39,4.54,3.17,Classical,82.63,40,1661.24
35.87,121.64,1.2,Low,Sedan,Rainy,0,Airport,91.15,181.36,3.52,4.88,Pop,77.38,76,1892.73
36.87,118.98,2.5,Low,Sedan,Sunny,0,Urban,92.71,178.63,3.34,,Pop,54.25,39,3467.39
3.15,8.2,1.0,High,Mini,Sunny,0,SemiUrban,91.46,200.88,4.43,4.6,Pop,80.51,14,554.88
33.01,125.93,1.2,High,SUV,Rainy,1,Urban,106.44,250.61,4.04,3.06,Pop,81.11,73,2028.46
2.47,13.04,1.0,Low,Mini,Sunny,0,Urban,91.71,61.52,,4.5,None,65.97,24,358.41
15.32,71.55,1.2,Low,Sedan,Sunny,1,SemiUrban,119.89,87.21,3.73,3.05,None,94.26,86,1019.26
22.15,89.75,1.0,High,Mini,Sunny,0,Urban,105.05,52.4,4.63,3.57,Classical,85.67,54,993.49
6.78,21.79,1.2,Low,Sedan,Rainy,0,Airport,117.03,109.44,3.85,,Rock,21.74,49,887.22
30.11,75.17,1.2,High,SUV,Sunny,1,SemiUrban,104.63,294.41,4.31,3.78,None,34.51,35,1714.94
1.33,2.39,1.0,High,Mini,Sunny,0,Airport,94.08,143.36,3.77,3.28,Classical,12.64,60,474.25
7.58,26.84,1.5,Low,Mini,Sunny,0,Urban,115.22,194.2,4.14,4.97,Classical,42.4,82,887.18
23.65,48.66,1.5,High,Mini,Sunny,0,SemiUrban,97.13,297.53,4.13,3.11,Pop,33.98,25,1511.68
28.86,64.33,2.0,Medium,SUV,Sunny,0,Airport,91.21,206.82,4.6,4.37,Pop,78.41,17,2727.09
36.75,97.62,1.0,Medium,Mini,Rainy,0,Airport,95.73,92.77,3.2,4.58,Rock,80.43,23,1421.11
28.51,92.69,1.0,Medium,Premium,Sunny,0,Airport,107.98,251.26,3.45,3.56,Pop,45.7,53,1637.82
27.2,97.03,1.2,Low,Mini,Sunny,1,SemiUrban,103.04,187.99,3.59,3.81,Classical,50.98,98,1313.25
16.38,55.75,1.0,Medium,Sedan,Sunny,0,Airport,94.85,298.84,4.01,3.17,Classical,87.54,96,1128.11
1.05,19.86,1.2,Low,Sedan,Rainy,0,SemiUrban,105.99,238.77,4.82,3.72,Classical,52.99,50,682.35
5.69,49.81,1.0,High,Mini,Rainy,1,Airport,118.59,298.7,4.6,3.7,None,93.17,38,902.0
21.85,74.18,1.0,Medium,Sedan,Sunny,0,SemiUrban,,272.7,4.68,3.06,None,83.56,55,1117.66
27.33,81.57,1.0,Low,Sedan,Sunny,1,Airport,92.08,95.54,3.69,3.53,Pop,45.25,66,1122.39
17.28,,1.0,Low,Sedan,Rainy,0,SemiUrban,99.59,237.02,3.67,4.86,Rock,93.51,6,980.45
29.5,87.49,2.5,High,Sedan,Rainy,0,Urban,110.77,174.53,4.39,4.35,Classical,78.41,44,3342.73
21.35,66.06,2.5,Low,SUV,Sunny,1,SemiUrban,,82.44,4.72,3.03,Rock,95.73,92,2420.91
3.89,4.19,1.2,High,SUV,Rainy,1,SemiUrban,106.16,191.96,4.92,4.04,Rock,20.89,72,933.39
8.49,31.51,1.0,Low,Mini,,0,Airport,106.38,73.42,3.73,3.7,Classical,69.07,4,667.87
33.76,,2.0,Medium,Sedan,Sunny,0,Airport,92.65,240.5,4.26,4.97,Classical,92.09,93,2895.01
29.27,86.18,2.0,High,Mini,Sunny,0,Urban,108.18,140.31,4.4,4.9,Rock,0.2,66,2362.31
35.9,,2.0,Low,Mini,Sunny,1,Urban,117.0,252.23,4.81,4.37,Classical,9.73,83,2473.1
,25.9,1.2,Low,Sedan,,0,Airport,109.55,220.57,4.47,3.04,Rock,12.13,64,914.95
39.62,134.35,1.0,High,Sedan,Rainy,0,Urban,117.46,269.59,3.85,3.29,Rock,40.61,48,1748.02
,11.5,1.0,Medium,Sedan,Sunny,1,Urban,108.41,96.47,4.54,4.52,Pop,87.51,3,567.18
1.46,18.14,2.0,Medium,Sedan,Sunny,1,Urban,112.55,211.28,3.9,4.2,Rock,47.93,32,1055.14
39.9,162.39,2.0,High,Mini,Sunny,1,SemiUrban,116.78,265.97,4.98,3.47,None,8.13,27,3153.53
11.96,44.68,1.0,Medium,Sedan,Sunny,0,SemiUrban,103.9,106.95,3.73,3.22,Classical,21.85,44,709.9
27.05,82.1,1.0,High,Sedan,Sunny,0,Urban,94.74,245.8,3.15,3.73,Classical,34.97,58,1254.57
7.89,28.04,1.2,Medium,Mini,Sunny,1,Urban,93.58,121.21,4.42,4.75,Classical,88.11,63,699.58
23.63,60.44,1.5,Medium,SUV,Sunny,0,Airport,118.61,253.88,3.6,4.08,Rock,20.07,26,1952.1
36.26,120.36,1.5,Low,Mini,Sunny,1,Urban,106.41,178.88,4.41,3.58,Classical,70.39,2,1931.07
13.49,36.93,1.2,High,Sedan,Rainy,0,Urban,110.49,216.54,3.15,3.18,Pop,84.92,54,1107.97
27.14,91.26,1.0,Medium,Premium,Rainy,0,Urban,108.35,142.41,4.97,3.36,Classical,51.29,99,1496.7
8.33,27.06,1.0,Low,Sedan,Rainy,0,SemiUrban,106.95,256.47,4.59,3.83,Classical,61.57,43,710.69
25.37,80.07,1.5,Medium,Mini,Rainy,0,Airport,106.78,80.79,4.38,4.51,Rock,53.97,55,1809.97
14.12,39.06,1.5,Low,Mini,Sunny,0,Urban,104.19,98.36,4.29,3.97,Classical,76.14,2,1053.25
,27.86,1.0,Medium,Mini,,0,Airport,116.53,72.47,3.28,3.94,Pop,52.28,41,655.9
13.21,39.1,1.0,High,SUV,Sunny,0,SemiUrban,93.63,287.4,3.29,3.56,Rock,94.27,26,959.05
7.97,14.69,1.2,Low,Mini,Sunny,0,Airport,111.48,166.57,3.15,3.5,Rock,86.52,66,781.85
36.17,140.91,1.0,High,Mini,Rainy,1,Airport,110.42,169.37,4.53,4.34,None,75.0,97,1640.95
16.49,47.9,1.2,Low,Sedan,Sunny,0,Airport,91.87,125.37,4.43,4.43,Rock,33.24,15,959.48
10.57,34.71,1.2,Medium,Mini,Sunny,0,SemiUrban,96.51,167.43,4.73,,None,60.31,65,724.3
18.49,46.85,1.5,Medium,Sedan,Sunny,0,Airport,113.63,108.77,4.3,4.8,Classical,12.87,32,1411.75
13.5,48.82,1.5,Low,Sedan,Sunny,1,Urban,97.01,287.91,3.79,4.17,Classical,39.65,50,1202.43
30.03,98.81,1.0,Medium,Mini,Sunny,0,Urban,107.33,115.86,4.8,4.22,None,54.15,19,1138.87
38.88,169.4,1.2,High,Sedan,Sunny,0,Urban,92.51,281.36,4.23,,Rock,34.66,14,2035.32
18.08,34.99,1.0,Low,Mini,Sunny,1,SemiUrban,96.69,172.03,3.09,4.95,Pop,9.12,61,711.79
,,1.5,Low,SUV,Sunny,0,Airport,116.73,159.29,4.8,4.83,Pop,31.27,63,2119.53
23.07,78.45,1.5,Medium,Mini,Sunny,1,Airport,100.85,250.96,4.75,3.08,Pop,92.25,54,7396.07
7.13,26.78,1.0,Medium,Mini,Rainy,0,SemiUrban,114.18,173.66,4.52,3.74,Classical,60.94,48,637.52
27.93,116.19,1.0,High,Sedan,Sunny,0,Airport,104.35,116.73,4.86,3.8,None,19.64,72,1470.6
21.02,69.95,1.0,Low,Mini,Rainy,0,Urban,99.67,158.78,3.8,3.54,Rock,79.59,12,944.95
26.37,86.3,1.2,High,Sedan,Sunny,0,Airport,107.0,159.91,4.69,3.88,None,90.59,15,1491.61
35.7,134.5,1.0,Medium,Mini,Sunny,0,Airport,106.02,123.79,4.87,3.9,Rock,55.92,50,1358.02
18.18,51.14,1.2,Low,Mini,,0,Airport,119.54,155.1,4.58,4.55,Classical,43.27,60,1048.72
36.15,125.85,1.2,High,Mini,Foggy,0,Airport,100.33,80.03,4.46,4.82,Classical,36.01,44,1783.05
30.28,113.31,1.2,Low,Mini,Sunny,1,Airport,109.61,285.04,3.71,4.06,Pop,16.49,34,1616.19
20.06,78.5,2.0,Medium,Mini,Rainy,0,Airport,110.69,210.0,3.68,3.51,Classical,5.53,6,2208.9
,81.89,1.0,Medium,Sedan,Rainy,0,SemiUrban,108.79,98.3,4.8,4.07,Classical,21.66,27,1127.47
13.7,37.16,2.0,Medium,SUV,Sunny,0,Urban,104.38,247.35,3.36,3.36,Rock,48.35,57,1945.57
39.36,126.86,1.0,Medium,Mini,Sunny,0,SemiUrban,113.5,116.59,3.09,3.7,None,5.17,27,1312.3
27.03,87.79,1.0,Medium,Mini,Rainy,0,SemiUrban,113.05,199.07,4.28,4.07,Pop,97.92,91,1120.66
2.71,13.09,1.0,Low,SUV,Sunny,1,Urban,118.77,278.6,3.67,4.9,None,69.51,61,631.22
13.74,31.17,1.2,Medium,Mini,Sunny,1,SemiUrban,119.31,241.32,4.46,3.94,Rock,34.35,38,858.21
25.31,69.7,1.0,High,Mini,Rainy,1,Urban,96.46,80.51,,3.02,None,42.82,74,1128.89
3.2,20.38,1.2,Medium,Sedan,Rainy,0,Urban,109.63,186.45,3.43,,Rock,98.87,52,825.1
1.93,7.8,1.0,High,Sedan,Rainy,0,Urban,115.69,226.92,,3.8,Rock,35.36,48,717.04
18.55,45.62,2.0,Medium,Mini,Sunny,0,Urban,118.87,100.5,4.19,3.34,None,15.37,37,1548.99
13.97,37.45,1.2,Medium,Sedan,Sunny,0,Airport,94.28,75.14,4.33,3.65,Rock,43.5,91,1008.02
18.09,53.93,1.2,Medium,Sedan,Sunny,0,Urban,118.47,87.01,4.99,,Rock,19.87,57,1098.78
11.25,18.47,2.0,Low,Sedan,Sunny,0,SemiUrban,96.76,290.8,3.99,4.38,None,58.77,45,1397.8
7.42,34.86,1.5,High,Sedan,Sunny,1,SemiUrban,107.17,261.26,3.44,4.27,Pop,38.07,92,1117.43
27.88,118.15,1.0,High,Sedan,Sunny,0,Airport,,264.49,4.77,3.79,Rock,26.42,9,1421.6
21.07,47.62,1.2,High,Mini,Sunny,0,Airport,116.39,111.56,4.42,4.54,Classical,29.29,92,1241.86
8.81,31.01,1.2,Medium,Mini,Rainy,0,Airport,114.11,189.56,4.24,5.0,Pop,96.21,31,933.15
13.46,57.26,1.0,High,Mini,Sunny,0,SemiUrban,118.04,171.89,4.73,3.67,Rock,37.71,60,832.65
24.08,113.15,1.0,Medium,SUV,Sunny,0,Airport,113.62,258.58,3.15,4.34,None,93.81,4,1429.7
3.82,8.83,1.0,Medium,Sedan,Rainy,0,SemiUrban,100.16,155.44,,3.4,None,55.19,50,639.94
6.75,22.84,1.5,High,SUV,Sunny,0,Airport,95.37,184.47,4.78,3.2,None,56.29,86,1298.62
3.86,19.73,1.0,Medium,SUV,Sunny,0,Airport,94.67,195.27,3.17,4.94,None,8.42,33,860.0
32.68,126.57,1.0,Medium,SUV,Sunny,0,Urban,92.63,142.84,4.15,3.41,Classical,97.73,89,1450.27
30.34,91.88,1.0,Low,Sedan,Rainy,0,Urban,117.97,58.48,3.62,3.21,Rock,52.45,84,1211.02
30.38,109.56,1.2,High,Sedan,Sunny,1,SemiUrban,104.59,173.81,4.13,3.97,None,85.16,1,1539.92
28.94,68.33,1.2,Low,Mini,Sunny,0,Urban,118.96,173.32,3.19,4.39,Classical,68.85,16,1287.48
27.11,114.55,1.2,Low,Premium,Foggy,0,Urban,113.25,60.21,4.08,3.0,Rock,48.71,2,1696.6
19.6,56.9,1.0,Low,Sedan,Rainy,0,Urban,118.61,171.57,4.02,3.8,None,69.06,73,1037.68
26.05,112.23,2.0,Medium,Mini,Rainy,1,Urban,116.06,177.79,,3.94,Pop,10.99,52,2384.59
2.5,16.76,1.2,Low,Mini,Sunny,1,Urban,,83.62,3.47,3.99,None,5.8,77,398.93
25.24,65.63,1.2,Medium,SUV,Sunny,0,Urban,96.77,86.0,3.27,3.8,Classical,35.52,6,1287.69
31.34,124.78,2.0,Low,Mini,Foggy,1,Urban,97.62,284.13,3.95,3.31,Pop,19.1,49,2672.44
20.51,93.2,2.5,Medium,Mini,Sunny,0,SemiUrban,101.14,97.6,3.57,4.43,None,88.53,12,2186.87
14.94,56.31,1.2,Low,Sedan,Sunny,1,Urban,90.73,128.03,4.04,4.27,None,30.02,77,890.72
11.82,38.25,2.0,Low,SUV,Foggy,0,Urban,110.01,124.42,4.13,3.07,None,66.17,72,1639.51
26.07,98.63,1.2,High,Sedan,Sunny,0,Airport,106.66,214.39,3.02,4.21,Pop,91.12,55,1658.2
28.02,81.28,1.0,Low,SUV,Sunny,0,SemiUrban,93.03,210.49,4.74,4.51,Rock,6.19,41,1179.91
34.97,120.02,1.0,Low,SUV,Sunny,0,SemiUrban,114.75,278.18,3.29,3.25,Rock,70.91,1,1529.74
,47.4,1.2,High,SUV,Sunny,1,Airport,114.68,150.7,4.68,4.53,None,1.05,74,1238.03
,75.68,1.2,Low,Sedan,Sunny,1,SemiUrban,93.56,245.02,4.09,3.52,Pop,85.89,1,1362.55
22.89,83.01,1.0,Low,Sedan,Rainy,1,SemiUrban,96.12,144.36,,4.36,Rock,98.48,81,1021.53
35.43,143.36,2.0,Low,Mini,Sunny,0,SemiUrban,97.51,110.01,4.56,4.34,Pop,23.12,85,2487.34
21.58,54.18,1.0,Low,Mini,Sunny,0,Urban,105.77,272.82,4.29,4.13,None,16.12,64,840.36
21.19,66.42,1.0,Low,Sedan,Rainy,0,Urban,118.35,170.92,4.31,3.45,Rock,49.88,43,1023.02
23.54,82.2,1.0,High,Mini,,1,Urban,109.96,147.63,3.62,3.55,Rock,95.14,76,1131.6
30.22,109.28,2.5,Low,Sedan,Sunny,0,Airport,110.43,276.41,3.81,3.95,None,29.94,6,3476.4
38.62,97.94,1.5,Low,Mini,Sunny,0,Airport,98.74,284.85,4.07,3.05,Rock,31.76,2,2225.52
3.87,,1.2,High,Mini,Foggy,0,Urban,108.72,162.86,3.74,3.83,Rock,62.01,3,701.38
3.08,32.69,1.5,Medium,SUV,Sunny,0,Urban,96.34,54.92,,4.39,None,71.5,44,892.72
37.56,117.31,1.5,Low,Sedan,Sunny,0,SemiUrban,111.33,58.12,4.69,3.0,Rock,54.23,18,1877.6
21.67,81.06,2.0,Medium,Sedan,Sunny,0,Airport,97.05,202.26,4.93,4.48,Rock,22.36,94,2228.44
24.98,85.38,1.0,Low,Sedan,Sunny,1,Airport,90.42,263.01,3.96,3.86,Classical,90.27,63,1132.97
19.81,50.02,1.2,Medium,Sedan,Sunny,0,SemiUrban,105.71,268.81,4.73,3.97,Rock,52.26,58,1195.89
4.65,21.65,1.0,Medium,Mini,Sunny,0,Airport,98.94,275.29,4.6,3.44,Rock,94.64,84,635.65
30.96,129.18,2.5,High,Sedan,Sunny,0,Urban,108.87,251.88,3.98,3.83,Pop,47.69,96,3607.04
30.14,75.27,2.5,Low,Sedan,Rainy,0,Urban,112.38,268.06,4.32,4.01,Rock,13.68,21,3180.84
13.16,48.89,1.5,Medium,Mini,Sunny,0,Airport,114.41,260.41,3.13,4.96,Classical,36.68,24,1236.62
12.94,42.01,1.2,Low,Mini,Sunny,0,Airport,119.44,260.05,4.29,4.24,Classical,54.33,84,1044.91
33.68,121.5,1.2,Medium,Sedan,Rainy,0,Urban,106.67,131.87,3.49,4.26,Rock,19.34,74,1621.72
3.82,23.93,1.0,Low,Mini,Sunny,0,Airport,104.47,148.43,4.88,4.99,Pop,40.6,62,453.93
35.36,106.93,1.0,Medium,SUV,Rainy,1,Airport,97.37,129.26,4.34,3.07,Classical,10.64,70,1539.48
11.01,,1.2,Medium,SUV,Sunny,0,SemiUrban,112.41,88.64,4.24,4.74,Classical,89.23,17,913.71
24.13,63.09,1.0,High,Mini,Sunny,1,Airport,104.48,133.02,4.81,4.58,None,95.75,64,1057.79
37.5,84.08,2.5,High,Sedan,Sunny,0,Urban,99.81,276.85,4.49,3.09,Classical,45.61,37,3617.79
27.45,109.61,1.0,Medium,Premium,,1,Airport,102.96,292.77,3.84,3.88,None,89.48,66,1651.31
17.16,51.6,2.0,Low,SUV,Sunny,0,Airport,101.11,87.62,4.58,,Rock,17.73,84,1974.98
27.89,109.62,1.5,Medium,Mini,Foggy,1,Urban,119.36,215.51,4.86,3.07,Classical,6.92,60,1866.2
14.42,60.05,1.0,Medium,Mini,Rainy,0,Urban,96.79,291.74,4.89,3.9,None,32.73,15,800.27
11.81,61.61,1.0,Low,Mini,Sunny,0,Airport,102.44,101.67,3.5,4.76,Classical,23.87,93,712.94
39.87,138.1,2.5,Medium,Sedan,Rainy,0,Airport,99.22,260.01,4.1,3.06,Classical,23.56,71,4281.9
30.28,69.21,1.5,Low,Mini,Sunny,0,Airport,95.15,124.12,4.59,4.66,Classical,77.84,36,1716.96
26.14,72.97,1.0,Low,Sedan,Sunny,1,Airport,98.98,152.58,4.96,4.68,Classical,81.48,47,1130.05
,62.44,1.0,Low,SUV,Sunny,0,Airport,104.68,279.06,3.18,3.01,Pop,56.32,48,1096.2
2.92,,1.2,High,SUV,Sunny,1,Airport,108.95,64.53,4.54,4.82,None,72.21,92,888.29
2.21,19.77,1.0,Low,Mini,Sunny,0,SemiUrban,108.51,162.13,3.9,4.43,Rock,28.34,89,378.17
22.61,79.44,1.0,Low,Mini,Sunny,1,Urban,113.18,176.43,4.68,4.88,None,69.8,56,982.66
30.72,,1.5,High,SUV,Rainy,0,Airport,92.14,275.24,4.5,4.86,Pop,75.46,69,2304.87
21.96,87.01,1.2,Medium,Mini,Sunny,0,Urban,99.43,193.45,3.9,3.5,Rock,94.37,50,1143.2
33.79,84.95,1.2,Medium,SUV,Sunny,0,SemiUrban,100.58,286.27,4.85,4.04,Rock,8.72,46,1766.91
2.3,19.81,2.0,Low,Mini,Sunny,0,Urban,110.77,129.47,3.73,3.98,Classical,84.71,30,757.61
15.3,67.0,1.2,Medium,SUV,Rainy,1,Urban,96.23,173.41,3.79,4.42,None,16.15,30,1256.84
10.25,46.12,2.0,Low,Sedan,Sunny,0,Urban,96.43,55.68,4.51,4.16,Rock,42.87,98,1259.52
18.44,68.22,1.0,Medium,Mini,Rainy,1,SemiUrban,92.86,297.2,3.53,4.93,Pop,0.63,7,982.79
3.82,28.78,1.0,Medium,Sedan,Foggy,0,Airport,106.0,108.32,4.55,4.01,Pop,95.31,50,695.17
38.21,112.38,1.0,Medium,SUV,Foggy,1,SemiUrban,111.8,282.2,4.6,3.75,Pop,96.33,51,1661.9
9.71,25.24,1.0,Medium,Mini,Sunny,1,SemiUrban,110.93,150.06,4.45,4.98,None,95.74,17,538.32
36.97,107.76,2.5,Medium,Mini,Sunny,0,SemiUrban,112.28,91.3,3.75,4.19,Classical,8.95,5,3050.01
17.61,48.48,2.5,Medium,Sedan,Sunny,1,Urban,95.09,154.97,3.94,3.82,Pop,30.94,78,2163.98
39.44,113.12,1.5,Medium,SUV,Rainy,1,SemiUrban,107.6,131.0,4.11,,Classical,39.92,64,2274.67
,94.63,1.2,Low,Mini,Sunny,1,SemiUrban,92.8,287.95,3.26,4.42,Pop,97.87,9,1230.89
37.3,103.44,1.5,High,Mini,Sunny,0,Urban,119.0,242.79,3.74,4.78,Rock,78.62,59,2116.79
1.21,17.12,1.2,Low,Mini,Rainy,1,Urban,93.15,101.86,3.33,3.35,Rock,64.72,65,485.93
30.18,109.98,1.0,Medium,Mini,Sunny,0,Urban,116.33,185.03,3.55,3.75,Classical,38.46,19,1282.29
36.22,119.13,1.2,Low,Mini,Sunny,0,SemiUrban,91.15,217.48,4.8,3.13,Rock,97.46,33,1500.89
6.45,31.26,1.2,High,Sedan,Sunny,0,Urban,105.93,194.83,3.11,3.55,Pop,71.17,50,896.12
4.75,19.11,1.0,High,Sedan,Sunny,0,Airport,115.58,279.17,4.11,4.84,Classical,52.02,59,773.45
17.56,45.94,1.0,Low,Sedan,Sunny,1,Airport,109.04,78.25,3.87,4.29,Classical,51.65,18,830.85
37.41,120.5,1.0,Medium,Sedan,Sunny,0,Urban,104.81,60.11,4.34,4.82,Pop,7.65,72,1259.02
22.15,67.97,1.2,Low,Mini,Sunny,1,SemiUrban,93.82,202.98,,4.11,Classical,37.9,2,1141.19
21.57,67.74,1.0,Low,Sedan,Rainy,0,SemiUrban,109.78,236.33,3.92,4.97,Pop,13.78,70,1091.41
6.5,23.0,1.5,High,Sedan,Foggy,0,Airport,108.07,252.37,4.01,4.27,Rock,73.81,38,1336.05
1.03,16.01,1.0,Low,SUV,Rainy,0,SemiUrban,103.76,102.78,3.24,4.44,Rock,87.67,29,586.71
32.6,104.51,1.0,Low,Sedan,Sunny,0,Airport,97.05,97.53,4.82,4.73,Pop,93.09,4,1236.55
4.42,17.43,1.5,Medium,Mini,Sunny,0,Urban,96.6,259.64,3.78,3.71,None,97.73,46,758.37
25.72,,1.2,High,Sedan,Sunny,1,Airport,119.1,134.38,3.08,3.59,Pop,21.51,60,1489.93
36.67,126.02,1.0,Low,Mini,Rainy,0,SemiUrban,118.95,214.92,4.06,3.35,None,51.4,7,1395.03
9.14,35.99,2.0,Low,Premium,Sunny,0,Airport,118.11,87.7,4.69,4.41,Classical,73.52,86,2058.36
26.95,75.55,1.0,Low,Sedan,Sunny,0,SemiUrban,105.48,250.25,4.18,4.64,Pop,64.49,44,1144.38
4.07,28.66,2.0,Low,SUV,Sunny,0,Airport,119.65,290.22,4.2,3.78,Classical,99.96,65,1607.65
24.55,74.97,1.2,Low,Sedan,Foggy,1,Urban,98.92,292.91,3.04,3.0,Rock,25.45,55,1449.85
7.39,21.05,1.0,High,Mini,Sunny,0,Airport,102.81,179.75,,4.82,Pop,58.74,17,719.49
29.7,102.99,1.2,Low,Sedan,Rainy,1,Urban,95.23,109.82,3.81,4.45,Rock,27.09,42,1398.6
12.75,53.62,1.0,Medium,Sedan,Sunny,0,Urban,103.92,85.25,3.28,4.77,Classical,67.13,59,744.18
19.07,66.26,1.0,High,Mini,Sunny,0,Urban,95.55,111.43,3.28,4.76,Pop,29.03,40,759.49
24.38,62.77,1.0,Medium,Sedan,Rainy,1,SemiUrban,91.99,205.41,4.34,3.98,None,72.45,88,955.35
7.68,35.74,1.0,Low,SUV,Rainy,0,Urban,90.3,158.97,3.86,4.51,None,63.84,59,721.42
29.92,94.23,1.5,Medium,Mini,Rainy,0,SemiUrban,101.35,169.35,3.11,4.7,Pop,17.37,61,1765.38
12.8,40.83,1.5,High,Mini,Sunny,0,Urban,,168.57,3.17,,Rock,22.49,44,1088.75
26.83,75.0,2.0,Low,SUV,Sunny,0,Airport,103.12,248.36,3.85,4.62,None,48.15,93,2671.08
7.17,18.89,1.0,Low,Mini,Sunny,1,Airport,109.37,257.84,4.59,4.0,Pop,70.27,8,681.66
27.84,73.73,1.2,Low,Mini,Rainy,0,Urban,114.54,53.49,3.28,3.71,None,15.73,81,1286.83
6.0,27.2,1.0,Medium,Sedan,Rainy,0,Airport,106.59,279.56,3.23,3.34,None,28.56,53,900.26
17.59,59.58,1.2,Low,Sedan,Foggy,0,Airport,,147.11,3.94,3.45,None,12.4,81,1277.9
10.64,39.66,2.0,Medium,Premium,Sunny,1,SemiUrban,105.72,110.2,4.05,4.59,Classical,9.01,38,1887.41
30.19,76.57,1.0,Medium,Mini,Rainy,1,SemiUrban,93.75,299.0,4.03,4.73,Rock,43.01,43,1268.36
11.22,40.19,2.5,Medium,SUV,Sunny,0,Airport,109.07,80.63,4.01,4.93,Pop,22.34,20,2323.33
35.39,109.68,1.5,Medium,Mini,Sunny,1,Urban,111.7,130.26,4.78,3.29,Pop,29.12,32,1923.77
35.78,74.42,1.5,Low,Sedan,Sunny,0,Urban,90.01,276.78,3.78,4.03,Classical,62.88,17,1937.99
8.66,20.13,1.2,Medium,Mini,Rainy,1,SemiUrban,92.5,168.91,3.07,4.83,None,67.74,90,801.31
24.94,89.77,1.5,Medium,Sedan,Foggy,0,Airport,106.25,281.45,3.02,3.44,Rock,3.4,51,2033.64
4.42,27.2,2.5,Medium,SUV,Sunny,1,SemiUrban,115.17,110.38,3.81,3.48,Classical,34.15,30,1562.03
16.27,41.33,1.5,Low,Mini,Rainy,0,Urban,105.99,151.85,4.79,4.09,Classical,35.88,51,1230.01
28.82,90.48,1.0,Medium,Mini,,0,SemiUrban,103.04,62.91,,4.14,Rock,87.72,48,1068.25
26.72,53.32,1.2,Medium,Sedan,Sunny,0,Airport,118.1,163.57,4.14,3.38,Rock,45.04,21,1429.46
25.36,73.23,1.0,Medium,Sedan,Rainy,0,Urban,92.29,50.12,4.4,4.04,Classical,34.3,23,1078.84
12.02,23.67,2.5,Low,Mini,,0,Airport,94.15,129.22,3.33,4.82,Rock,17.64,26,1734.98
15.74,73.97,2.0,Low,SUV,Sunny,0,Urban,110.55,228.78,3.6,4.17,Pop,84.32,13,2057.05
5.01,22.32,1.2,Medium,Sedan,Foggy,1,Airport,93.26,231.04,4.58,4.57,Pop,87.73,67,934.5
29.04,109.11,1.5,Medium,Mini,Sunny,1,Airport,94.05,156.95,,4.55,Rock,97.44,65,1915.88
,70.43,2.0,Medium,Premium,Foggy,1,SemiUrban,116.16,53.24,3.61,3.77,Rock,88.6,86,2337.24
28.64,97.79,1.0,Medium,Mini,Rainy,1,Urban,96.31,82.75,4.9,4.58,Classical,77.02,85,1199.72
10.71,21.6,1.2,Low,SUV,Rainy,0,Airport,108.67,110.52,4.22,4.66,Pop,49.42,50,1084.37
13.65,32.38,1.2,Low,Mini,,0,Urban,101.9,54.11,4.46,3.85,None,72.33,20,3489.69
14.03,54.74,1.5,Medium,Mini,Foggy,1,SemiUrban,94.1,104.26,3.79,,Classical,60.1,89,1089.9
2.0,3.88,1.0,Medium,Sedan,Rainy,0,Airport,101.58,180.9,3.21,,Pop,75.08,82,627.45
14.3,60.47,1.5,Medium,Sedan,Sunny,1,Urban,102.49,81.43,4.36,4.26,Pop,70.61,77,1161.21
32.33,74.62,1.0,High,Sedan,Rainy,0,SemiUrban,108.86,266.57,3.85,3.5,Rock,45.6,19,1444.31
35.99,98.83,1.0,Medium,Mini,Rainy,0,Airport,94.6,65.0,3.29,4.68,Classical,47.3,65,1480.28
21.21,94.41,1.0,Low,Mini,Rainy,0,Urban,91.12,243.97,4.79,3.24,Pop,65.28,39,1027.74
18.76,31.47,1.0,Medium,Sedan,Sunny,0,SemiUrban,108.18,161.57,3.5,4.0,Rock,86.56,82,857.1
2.2,12.36,1.0,Medium,SUV,Sunny,0,SemiUrban,91.96,203.21,3.7,4.8,None,45.32,23,601.65
35.29,104.12,1.2,Low,Sedan,Rainy,0,Airport,94.62,170.87,3.42,4.3,Rock,37.56,25,1656.86
1.51,3.67,1.2,High,Mini,Sunny,0,Airport,119.44,157.05,3.78,4.94,None,85.25,45,683.85
37.85,92.98,1.0,Medium,Sedan,Sunny,0,Airport,90.68,220.08,4.22,3.79,Classical,29.0,40,1462.75
20.08,56.54,1.2,Medium,Sedan,Sunny,0,Urban,109.27,106.78,,4.06,Rock,91.57,81,1034.81
14.34,35.08,1.2,High,Mini,Rainy,0,SemiUrban,94.16,171.69,3.72,3.73,Rock,54.0,42,1034.84
37.04,122.73,1.0,Low,Sedan,Sunny,0,SemiUrban,,251.84,3.03,4.31,None,36.26,86,1405.93
1.95,-0.54,1.0,Low,Sedan,Rainy,0,Airport,107.45,88.79,3.32,3.61,Classical,40.08,36,626.67
23.68,52.56,1.5,Low,Mini,Rainy,0,SemiUrban,104.17,73.18,4.81,3.54,Rock,54.51,37,1276.35
22.41,87.77,1.0,Low,Sedan,Sunny,0,Airport,103.81,200.9,4.27,4.48,Rock,32.16,16,1113.19
9.55,29.81,1.0,Low,Sedan,Sunny,0,Airport,110.13,290.89,4.01,4.95,None,77.53,90,795.17
17.73,52.79,2.5,High,Premium,Sunny,0,SemiUrban,115.16,157.3,4.03,3.34,None,98.13,96,2939.67
26.44,95.29,1.5,High,Sedan,Foggy,0,SemiUrban,90.21,253.66,4.28,4.75,Classical,82.12,82,1850.46
29.36,112.95,1.2,Medium,Sedan,Sunny,0,Urban,90.61,167.56,3.42,4.87,Pop,12.2,94,1478.37
,5.41,1.2,Medium,Mini,Sunny,0,Airport,98.17,108.66,3.07,4.54,Pop,32.91,85,555.89
37.54,106.91,1.5,Low,Sedan,Rainy,0,SemiUrban,112.15,171.27,3.82,3.79,Classical,51.44,89,2079.17
7.42,41.1,1.5,Medium,Mini,,0,Airport,95.81,160.47,4.82,3.12,Classical,88.3,61,1102.27
10.11,25.26,1.0,Low,Mini,Rainy,0,SemiUrban,102.2,113.09,4.02,3.06,Pop,46.35,80,623.72
,42.02,1.2,Low,Mini,Sunny,0,Airport,105.23,138.28,4.77,4.19,Rock,32.13,73,896.41
2.47,8.95,1.2,Low,Sedan,Sunny,1,Airport,,148.02,3.25,4.58,Classical,77.57,35,738.85
,21.62,1.0,Medium,Sedan,Sunny,0,Airport,103.94,264.82,3.55,3.61,Classical,73.92,32,744.39
39.47,105.13,2.0,Low,SUV,Sunny,1,Airport,113.96,126.87,4.28,3.89,Rock,14.09,57,3137.84
13.29,36.78,1.0,Low,Sedan,Sunny,1,Airport,96.88,281.29,3.05,3.5,Rock,16.41,57,893.91
5.5,22.86,1.0,Medium,Sedan,Sunny,1,Urban,99.8,53.37,,4.62,Classical,50.78,74,509.66
5.17,17.81,2.0,Medium,Mini,Rainy,0,SemiUrban,105.8,82.1,3.22,,Pop,85.8,2,1051.23
29.06,69.47,1.0,Low,Sedan,Sunny,0,SemiUrban,115.95,56.77,4.03,4.47,Rock,27.95,24,1114.99
,125.42,1.0,Low,Mini,Rainy,0,Urban,,241.92,4.76,4.69,Classical,63.38,34,1316.59
11.02,49.75,1.2,High,Sedan,Sunny,0,Urban,105.74,81.14,3.01,3.31,None,42.84,29,962.96
1.82,2.61,1.0,Low,Mini,Sunny,0,Urban,116.27,193.52,3.11,3.89,Rock,2.36,94,450.52
9.7,44.61,1.5,Medium,SUV,Rainy,1,Urban,93.38,244.47,4.33,4.63,Pop,47.02,62,1314.77
3.2,12.8,1.0,Low,Sedan,Rainy,0,Airport,111.64,172.34,3.74,4.91,None,63.57,31,637.23
5.03,21.06,1.0,Medium,Sedan,Sunny,1,Urban,96.71,74.48,4.79,4.61,Pop,86.61,62,455.86
17.83,55.83,1.0,Medium,Mini,Rainy,1,Urban,95.21,259.36,4.08,4.79,None,28.78,80,882.39
9.97,,1.5,High,Sedan,Sunny,0,Urban,97.09,101.56,3.12,3.04,Pop,59.05,94,1169.9
21.12,52.12,1.0,Low,Sedan,Sunny,0,Urban,105.09,73.61,3.01,4.52,Classical,92.63,99,898.4
10.89,33.58,1.2,Low,Mini,Rainy,1,Airport,108.1,241.88,3.88,,Rock,60.19,38,931.16
37.68,121.52,1.5,High,Mini,Sunny,0,Urban,95.83,56.98,3.79,,None,90.73,58,1930.93
36.33,138.55,2.0,Medium,Mini,Sunny,0,SemiUrban,93.36,204.45,3.96,3.14,Rock,59.28,75,2681.37
23.11,51.57,1.5,High,Sedan,Sunny,0,SemiUrban,103.58,155.1,3.86,3.59,None,61.02,43,1453.89
14.82,54.12,1.0,Medium,Mini,Sunny,0,Airport,,158.6,4.2,4.37,Classical,71.82,6,799.37
15.86,53.03,1.2,Medium,Mini,Rainy,1,Airport,106.17,251.11,4.8,3.39,Rock,75.01,18,1267.92
17.06,63.0,1.2,High,Mini,Sunny,0,SemiUrban,110.49,61.67,4.51,4.57,Rock,50.82,45,903.0
29.38,96.21,2.0,Medium,Sedan,Rainy,0,Airport,118.37,235.41,4.06,3.18,Pop,64.79,7,2999.13
18.61,58.25,2.0,Medium,Mini,Sunny,0,SemiUrban,94.29,226.37,4.05,4.66,Pop,69.64,56,1679.8
34.41,121.56,2.0,Medium,SUV,Sunny,0,Airport,103.0,272.33,4.97,4.14,Classical,15.75,79,3387.91
37.82,98.77,1.5,Medium,Mini,Rainy,1,Airport,97.7,194.29,4.88,3.04,None,30.38,29,2274.4
14.1,35.77,1.0,Medium,Mini,Sunny,0,Urban,96.54,90.02,3.31,,Classical,89.42,4,611.49
22.87,60.63,1.5,Medium,Sedan,Foggy,0,SemiUrban,105.59,61.62,4.27,3.96,Classical,23.98,29,1362.04
4.71,12.95,1.5,Medium,SUV,Rainy,0,Airport,94.3,160.5,,4.29,Classical,63.75,16,1120.34
8.82,33.51,2.0,Medium,SUV,Sunny,0,SemiUrban,90.46,230.05,3.4,4.35,None,5.36,60,1538.27
17.13,47.22,2.0,Medium,Mini,Sunny,1,Airport,94.86,60.58,4.88,4.79,Pop,82.31,63,1640.93
9.04,38.03,1.2,Low,Mini,Sunny,0,SemiUrban,100.07,112.06,3.17,3.88,None,59.17,16,667.92
35.19,116.35,1.2,Low,Sedan,Rainy,0,Urban,90.33,242.7,3.05,3.03,Pop,50.49,50,1743.62
7.17,19.64,1.0,Low,Mini,Sunny,0,Urban,115.71,107.61,3.94,3.53,None,74.13,5,466.74
18.77,58.04,1.2,Medium,Sedan,Sunny,0,Urban,107.51,145.28,4.07,3.19,Rock,76.26,18,1190.24
24.62,54.44,1.2,High,Sedan,Sunny,0,SemiUrban,90.81,236.73,3.21,4.68,None,24.63,85,1244.92
27.98,94.72,2.5,Medium,Sedan,Sunny,0,SemiUrban,96.86,157.61,4.89,3.3,Pop,97.58,89,2793.47
15.94,58.12,2.0,High,SUV,Sunny,1,Airport,109.93,242.84,3.18,3.72,Classical,91.16,65,2396.65
34.89,116.27,1.5,Low,Mini,Rainy,0,Urban,90.9,117.56,4.44,3.29,None,21.22,42,1898.38
23.16,84.83,1.0,Medium,Sedan,Rainy,0,SemiUrban,101.31,289.52,3.73,4.03,None,32.8,43,1153.13
18.14,35.67,1.0,Low,Sedan,Rainy,1,SemiUrban,92.9,73.45,3.53,3.39,None,37.51,70,766.93
3.62,12.51,1.2,Low,Sedan,Rainy,0,Urban,101.75,237.86,3.42,4.53,None,78.36,68,665.47
19.12,51.71,1.0,High,Sedan,Sunny,1,SemiUrban,119.04,68.55,3.35,3.98,Pop,33.4,4,911.82
33.01,143.26,1.0,Low,Premium,Foggy,1,Airport,103.65,261.28,4.06,3.99,Classical,66.92,1,1814.49
24.97,81.92,2.0,Low,SUV,Sunny,0,Urban,108.41,84.13,3.09,4.9,Rock,65.79,97,2181.88
33.45,92.8,1.0,Low,Sedan,Sunny,0,Urban,102.25,196.62,4.54,3.64,Rock,56.59,3,1340.52
20.27,70.0,1.0,Medium,Sedan,Sunny,0,Urban,99.45,133.39,3.47,,Rock,62.06,60,917.64
5.62,16.42,1.2,Medium,Sedan,Sunny,0,Urban,108.32,201.18,3.87,4.18,Classical,22.72,58,721.41
,13.42,2.0,Low,SUV,Sunny,0,SemiUrban,108.62,61.96,3.16,3.68,None,15.24,52,934.78
12.83,,1.5,Low,Mini,Rainy,0,Urban,108.46,270.34,3.94,4.66,Pop,33.61,7,1228.68
28.22,121.63,2.5,Low,Sedan,Sunny,1,Airport,90.8,228.55,4.25,4.09,Classical,48.82,80,3354.43
31.82,91.64,1.5,Low,Sedan,Sunny,0,Urban,110.9,136.42,3.1,3.01,Pop,53.34,23,1769.91
12.53,44.18,1.0,High,Sedan,Rainy,1,SemiUrban,110.28,167.63,4.74,3.64,Pop,17.37,80,829.21
20.33,51.38,2.0,High,Mini,Foggy,0,Airport,92.1,206.55,3.6,4.0,None,70.06,65,2201.93
17.42,76.09,1.0,High,Sedan,Rainy,1,Airport,95.7,204.45,3.68,4.56,None,9.71,57,1103.51
17.01,51.9,1.0,High,Sedan,Sunny,0,Airport,105.61,209.93,3.33,4.48,Pop,98.68,66,1196.89
10.02,43.47,1.0,High,Mini,Foggy,0,Airport,,88.73,4.77,4.34,Rock,79.1,75,790.9
6.32,25.91,1.5,High,Sedan,Sunny,1,Urban,107.28,248.3,3.69,4.67,Classical,90.21,1,1081.63
8.67,30.16,2.0,High,Sedan,Sunny,0,Urban,112.81,164.93,3.6,3.43,None,46.33,78,1465.85
,22.65,1.0,High,SUV,Sunny,0,Airport,,250.06,4.44,3.92,Classical,95.39,2,889.72
8.73,24.6,1.2,Medium,Mini,Sunny,0,SemiUrban,103.77,282.13,3.63,4.08,Classical,98.43,96,806.79
1.36,,2.0,Low,Mini,Sunny,1,SemiUrban,97.91,75.82,3.92,4.95,None,47.48,94,666.47
25.46,62.66,1.0,Medium,Mini,Sunny,1,Airport,108.46,139.01,5.0,4.95,Classical,83.7,32,1054.0
13.34,54.55,1.5,Medium,Premium,Sunny,0,SemiUrban,114.82,182.74,,,Classical,67.07,16,1631.69
38.95,92.33,1.2,Medium,SUV,Sunny,0,Airport,97.87,83.73,3.93,3.28,Classical,20.27,43,1836.85
8.55,20.31,1.0,Medium,Sedan,Sunny,1,Airport,113.64,114.79,4.6,4.78,Pop,40.31,91,605.01
14.49,32.76,1.0,Medium,Mini,Sunny,0,Urban,102.53,62.3,3.09,3.05,None,71.66,37,606.64
14.96,52.51,1.0,Low,Sedan,Sunny,1,Urban,93.36,220.34,3.75,3.9,Pop,15.68,30,847.45
1.33,18.26,1.5,Low,Sedan,Rainy,1,Airport,117.32,174.1,4.4,4.0,Rock,32.21,1,1068.07
33.73,77.88,2.0,High,SUV,Sunny,0,Urban,110.45,57.82,4.82,3.29,None,32.85,75,2657.8
2.25,16.35,1.2,Medium,Mini,Sunny,0,SemiUrban,,125.91,4.3,3.74,Rock,41.6,97,493.95
37.67,151.79,1.5,Low,Premium,Sunny,1,Urban,109.65,152.03,4.06,4.34,Pop,0.03,29,2547.62
35.79,102.49,1.5,High,Mini,Sunny,1,Airport,93.71,135.64,3.92,4.4,None,30.21,92,2092.37
21.89,79.32,1.0,Low,Mini,Sunny,1,Airport,106.25,54.56,3.96,4.56,Classical,20.96,93,931.23
22.2,71.46,1.2,Medium,SUV,Sunny,0,Airport,109.01,121.93,3.94,4.15,Rock,93.95,46,1514.84
26.5,79.43,1.2,Low,Sedan,Sunny,0,SemiUrban,97.84,70.29,4.88,3.59,None,83.46,18,1196.21
16.09,41.37,1.0,High,SUV,Sunny,0,Urban,108.93,51.45,4.62,3.02,Classical,52.63,38,1058.99
26.24,90.37,1.0,Medium,SUV,Sunny,1,Urban,107.0,138.31,3.65,4.21,Pop,9.08,11,1256.8
2.75,21.65,2.5,Medium,Sedan,Rainy,0,Urban,90.65,146.62,3.12,4.13,None,94.67,18,1458.79
3.11,17.57,1.2,High,Mini,Sunny,0,Airport,116.48,278.62,4.37,4.27,Pop,39.14,26,886.61
18.83,63.08,1.0,High,Sedan,Rainy,0,SemiUrban,106.02,82.07,4.46,4.86,Classical,76.95,53,973.95
22.44,71.71,1.0,Medium,Sedan,Rainy,0,Airport,107.53,225.1,4.54,3.48,Rock,22.58,61,1228.45
35.62,121.28,1.0,High,SUV,Sunny,0,Urban,94.54,115.89,3.47,4.41,Rock,62.96,23,1580.47
5.08,13.12,1.0,Medium,Sedan,Sunny,1,SemiUrban,114.12,174.39,4.27,3.4,None,43.89,35,466.46
33.08,107.6,1.0,Medium,SUV,Sunny,1,Urban,105.94,157.69,4.28,4.57,None,50.71,10,1399.4
9.19,35.38,1.0,Medium,SUV,Sunny,1,Airport,,171.01,3.22,3.06,None,20.2,58,929.25
16.37,51.31,1.0,Low,Sedan,Sunny,0,Airport,111.03,240.65,4.55,3.54,Rock,87.25,89,950.58
13.35,51.18,1.2,Low,Sedan,Rainy,0,SemiUrban,104.67,54.61,4.18,3.52,None,68.82,23,879.62
16.61,61.83,1.0,High,Sedan,Rainy,0,SemiUrban,100.04,132.29,4.0,4.7,None,40.92,78,887.32
6.87,32.92,1.0,Low,Sedan,Sunny,0,SemiUrban,117.65,135.07,3.08,4.1,Classical,36.64,46,608.77
20.64,72.88,1.0,Medium,Premium,Rainy,0,Urban,114.64,73.69,3.92,3.83,Classical,5.73,57,1299.03
32.26,120.38,1.0,Low,Sedan,Sunny,1,Urban,91.28,52.67,4.7,3.49,None,39.46,58,1350.61
18.22,51.65,1.0,Medium,SUV,Sunny,1,SemiUrban,110.96,229.75,3.74,3.65,Pop,22.71,18,1068.1
20.13,54.14,1.2,Low,Sedan,Rainy,0,Airport,95.16,270.68,4.96,4.44,None,84.16,32,1313.81
34.1,113.47,1.2,High,Sedan,Foggy,0,Airport,90.5,127.74,4.57,4.7,Rock,29.67,7,1727.53
28.54,73.42,1.0,High,Sedan,Rainy,0,SemiUrban,96.56,213.26,4.65,3.18,Rock,58.21,79,1287.31
20.13,69.72,1.5,High,Sedan,Foggy,1,Airport,91.43,298.79,4.18,3.03,None,64.81,44,1777.55
11.05,34.21,1.2,Medium,Sedan,Sunny,1,Airport,109.15,91.06,3.56,4.1,Classical,61.19,33,942.37
35.51,92.73,1.0,High,Mini,Sunny,0,Airport,112.72,119.17,3.8,4.68,None,62.06,14,1393.48
23.5,58.16,1.0,Medium,Mini,Sunny,1,SemiUrban,95.34,254.51,4.24,3.05,Classical,78.74,2,913.22
9.62,36.76,2.5,Medium,Sedan,Rainy,0,Urban,96.28,50.82,4.77,4.16,Pop,44.23,78,1748.61
11.5,51.48,2.5,Low,Mini,Sunny,0,Urban,94.02,198.17,4.45,4.63,None,15.57,53,1677.51
32.32,62.31,1.0,High,Sedan,Sunny,0,Urban,106.87,169.51,3.72,3.23,Classical,49.48,27,1296.75
2.72,7.06,1.0,Low,SUV,Sunny,0,SemiUrban,104.68,230.18,3.52,3.72,None,1.44,71,609.91
39.69,160.17,1.2,Medium,Premium,Rainy,0,Airport,90.18,182.24,4.27,3.2,Rock,72.71,92,2364.16
6.08,8.46,1.2,Medium,Sedan,Rainy,0,Urban,101.09,179.04,3.16,3.08,Rock,9.6,74,776.2
32.05,94.62,1.0,Medium,Mini,Sunny,0,Airport,92.64,227.58,3.75,3.99,Pop,28.27,70,1382.32
16.4,68.91,1.2,Low,Sedan,Sunny,0,Airport,107.37,187.49,,4.33,Pop,35.26,92,1268.12
20.2,62.66,1.0,Medium,Sedan,Sunny,0,SemiUrban,104.21,296.54,4.74,4.84,Pop,85.44,3,1012.71
35.35,75.71,1.0,Medium,Mini,,0,SemiUrban,103.77,224.5,4.31,3.62,Pop,76.92,46,1311.54
,34.98,1.2,Low,Mini,Sunny,0,SemiUrban,112.05,251.71,3.24,3.52,Rock,86.52,94,789.28
21.96,70.66,2.0,Medium,Mini,Rainy,0,SemiUrban,103.78,155.63,4.02,4.25,Rock,99.37,34,1956.05
2.92,33.34,1.0,High,Sedan,Rainy,1,Urban,,289.51,4.58,4.89,Pop,56.75,40,767.25
1.09,,1.5,High,Mini,Sunny,0,Airport,108.98,162.11,3.22,3.37,Pop,14.51,90,895.47
,36.4,1.0,Medium,Mini,Sunny,0,Urban,99.04,136.53,4.14,3.24,Rock,49.75,54,693.72
27.54,77.73,1.0,Low,SUV,Sunny,0,Airport,,284.83,4.52,4.69,Rock,85.13,59,1381.81
5.73,35.33,2.0,Medium,SUV,Sunny,0,Urban,98.44,144.27,3.42,3.27,Rock,29.7,52,1469.31
5.44,9.74,1.2,Medium,Mini,Sunny,0,Airport,117.41,141.4,4.86,3.87,Pop,57.63,50,679.85
17.03,77.72,1.2,High,Mini,Sunny,0,SemiUrban,114.41,189.09,4.1,4.56,None,15.58,36,1104.51
26.27,67.85,1.0,High,Sedan,,0,SemiUrban,117.19,262.36,4.26,3.75,Pop,15.45,3,1225.95
28.77,115.47,1.0,High,Mini,Sunny,1,Airport,95.5,132.53,3.71,4.3,Classical,60.24,44,1392.25
7.96,38.96,1.2,Medium,Sedan,,0,Urban,96.94,257.38,4.55,4.59,Pop,94.47,67,976.78
4.1,15.02,1.0,Medium,Mini,Sunny,0,Airport,115.43,90.74,4.2,,Rock,25.93,67,539.06
37.68,97.95,1.0,Low,Mini,Rainy,0,SemiUrban,118.72,93.15,4.84,3.4,Rock,68.3,44,1218.46
11.17,52.63,1.2,Low,Mini,Sunny,0,SemiUrban,112.6,162.73,3.97,3.45,None,78.38,28,668.02
34.28,84.3,1.0,High,Mini,Sunny,0,SemiUrban,109.14,115.83,4.21,4.97,Pop,25.85,28,1102.73
34.68,82.57,1.0,Medium,SUV,Rainy,0,Urban,114.28,171.09,4.15,4.62,Classical,24.09,26,1490.4
31.13,106.45,1.5,Medium,SUV,Sunny,0,Airport,91.25,53.12,4.16,3.64,Rock,80.43,16,2074.97
7.58,27.32,1.0,Low,SUV,Rainy,0,Urban,115.63,119.18,4.43,3.36,Classical,7.09,11,807.68
33.05,119.85,1.2,Low,Sedan,Rainy,0,SemiUrban,98.43,286.89,3.21,3.56,None,32.55,32,1634.21
31.0,,2.0,Medium,Sedan,Sunny,1,SemiUrban,91.7,269.82,4.21,4.64,Classical,52.36,26,2655.46
24.27,86.66,1.0,High,Mini,Sunny,0,Urban,,57.18,3.84,4.19,None,26.91,7,1054.3
14.15,31.38,1.0,Low,Sedan,Sunny,0,Airport,112.58,251.08,3.9,4.38,Classical,10.2,46,951.82
11.24,38.74,1.2,Low,SUV,Sunny,1,Urban,108.82,160.97,3.87,4.31,Classical,89.75,35,949.73
5.75,21.33,1.2,Medium,Mini,Sunny,1,SemiUrban,100.5,254.21,3.22,4.71,Pop,45.22,45,671.89
,68.27,1.2,Low,Sedan,Rainy,0,Airport,93.52,120.02,3.03,4.98,Classical,16.38,34,1245.01
23.83,76.78,1.0,Low,Mini,Sunny,1,Airport,113.07,187.55,3.21,4.26,None,97.13,28,1065.25
15.01,64.6,1.0,Low,SUV,Sunny,0,Airport,91.42,296.53,3.87,4.21,Rock,90.54,59,988.95
19.54,80.67,1.0,Medium,Sedan,Sunny,1,SemiUrban,112.79,131.71,3.76,3.22,Rock,27.5,69,894.88
15.18,48.2,1.5,Medium,SUV,Sunny,0,SemiUrban,118.72,271.18,3.28,4.84,None,3.74,76,1501.14
26.0,75.77,1.0,High,Mini,Sunny,1,SemiUrban,119.9,269.31,4.45,3.13,Classical,32.41,91,1109.54
36.15,105.54,1.5,Medium,SUV,Rainy,0,SemiUrban,101.89,88.51,4.43,4.36,Rock,10.26,17,2253.03
7.39,29.45,1.5,Medium,Mini,Foggy,0,Urban,93.26,110.89,4.82,4.49,Pop,43.78,87,827.66
15.87,58.66,1.0,Low,Mini,Sunny,1,Airport,92.84,81.99,4.7,3.66,None,56.51,25,775.36
6.49,10.56,1.0,Medium,Mini,Rainy,1,Urban,104.75,122.01,4.66,3.21,None,5.98,13,672.17
25.37,80.26,1.0,Medium,Mini,Rainy,0,SemiUrban,113.75,180.96,4.6,3.85,Classical,97.8,8,1118.9
29.43,92.75,1.2,Low,Mini,Sunny,0,SemiUrban,91.44,282.02,4.76,3.48,None,49.73,82,1328.14
37.34,118.07,1.5,Medium,Sedan,Sunny,0,Airport,95.05,149.15,4.03,4.19,Rock,65.35,80,2190.61
11.88,36.29,1.0,Low,SUV,Foggy,1,Airport,107.66,296.97,3.16,3.07,Classical,26.48,77,1020.59
,142.28,1.0,Medium,SUV,Foggy,0,SemiUrban,92.56,149.81,4.13,3.1,None,59.95,6,1547.21
3.47,16.15,1.0,Medium,Sedan,Sunny,0,SemiUrban,116.35,197.26,4.69,4.15,None,47.89,24,469.27
24.52,67.99,1.0,Medium,Mini,Rainy,1,Airport,105.09,291.19,,3.28,Pop,85.59,92,1120.09
3.23,,1.2,High,Mini,Rainy,0,SemiUrban,101.61,200.4,4.64,3.72,Pop,21.64,90,734.66
35.86,134.54,1.2,High,Sedan,Rainy,1,Urban,90.4,146.73,3.28,4.75,None,0.31,55,1820.12
21.66,81.83,1.0,High,SUV,Rainy,1,Urban,93.39,181.38,3.05,3.05,Rock,17.99,15,1340.09
27.1,73.77,1.2,High,Sedan,Rainy,0,Airport,114.83,185.94,4.4,3.3,Classical,22.55,32,1641.24
33.43,135.89,1.0,Low,Sedan,Sunny,0,Urban,110.97,76.26,4.29,4.81,None,43.93,64,1361.09
6.86,16.41,1.0,Low,Mini,Rainy,0,SemiUrban,90.61,151.16,4.76,3.76,Pop,37.66,53,574.05
2.51,9.43,1.0,Low,Sedan,Sunny,0,Airport,119.22,181.59,4.33,3.73,None,27.47,45,709.61
35.28,94.49,1.2,Low,Sedan,Rainy,0,SemiUrban,100.6,244.82,3.53,,Classical,29.01,33,1628.71
13.28,32.25,1.0,Low,Sedan,,0,SemiUrban,108.19,51.51,4.84,3.88,Rock,20.51,26,655.49
6.03,30.8,1.0,High,Mini,Rainy,1,Airport,111.68,253.47,4.81,4.55,Classical,7.66,43,863.23
19.27,54.06,1.0,Medium,Mini,Foggy,0,SemiUrban,118.7,117.55,,3.56,Classical,77.5,36,729.5
24.33,64.05,1.0,Medium,SUV,Sunny,0,Urban,116.71,228.85,,3.3,Pop,3.49,11,1229.5
2.21,10.03,1.0,Low,Sedan,Sunny,0,SemiUrban,107.92,243.09,4.74,4.11,Classical,62.62,36,420.8
11.72,35.18,1.0,Medium,Sedan,Rainy,0,Urban,94.18,264.91,3.48,3.94,None,86.19,28,796.63
2.28,14.71,1.0,High,Mini,Rainy,1,SemiUrban,115.35,287.96,4.17,3.72,Pop,37.52,14,710.0
17.39,41.34,1.0,Low,Sedan,Rainy,0,Airport,114.5,275.0,3.54,3.76,Rock,60.46,31,1008.99
35.91,,1.0,High,Mini,Sunny,0,SemiUrban,109.17,208.3,3.65,4.82,None,62.61,54,1342.7
39.32,84.48,1.2,Low,Mini,Sunny,0,Airport,119.68,231.36,4.65,4.59,Rock,12.06,66,1769.36
25.84,102.17,1.5,High,Sedan,Sunny,0,Airport,105.85,225.53,4.42,3.4,None,22.2,76,2050.61
7.3,11.96,1.2,Low,Sedan,Sunny,1,SemiUrban,96.41,179.47,4.85,3.89,Classical,20.88,44,679.04
36.33,131.08,1.0,Medium,Mini,Rainy,1,Urban,97.61,242.15,4.56,4.51,Rock,11.14,17,1409.61
21.13,74.68,1.0,High,Mini,,0,SemiUrban,102.2,163.24,3.58,4.04,Rock,66.3,93,1050.19
7.0,33.65,1.0,Medium,Sedan,Foggy,1,Urban,102.68,254.99,,4.87,Rock,46.1,73,807.56
36.95,124.99,1.0,Medium,Mini,Sunny,0,SemiUrban,114.93,235.95,3.15,,Pop,37.34,1,1330.11
30.54,86.01,1.0,Medium,Mini,Rainy,0,Urban,116.61,172.45,3.16,3.28,None,86.5,65,1198.4
29.54,,1.0,Low,SUV,Rainy,1,Airport,101.48,178.53,3.55,3.8,None,94.79,64,1428.95
28.66,98.48,2.0,Low,Sedan,Sunny,0,Urban,118.36,210.28,4.61,,Rock,49.03,6,2392.27
8.81,33.64,1.0,Low,SUV,Sunny,1,Airport,117.84,133.27,4.85,3.8,Pop,84.37,83,811.17
9.23,32.99,2.0,Low,Sedan,Rainy,1,Airport,102.32,189.01,4.29,4.02,Pop,91.44,54,1660.91
27.84,93.33,2.0,High,Mini,Sunny,1,SemiUrban,116.04,274.98,4.86,4.63,None,31.05,90,2413.3
9.57,23.08,1.5,High,SUV,Sunny,0,Airport,93.38,127.76,4.2,3.04,Rock,2.19,22,1269.59
18.11,61.54,2.0,Low,Mini,Sunny,0,Airport,105.34,222.35,4.86,3.16,None,72.55,65,1862.99
31.5,104.38,1.0,High,Sedan,Rainy,1,SemiUrban,111.38,59.96,3.85,3.53,Classical,29.86,4,1287.94
31.57,96.24,1.0,Low,Mini,Rainy,0,Urban,100.37,82.05,4.94,4.53,Classical,2.34,16,1222.44
18.68,71.6,1.0,Low,Sedan,Rainy,0,SemiUrban,90.69,271.25,3.42,3.55,None,40.04,88,968.2
31.9,103.76,1.0,Medium,SUV,Rainy,0,Urban,91.66,275.83,3.46,3.83,Classical,48.2,47,1467.48
33.71,74.1,1.0,Low,Sedan,Foggy,0,Urban,116.84,192.19,3.49,3.69,Rock,39.42,81,1281.43
26.54,69.26,1.5,Low,Sedan,Rainy,1,SemiUrban,105.55,199.24,3.34,4.6,None,27.6,78,1773.65
9.91,44.03,1.0,Medium,Premium,Sunny,0,Airport,94.57,152.42,4.02,4.21,Classical,85.78,28,1136.03
,19.66,1.0,High,Mini,Foggy,0,Urban,117.06,199.18,4.09,3.43,Classical,50.89,20,822.32
,47.47,1.2,Medium,Mini,,0,Airport,118.27,268.93,4.56,4.77,Classical,79.01,15,1077.95
5.56,20.7,1.0,Low,SUV,Rainy,1,Urban,99.78,88.64,3.61,3.02,Pop,33.71,82,671.89
11.65,32.79,1.0,Low,Sedan,Foggy,1,SemiUrban,107.58,175.14,4.82,3.84,Classical,30.34,97,754.78
9.17,26.67,1.0,Medium,Sedan,,0,Urban,99.77,269.03,4.67,4.59,None,80.1,21,718.69
18.76,60.33,1.5,Medium,Sedan,,0,Airport,111.76,67.75,4.5,3.92,None,90.83,34,1589.05
36.43,126.63,1.2,High,Mini,Foggy,0,Airport,118.44,100.3,4.96,,Rock,72.85,44,1790.94
5.07,24.44,1.2,High,Mini,Rainy,0,Airport,90.84,178.21,3.05,,Pop,33.9,9,918.21
29.09,102.9,1.0,High,Mini,Rainy,0,SemiUrban,104.13,204.36,4.98,4.34,Classical,93.99,74,1231.45
27.8,85.43,2.0,Medium,Mini,Sunny,0,SemiUrban,113.97,226.79,3.47,4.08,None,74.67,4,2296.05
4.73,12.86,1.0,Medium,Sedan,Sunny,0,Airport,110.68,96.24,3.08,4.85,Rock,61.24,94,644.04
36.98,140.44,1.5,Medium,Mini,Rainy,1,SemiUrban,95.47,199.46,3.9,4.82,None,51.91,38,2180.84
23.17,88.41,2.5,Medium,Sedan,Sunny,0,SemiUrban,101.77,135.84,4.37,3.69,None,63.43,81,2568.45
15.19,47.25,1.2,Low,Mini,Rainy,0,SemiUrban,104.05,129.1,3.59,3.7,Pop,4.22,44,855.06
30.51,85.58,1.2,Medium,Mini,Sunny,1,SemiUrban,112.35,65.72,3.9,3.59,None,65.14,57,1245.03
11.04,,1.0,Low,Mini,Sunny,0,SemiUrban,103.77,81.0,3.47,3.57,Pop,28.78,23,577.09
28.05,91.84,1.0,High,Sedan,Sunny,1,SemiUrban,99.42,249.74,3.0,3.29,Pop,40.69,69,1302.38
,14.16,2.0,Low,Mini,Sunny,0,SemiUrban,102.45,164.2,4.79,4.28,None,57.94,99,705.13
33.74,117.21,1.0,High,Sedan,Sunny,0,SemiUrban,119.01,237.27,3.72,3.6,None,30.05,24,1422.93
,85.09,2.0,Low,Mini,Rainy,0,SemiUrban,91.4,254.4,3.29,3.9,None,19.82,25,2018.75
25.83,92.65,1.2,Medium,Mini,Sunny,0,Urban,100.01,248.34,3.77,3.95,Rock,21.08,23,1286.49
9.63,24.46,1.0,Low,SUV,,0,Airport,95.94,295.3,3.03,4.34,Classical,97.08,98,835.62
27.41,63.44,1.2,Medium,Mini,Sunny,1,SemiUrban,102.02,114.82,3.16,4.65,Rock,15.3,79,1153.64
31.12,130.32,1.0,Low,Premium,Rainy,1,Urban,107.57,68.19,4.11,4.94,Classical,74.67,11,1503.22
19.46,,1.0,Medium,Premium,Sunny,0,Urban,95.83,180.66,3.45,3.88,Classical,93.54,56,1244.73
25.09,100.54,1.0,Low,Sedan,Rainy,1,Urban,102.79,290.83,4.31,4.71,Pop,89.42,35,1205.29
18.8,46.57,1.0,Medium,Sedan,Sunny,0,Urban,114.84,100.55,3.9,4.07,Rock,53.89,55,836.43
35.87,81.72,2.0,High,SUV,Foggy,1,Urban,109.26,185.97,3.14,4.87,Rock,37.08,55,3051.43
,57.1,1.0,Medium,SUV,Sunny,1,Airport,110.38,152.4,4.06,4.52,Rock,47.66,74,1176.19
33.83,83.91,1.2,Low,Sedan,Sunny,0,Urban,118.21,205.93,4.27,4.37,Rock,2.15,3,1496.33
32.25,112.41,1.0,Medium,Mini,Sunny,0,Airport,102.27,159.05,4.12,3.84,None,67.15,91,1297.21
17.01,75.14,1.5,High,Mini,Rainy,0,Urban,119.94,297.12,3.51,3.61,Pop,60.78,55,1644.02
9.97,43.13,1.2,Medium,Mini,Foggy,1,Airport,101.46,244.83,3.06,,Classical,42.85,10,912.39
16.84,73.18,1.0,Low,Mini,Rainy,0,Airport,95.48,243.24,3.84,4.16,Pop,97.52,10,1082.25
33.22,88.83,2.0,Low,Mini,Rainy,0,Urban,114.22,141.73,4.32,3.16,Rock,17.32,1,2425.86
9.88,39.95,2.0,Medium,Sedan,Sunny,0,SemiUrban,105.3,241.31,3.14,3.87,None,58.18,73,1475.6
21.45,82.49,1.2,Low,Sedan,Sunny,0,Airport,100.35,180.44,4.83,3.29,Classical,55.86,27,1333.26
32.44,103.74,2.0,Medium,Sedan,Foggy,0,SemiUrban,97.39,264.32,3.68,3.06,Classical,10.77,31,2663.97
14.79,49.73,1.2,Medium,Mini,Rainy,1,SemiUrban,114.64,245.55,3.69,4.98,Rock,47.4,7,1033.42
26.05,87.7,1.5,Low,Mini,Sunny,1,Urban,106.92,217.54,3.67,4.08,None,4.81,81,1566.45
10.58,,1.0,Medium,Sedan,Rainy,0,SemiUrban,108.73,110.29,4.8,4.62,Pop,42.48,39,723.45
5.26,18.83,1.0,High,Sedan,Sunny,1,Airport,103.87,193.43,,3.9,Rock,1.8,83,747.46
31.98,116.35,2.5,Low,Sedan,Rainy,0,Urban,96.43,273.27,4.78,4.27,Classical,14.96,3,3569.49
4.86,31.36,1.0,Low,Mini,Rainy,0,SemiUrban,100.13,205.99,4.58,4.98,Classical,46.09,34,578.54
11.58,21.17,1.0,Medium,SUV,Sunny,0,SemiUrban,93.86,257.95,3.52,4.31,Pop,74.65,77,834.68
34.35,121.35,1.0,Low,Sedan,Sunny,0,Urban,100.24,183.41,4.48,3.33,Rock,50.62,80,1284.72
14.51,41.3,1.0,High,Sedan,Rainy,1,Urban,117.38,260.72,3.58,4.57,Rock,53.08,93,1050.84
38.95,127.19,1.0,High,Mini,Sunny,0,Urban,107.25,195.89,3.75,4.86,Classical,37.99,54,1427.84
39.21,130.52,1.2,High,SUV,,0,SemiUrban,91.39,262.81,3.29,3.64,None,60.43,4,2027.06
11.46,37.93,2.5,Medium,Mini,Sunny,0,Urban,112.92,168.21,4.06,3.45,Classical,82.05,80,1722.0
2.6,1.14,1.0,Medium,Mini,Sunny,0,Urban,113.03,216.62,4.61,3.53,Classical,90.78,83,374.65
28.5,84.54,1.5,High,SUV,Sunny,1,Urban,112.78,64.34,4.36,3.33,Pop,99.38,91,1891.77
18.59,62.71,1.0,Low,Sedan,Rainy,1,Airport,108.5,159.46,3.76,3.42,Pop,75.21,39,1097.65
4.93,34.71,1.0,Low,Mini,Foggy,1,Airport,90.95,84.85,4.34,4.38,Rock,11.41,33,570.76
28.59,109.36,1.2,Low,SUV,Rainy,0,Urban,101.48,107.57,4.27,3.74,Pop,14.65,80,1613.83
2.22,5.86,2.0,High,Sedan,Sunny,0,Airport,99.76,185.33,4.08,4.77,None,49.82,46,1353.93
,81.56,1.0,Medium,SUV,Rainy,0,SemiUrban,90.63,185.17,3.54,3.72,Classical,67.53,22,1365.47
6.41,40.49,1.0,Medium,SUV,Rainy,0,Urban,92.57,249.84,3.06,4.84,Pop,12.82,24,942.26
5.97,9.54,1.0,Medium,Mini,Rainy,1,SemiUrban,102.61,168.76,3.08,3.27,Classical,39.81,47,497.34
7.85,29.33,2.0,Medium,Sedan,Sunny,0,Urban,,286.08,4.9,3.07,Classical,58.29,79,1497.24
,151.98,1.0,Low,Mini,Sunny,0,SemiUrban,118.85,133.74,4.74,4.57,Pop,20.03,75,1307.77
28.03,103.09,1.0,Medium,Sedan,Sunny,0,Airport,112.3,164.76,3.47,4.54,None,69.91,89,1332.19
32.25,86.78,2.0,Medium,Mini,Foggy,1,Urban,96.77,242.6,3.39,4.4,Pop,33.87,8,2473.2
16.51,64.18,1.2,Medium,Sedan,Sunny,0,Urban,117.65,214.28,3.61,3.84,Rock,27.14,80,1038.86
14.12,72.81,2.0,Medium,SUV,Rainy,0,Airport,119.34,91.7,4.14,3.4,Pop,7.3,61,2233.18
10.14,35.34,2.0,Medium,Premium,Rainy,0,SemiUrban,102.91,179.75,3.03,3.46,Classical,68.25,51,2072.65
19.75,62.61,1.2,High,Mini,Rainy,1,Urban,105.66,68.95,4.78,4.6,Classical,21.69,63,1131.36
22.52,72.56,1.2,Medium,Mini,Sunny,1,Airport,100.38,87.33,4.55,4.88,None,11.88,81,1173.68
25.64,59.36,1.0,Medium,Mini,Sunny,0,Airport,115.56,76.14,4.06,4.9,Rock,30.35,39,1122.5
11.03,53.52,2.5,Medium,Mini,Rainy,0,Airport,98.93,73.76,4.73,3.75,Classical,72.95,35,1985.91
38.0,148.95,1.0,High,Sedan,Rainy,0,Airport,93.26,86.59,4.1,4.3,None,28.29,65,1586.11
7.62,41.75,1.5,Medium,SUV,Sunny,0,SemiUrban,103.68,272.61,3.18,3.62,Classical,3.01,22,5203.92
38.66,135.12,1.0,Low,Mini,Sunny,1,Urban,95.09,222.02,4.12,4.71,Pop,60.85,28,1413.46
1.58,13.96,1.0,Low,Sedan,Sunny,1,Urban,102.93,218.87,3.96,4.19,None,58.04,47,517.31
19.76,56.54,1.0,Low,Sedan,Sunny,0,Airport,107.56,273.97,4.39,4.72,None,86.85,22,1067.76
14.0,43.61,1.2,Low,Mini,Sunny,0,Airport,114.08,224.45,,4.49,None,16.54,56,1000.76
18.52,61.7,1.0,Medium,Mini,Sunny,1,Airport,110.76,202.22,3.72,3.49,Pop,94.85,2,931.44
23.26,100.19,1.0,High,SUV,Foggy,0,Urban,112.16,236.33,4.88,3.06,Classical,5.01,70,1382.53
17.99,82.26,1.0,Medium,Mini,Foggy,0,Urban,107.72,224.46,4.84,4.97,Rock,56.82,79,916.33
17.18,56.08,1.0,Low,Sedan,Sunny,0,Urban,92.44,200.21,4.8,3.91,Classical,78.07,30,869.15
29.58,111.02,1.2,Low,Mini,Rainy,0,Airport,116.4,76.91,3.83,3.55,Rock,76.32,86,1454.67
27.75,108.9,1.0,Medium,Sedan,Rainy,1,SemiUrban,110.94,67.55,4.5,4.62,Classical,65.74,13,1141.98
33.5,69.24,1.0,Medium,Mini,Rainy,0,Urban,113.7,91.22,4.88,3.34,Classical,96.28,93,1291.84
10.75,38.11,1.2,High,Mini,Sunny,0,SemiUrban,118.23,205.33,4.93,4.01,Classical,42.89,38,789.71
24.77,88.43,1.5,High,Mini,Sunny,0,Urban,119.04,180.48,3.49,3.84,Classical,65.8,85,1674.93
23.82,83.42,1.2,High,Mini,Sunny,0,Airport,118.9,186.64,3.43,3.25,Classical,12.19,50,1447.5
15.42,21.33,2.5,Medium,Premium,Foggy,1,Airport,98.09,146.4,4.0,,Pop,35.55,53,2942.07
19.96,70.61,1.0,Medium,Sedan,Rainy,0,Urban,115.55,255.73,4.74,4.77,Rock,11.76,30,1046.14
13.24,43.88,1.5,Low,SUV,Sunny,0,Airport,118.76,235.54,,4.86,None,56.8,81,1452.73
6.53,30.41,1.2,Low,SUV,Sunny,0,Airport,111.19,62.86,4.58,4.11,Classical,88.33,47,917.23
9.34,38.97,1.2,Low,Mini,Sunny,0,Urban,111.48,100.07,3.95,3.03,None,35.8,94,698.66
5.12,38.67,1.2,Low,SUV,Sunny,0,SemiUrban,116.53,186.43,4.5,3.77,Pop,69.6,34,830.27
27.64,106.14,1.0,Low,Sedan,,0,SemiUrban,98.63,97.82,3.53,4.1,Rock,25.15,56,1132.16
26.77,93.16,1.0,High,Sedan,Rainy,1,Airport,95.76,85.29,4.65,4.94,Rock,55.63,37,1355.88
38.07,105.49,1.2,Medium,SUV,Sunny,0,Airport,103.11,52.38,4.59,3.89,Rock,14.47,94,1874.78
29.46,78.51,1.0,High,Mini,Sunny,1,SemiUrban,118.5,295.74,3.45,3.7,Rock,1.0,96,1225.78
3.03,3.62,1.2,High,Mini,Foggy,0,Urban,91.81,107.83,4.75,4.85,Rock,99.07,36,589.35
35.49,91.07,1.5,High,Mini,Rainy,1,Urban,103.28,155.61,3.24,3.88,Classical,83.93,98,2060.88
34.64,140.59,1.0,High,SUV,Sunny,0,SemiUrban,110.72,206.73,4.54,4.91,Pop,63.06,7,1565.72
18.29,65.44,1.0,Medium,Mini,Foggy,0,Airport,109.54,111.56,4.7,,Rock,26.61,81,1006.29
23.85,56.29,1.0,Medium,Premium,Foggy,1,Urban,114.3,253.49,4.66,4.49,Rock,74.5,49,1404.24
39.07,115.4,1.0,Medium,Mini,Sunny,0,SemiUrban,98.09,198.13,3.49,4.69,Pop,10.21,40,1331.77
21.76,75.51,1.0,High,Sedan,Sunny,0,SemiUrban,97.02,221.2,3.16,4.77,Rock,63.26,91,1044.87
36.31,108.36,1.0,High,Sedan,,0,Airport,114.82,88.42,3.06,3.59,Pop,80.38,43,1504.44
4.24,6.29,1.0,High,SUV,Foggy,0,SemiUrban,,230.65,3.05,4.97,Pop,67.31,29,752.03
8.45,37.75,1.0,Medium,Mini,Rainy,0,SemiUrban,97.46,63.24,4.02,4.49,Classical,76.12,48,557.1
18.19,56.67,1.0,Medium,Mini,Sunny,1,Airport,103.21,130.24,3.4,3.3,Rock,7.4,37,878.66
23.81,68.29,2.5,High,SUV,Sunny,0,Urban,103.55,157.64,4.74,4.52,None,3.98,70,3026.73
32.83,78.1,2.5,High,Premium,Rainy,0,SemiUrban,105.4,73.78,3.33,4.67,None,43.16,56,3853.13
39.54,138.02,1.0,Medium,Mini,Sunny,0,Airport,115.09,189.81,4.34,3.36,None,79.16,25,1560.69
16.17,28.89,1.0,Medium,Sedan,Rainy,0,Airport,108.1,135.23,4.84,3.34,Classical,30.05,79,925.29
2.85,27.04,1.2,High,Mini,Sunny,0,Urban,105.55,83.82,4.93,,Pop,73.88,53,589.17
,98.83,1.0,Medium,Sedan,Sunny,0,SemiUrban,98.68,121.37,4.72,3.99,Classical,7.18,87,1312.43
24.57,84.35,1.2,High,SUV,Sunny,0,SemiUrban,91.21,195.06,3.41,4.43,Classical,65.54,52,1500.03
8.74,23.12,1.0,Low,SUV,Foggy,0,SemiUrban,,106.33,4.06,3.76,Classical,92.39,24,734.9
20.3,49.46,1.0,Medium,Sedan,Foggy,0,SemiUrban,111.49,167.57,3.37,3.12,Rock,46.02,43,948.16
29.95,83.35,1.5,Medium,Mini,Foggy,0,SemiUrban,92.23,222.6,4.2,3.72,Classical,5.74,97,1734.24
31.05,92.29,1.5,Medium,Sedan,Foggy,1,Urban,98.93,202.83,3.48,4.4,Classical,72.1,85,1935.35
20.49,58.81,2.5,Low,SUV,Sunny,1,SemiUrban,109.41,241.02,3.66,3.2,Classical,88.37,35,2624.18
12.9,24.93,1.0,Low,SUV,Rainy,0,Airport,96.27,222.99,4.1,4.11,None,36.28,94,933.76
38.98,80.97,2.0,High,Sedan,,0,SemiUrban,,171.1,3.24,4.21,Classical,37.2,40,2712.23
26.87,77.09,1.2,Low,Mini,Rainy,0,Urban,106.51,179.92,3.71,4.3,Pop,33.03,30,1277.68
16.92,47.35,1.2,Low,Mini,Sunny,1,Urban,,116.18,3.68,3.69,Pop,10.63,90,820.62
11.94,39.87,2.0,Medium,SUV,Sunny,0,SemiUrban,114.83,283.01,4.17,4.85,None,30.62,48,1826.08
29.51,84.16,2.0,Medium,Sedan,,0,SemiUrban,118.52,275.48,4.14,4.99,Rock,42.46,95,2550.8
10.45,34.04,1.5,High,Sedan,Sunny,1,Airport,107.63,254.1,3.78,4.67,Rock,41.84,87,1334.38
7.7,33.89,1.0,Medium,Mini,Rainy,1,Airport,111.39,87.26,4.73,3.22,Pop,20.62,34,737.18
21.66,83.21,1.2,Medium,Mini,Rainy,0,SemiUrban,119.5,243.08,4.29,3.54,Pop,55.55,47,1305.86
12.31,59.11,1.2,Medium,Premium,Rainy,0,Urban,96.78,281.88,4.61,3.4,Rock,54.05,25,1484.86
25.53,102.09,1.5,High,SUV,Sunny,0,Airport,117.15,277.45,4.14,3.11,Rock,38.18,74,2231.67
5.6,22.67,1.2,Low,Sedan,Rainy,1,SemiUrban,106.78,276.26,3.76,4.79,None,93.49,61,835.6
26.54,89.18,1.0,Low,Sedan,Rainy,0,Urban,95.63,218.49,,3.38,None,96.55,12,1231.22
12.05,38.62,1.0,High,SUV,Sunny,1,Urban,98.68,112.55,3.41,3.75,Classical,67.96,71,872.42
1.01,4.25,1.0,Medium,Mini,Sunny,1,Airport,110.64,196.39,4.67,3.75,Rock,28.5,93,548.98
5.95,20.63,2.0,Medium,SUV,Rainy,1,Urban,117.66,120.96,4.69,4.55,Classical,93.83,31,1587.22
37.41,139.46,1.0,Low,Mini,Rainy,0,SemiUrban,93.57,250.2,3.22,3.9,Classical,72.12,34,1486.45
34.83,102.69,1.2,Medium,SUV,Sunny,1,SemiUrban,,93.04,4.66,3.74,Pop,44.07,80,1650.72
10.11,,2.0,Low,Sedan,Sunny,0,SemiUrban,,104.1,4.64,3.53,Classical,87.9,83,1221.73
31.36,105.57,1.0,Low,Sedan,Sunny,1,SemiUrban,99.65,116.27,4.21,,None,15.42,13,1137.31
24.73,72.05,1.5,Medium,Sedan,Sunny,0,Urban,95.4,198.57,4.49,3.23,Pop,66.51,25,1682.58
38.87,125.03,1.5,High,Mini,Sunny,1,Urban,116.64,196.99,4.84,4.23,None,27.8,32,2245.25
15.57,51.62,1.0,Low,Mini,Sunny,0,SemiUrban,100.93,187.32,3.97,4.65,None,55.12,25,708.34
27.58,69.7,1.0,Low,Sedan,Sunny,0,Urban,103.3,86.32,4.55,4.85,None,29.04,74,999.23
3.48,3.95,1.2,Low,Sedan,Sunny,1,SemiUrban,96.22,165.86,4.92,4.26,None,57.96,47,536.63
16.45,76.41,1.0,Medium,Mini,Rainy,0,SemiUrban,108.24,282.12,3.76,4.64,Pop,43.0,52,914.53
38.59,147.34,1.2,Medium,Mini,Sunny,0,Airport,103.21,284.56,3.89,3.45,Rock,58.3,82,1927.13
22.02,49.36,1.2,Low,Mini,Sunny,0,SemiUrban,95.79,170.12,,4.03,None,7.62,58,1023.87
12.23,33.3,1.0,High,Sedan,,0,Urban,99.31,115.6,,3.57,Classical,0.32,23,822.28
5.69,17.1,1.0,Low,SUV,Sunny,0,Urban,101.74,298.17,3.52,5.0,Pop,78.34,34,742.71
28.44,,1.0,Low,Mini,Sunny,1,Urban,92.31,104.99,4.22,3.75,Rock,27.51,48,1000.0
26.15,89.73,1.0,Low,Mini,Sunny,0,SemiUrban,91.56,260.23,4.52,3.45,Classical,69.52,2,1047.19
15.58,37.23,1.2,Low,Sedan,Foggy,0,Airport,119.77,123.67,3.01,4.54,Pop,3.9,28,1041.35
38.09,80.82,1.2,Low,Sedan,Sunny,0,Airport,117.83,277.48,3.4,3.92,None,66.16,59,1755.96
1.87,20.08,1.0,Low,Sedan,Sunny,0,SemiUrban,107.79,79.73,4.99,3.25,None,71.58,8,462.25
12.85,38.1,1.5,Medium,Mini,Sunny,1,Airport,97.34,129.07,4.72,4.58,Pop,70.83,37,1137.21
36.92,97.85,1.0,Low,Sedan,Sunny,0,SemiUrban,96.97,210.75,4.99,3.96,None,85.08,5,1361.25
13.52,58.75,2.0,Low,Mini,Rainy,0,SemiUrban,103.22,73.67,4.28,4.58,Classical,86.32,29,1365.65
10.84,44.94,1.0,Low,Mini,Sunny,0,Urban,101.58,147.93,4.01,4.5,Rock,20.04,18,642.06
21.83,82.13,1.0,Low,Sedan,Sunny,1,Urban,111.99,148.42,3.06,4.14,Rock,57.87,50,1078.89
33.13,125.52,1.5,Low,SUV,,0,Airport,102.21,177.8,3.69,4.44,Classical,2.06,59,2286.22
5.02,19.63,1.2,Low,Mini,Sunny,1,SemiUrban,118.66,50.91,3.83,4.71,None,8.86,53,484.37
37.78,88.83,1.0,High,Sedan,Rainy,1,SemiUrban,97.59,212.82,3.26,3.9,Classical,41.89,19,1488.8
32.01,82.56,1.0,Medium,Mini,Sunny,1,Airport,90.8,152.34,3.79,4.91,None,3.84,53,1221.84
8.07,19.47,1.0,Medium,SUV,,1,SemiUrban,108.1,110.52,3.45,3.36,None,34.59,83,717.64
28.77,109.89,1.0,High,Mini,,0,SemiUrban,119.64,101.56,3.88,4.94,Classical,63.96,67,1152.16
16.01,36.96,1.0,Medium,Mini,Sunny,0,SemiUrban,115.54,243.76,4.18,3.47,Classical,81.54,49,732.91
16.69,51.44,1.2,Medium,SUV,Foggy,0,Urban,90.16,121.58,4.33,4.01,None,43.54,6,1207.85
31.55,118.52,2.0,Medium,Sedan,Sunny,0,SemiUrban,107.26,219.32,4.08,3.94,Classical,48.54,91,2680.76
38.55,,1.5,Medium,Sedan,Sunny,0,Airport,103.61,52.46,3.07,3.12,Pop,0.61,8,2330.34
5.94,23.54,1.0,High,SUV,Sunny,0,SemiUrban,,292.57,4.83,3.38,Classical,86.64,10,870.27
,64.2,2.0,Low,Sedan,Sunny,0,SemiUrban,97.58,70.1,4.65,4.66,Pop,98.41,37,1560.07
19.76,68.95,1.2,Low,Sedan,,0,Airport,97.31,151.13,4.21,3.55,Pop,45.1,9,1166.21
15.68,46.44,1.0,Low,Mini,Rainy,1,Urban,99.5,216.91,4.71,3.01,Rock,30.36,83,775.41
15.16,39.67,1.5,High,SUV,,0,Airport,97.38,206.07,4.74,4.65,Rock,17.59,49,1756.9
3.04,14.14,1.0,Medium,Mini,Rainy,0,Airport,90.66,273.13,3.46,4.9,Classical,72.47,97,631.88
27.74,79.23,1.0,High,SUV,Sunny,0,SemiUrban,108.85,292.43,3.53,4.06,Classical,41.13,61,1475.45
18.01,37.27,1.0,Medium,Sedan,Rainy,1,Airport,108.38,229.94,3.14,4.2,None,33.84,99,1123.66
8.6,35.57,1.2,Medium,Sedan,Sunny,0,Urban,115.55,209.69,4.11,3.23,Pop,59.05,95,858.47
32.83,117.99,1.0,Medium,Mini,Foggy,0,Airport,110.93,74.59,4.43,4.89,Pop,81.13,80,1400.48
32.3,125.72,1.5,Medium,Mini,Sunny,0,SemiUrban,109.23,160.16,3.22,3.42,Rock,70.88,62,1834.22
19.97,70.25,1.2,Medium,Sedan,Sunny,0,SemiUrban,96.96,96.75,3.94,4.1,Pop,81.11,14,1068.76
12.64,19.18,1.0,Low,SUV,Sunny,0,Airport,112.2,144.91,4.63,4.93,Classical,53.1,84,838.17
,110.23,1.0,Medium,Sedan,Sunny,1,Urban,115.66,85.34,4.33,3.9,None,57.58,34,1125.88
12.24,50.99,1.5,Low,Sedan,Sunny,0,Airport,103.32,246.34,4.13,,Rock,1.31,60,1364.43
10.2,37.32,1.2,Medium,Premium,Sunny,0,SemiUrban,106.22,178.28,,3.43,Pop,43.06,55,1148.06
29.49,87.1,1.0,Medium,Premium,Sunny,0,Airport,113.53,77.64,3.74,3.14,None,80.32,48,1472.98
2.57,-1.44,1.5,High,Sedan,Rainy,0,Urban,103.97,180.2,3.87,3.81,Rock,62.07,8,900.39
4.7,18.27,1.0,High,Mini,Sunny,1,Urban,,132.35,3.58,4.18,Pop,69.15,5,554.28
1.26,12.41,1.0,Medium,Sedan,Sunny,1,Airport,96.44,175.34,4.35,,Classical,14.88,71,598.82
,2.88,1.2,Low,SUV,Rainy,0,Airport,107.53,114.21,4.29,3.69,Pop,91.42,65,920.77
3.69,28.21,1.2,High,Sedan,Sunny,0,Urban,91.12,239.1,3.4,3.33,None,74.91,16,724.46
39.84,103.78,1.0,Low,Mini,Rainy,0,Airport,96.27,52.03,3.54,4.4,None,89.75,26,1388.28
12.26,41.91,1.0,Medium,Sedan,Rainy,1,SemiUrban,117.63,85.06,4.97,4.93,Pop,28.84,73,844.55
6.82,10.86,1.0,Low,Sedan,Sunny,0,SemiUrban,107.86,192.84,3.21,3.66,Pop,58.44,29,616.67
10.4,32.69,2.5,Low,Premium,,0,Airport,,212.07,4.39,4.04,Pop,80.36,27,2657.77
37.51,,1.0,Medium,Sedan,Sunny,0,SemiUrban,105.66,60.4,4.03,3.33,None,41.58,42,1397.95
21.29,56.6,1.0,Low,Premium,Sunny,0,SemiUrban,90.0,216.57,3.16,3.15,Pop,34.0,88,1099.81
15.23,63.22,1.5,High,Mini,Rainy,0,SemiUrban,103.79,100.39,3.12,3.33,None,40.51,46,1270.26
35.06,93.78,1.0,Medium,SUV,Foggy,1,Airport,94.32,86.88,4.6,3.18,Rock,63.7,74,1492.61
16.4,58.07,1.0,Medium,Mini,Rainy,0,SemiUrban,115.74,55.03,4.23,4.23,Pop,36.93,7,713.95
14.07,35.39,1.2,Low,SUV,Sunny,1,SemiUrban,102.41,172.93,3.09,4.31,Pop,22.0,92,1046.76
9.08,32.1,1.2,Low,SUV,Foggy,1,Urban,96.96,238.09,3.58,5.0,Rock,50.71,20,972.21
15.73,,1.2,Medium,Sedan,,0,SemiUrban,,198.87,3.52,4.98,Classical,6.84,44,1131.63
13.35,51.19,1.0,Medium,Sedan,Rainy,0,SemiUrban,100.97,266.44,4.12,3.88,None,90.49,98,979.74
27.41,95.25,1.5,Medium,Premium,Sunny,1,Airport,103.8,183.53,3.48,3.46,Rock,93.29,93,2464.57
12.29,46.11,1.0,Medium,Mini,Sunny,0,SemiUrban,111.77,52.25,4.59,3.98,Rock,98.42,54,631.94
23.51,88.48,1.0,Medium,Sedan,Sunny,0,Airport,105.28,263.68,3.48,4.8,Pop,75.68,41,1229.42
3.57,9.72,1.0,Medium,SUV,Sunny,1,Urban,117.45,279.7,3.9,4.36,Pop,80.25,2,739.14
8.46,42.19,1.5,Medium,Sedan,Sunny,0,SemiUrban,97.7,268.32,3.84,4.24,Rock,83.88,66,1050.41
16.89,64.23,1.2,Medium,SUV,Foggy,0,Urban,99.78,97.54,3.14,4.39,None,17.33,60,1186.44
37.54,152.26,1.5,High,Sedan,,0,Urban,113.33,297.64,3.78,3.31,Pop,20.54,17,2504.62
15.71,71.46,1.2,Medium,Sedan,Rainy,1,SemiUrban,113.5,290.33,3.82,3.76,Rock,82.0,94,6144.29
26.9,61.81,1.0,Low,Mini,Sunny,0,Urban,119.3,264.09,3.29,3.38,Pop,41.7,74,1030.87
10.95,42.74,1.0,Medium,Mini,,1,SemiUrban,,195.33,4.77,4.9,Rock,79.18,32,681.21
,38.05,1.2,Medium,SUV,Sunny,0,Urban,,99.54,3.75,3.39,Rock,14.45,51,805.88
3.28,14.36,1.0,Low,Sedan,Sunny,0,Airport,107.67,98.43,4.7,3.36,Rock,4.88,61,623.72
12.91,50.19,1.0,Medium,Mini,Sunny,1,Airport,100.84,179.71,4.16,4.81,Pop,39.74,71,862.65
7.15,25.44,2.0,Medium,Premium,Sunny,1,Airport,101.55,273.14,3.02,4.9,Rock,27.14,22,2114.93
7.79,16.72,1.5,Medium,Sedan,Sunny,0,Airport,98.4,145.72,4.37,4.42,Pop,81.17,81,1053.54
30.67,76.06,1.0,High,Mini,Sunny,0,Urban,107.91,173.5,3.81,5.0,None,91.71,15,1223.29
1.62,-2.49,1.5,High,Sedan,Sunny,0,Urban,115.21,154.8,4.46,3.1,None,65.37,38,777.89
22.75,69.08,1.2,Low,Sedan,Sunny,0,Urban,109.0,234.58,4.38,4.44,Pop,10.55,58,1198.64
,63.09,1.0,Medium,Premium,Rainy,0,Urban,104.18,74.75,4.48,3.37,None,1.52,60,1201.22
20.76,55.95,1.0,Medium,Sedan,Rainy,1,Urban,91.91,230.03,4.38,3.75,Classical,77.86,79,1051.28
22.95,84.75,1.0,Low,Sedan,Sunny,1,SemiUrban,97.43,246.34,,3.59,Rock,87.15,91,1063.51
13.22,35.21,1.0,Low,Sedan,Sunny,1,Airport,115.35,228.79,4.93,,Pop,94.78,46,922.97
,47.31,1.0,Low,SUV,Rainy,0,Airport,101.89,219.26,3.93,3.23,Rock,71.76,1,1073.05
29.6,109.94,2.0,Low,Sedan,Rainy,0,SemiUrban,116.57,147.58,4.78,3.62,Rock,3.18,43,2485.28
34.98,109.62,1.2,High,Mini,Foggy,0,Airport,97.28,170.9,3.33,4.51,Classical,47.88,30,1715.54
8.51,36.66,1.5,Low,Sedan,Sunny,1,Airport,107.27,102.96,3.71,4.5,Rock,49.0,45,1138.14
4.81,25.11,1.0,Low,Mini,Rainy,0,Airport,118.91,223.06,4.95,4.08,None,4.28,9,672.64
36.01,147.74,1.0,Low,Premium,Foggy,0,SemiUrban,106.71,102.26,4.75,4.63,Classical,91.09,55,1762.44
14.65,44.69,2.0,Medium,Sedan,Sunny,1,Urban,96.27,189.49,4.6,3.17,Pop,76.39,24,1641.7
22.5,73.56,1.2,Low,Mini,Sunny,0,Urban,,236.74,3.58,3.01,Pop,20.52,41,1230.04
,58.73,2.0,Low,Mini,Sunny,0,Urban,94.73,96.12,4.41,3.21,None,65.21,8,1441.13
5.91,30.27,1.0,Low,Mini,Rainy,1,Urban,90.64,117.72,3.48,4.64,Rock,81.28,11,561.29
23.98,85.22,2.0,Low,Sedan,Sunny,0,Airport,110.77,159.77,4.34,,Pop,85.41,29,2335.82
21.48,52.05,1.0,Low,Sedan,Sunny,1,SemiUrban,113.49,211.79,4.93,,Classical,86.79,26,1003.43
8.92,,1.0,Medium,Sedan,Rainy,0,Urban,114.61,130.81,3.7,3.47,Rock,78.46,71,838.04
18.62,79.13,1.2,Low,SUV,Sunny,0,SemiUrban,92.21,94.46,3.98,3.26,Rock,61.91,40,1222.29
32.08,109.28,1.5,Low,Premium,Sunny,0,Airport,118.27,88.9,3.8,4.16,None,8.62,10,2409.13
24.03,63.05,1.0,Low,Mini,Foggy,1,Urban,108.55,115.69,3.2,4.28,Classical,26.12,91,962.03
4.78,24.7,2.5,High,Mini,Rainy,1,Airport,92.65,151.15,4.9,3.1,None,53.29,68,1694.52
22.37,86.08,1.2,Low,SUV,Rainy,0,Airport,92.55,73.24,3.77,3.15,Rock,36.75,35,1483.01
28.41,84.26,1.0,High,Sedan,Sunny,1,Urban,105.29,288.04,4.92,4.46,Classical,71.12,54,1304.02
31.92,86.63,1.0,High,Mini,Rainy,0,SemiUrban,,299.74,4.44,3.87,Pop,11.83,24,1307.01
25.54,,1.0,Medium,Mini,Foggy,0,Urban,97.17,267.81,3.44,3.63,None,94.34,60,1129.94
6.95,25.92,1.0,Medium,Mini,Rainy,0,Airport,90.35,256.86,4.21,3.97,Rock,33.9,58,725.2
28.7,98.44,1.2,Medium,Mini,Sunny,1,SemiUrban,104.47,157.28,3.18,3.39,None,51.76,26,1310.21
27.42,72.63,1.5,Medium,SUV,Sunny,0,SemiUrban,92.6,134.27,3.39,3.05,Pop,33.51,59,1756.74
1.95,11.5,1.2,Medium,Sedan,Sunny,1,Urban,92.3,158.21,3.21,3.7,None,79.85,27,575.84
17.06,52.33,1.0,Medium,Mini,Sunny,0,Urban,94.76,54.72,3.13,3.65,Pop,15.4,59,732.53
13.99,38.44,1.0,Low,Mini,Rainy,0,Urban,90.32,89.94,4.24,3.8,Pop,35.46,30,673.53
27.11,96.21,2.5,Medium,Mini,Sunny,0,SemiUrban,93.11,186.61,3.54,4.01,Classical,61.52,32,2518.82
9.43,27.37,1.0,Medium,Sedan,Sunny,1,SemiUrban,107.83,281.78,4.51,4.6,None,4.59,59,755.22
24.04,77.76,1.0,Low,Sedan,Sunny,0,Urban,97.7,281.83,3.67,4.81,None,61.07,26,975.08
36.62,92.44,1.2,High,Mini,Sunny,0,Airport,92.06,228.6,,3.36,Classical,69.62,93,1745.62
32.11,77.37,1.5,Low,Premium,Sunny,1,SemiUrban,94.06,171.22,3.88,3.8,Classical,95.05,42,2159.86
36.94,102.26,2.5,High,SUV,Sunny,0,Airport,91.29,116.9,3.7,3.05,Rock,97.53,84,3975.54
,93.59,2.5,Medium,SUV,Sunny,0,Urban,,153.51,3.08,4.29,Pop,26.13,24,3768.21
1.42,2.25,2.0,Medium,Mini,Sunny,0,Urban,106.84,296.23,4.46,3.7,None,66.89,34,1056.89
25.29,92.6,1.0,High,Mini,Sunny,1,Airport,104.22,264.3,4.95,3.86,Classical,8.37,1,1355.22
17.1,68.97,1.0,High,Sedan,Sunny,0,Urban,116.2,171.13,3.52,3.13,None,72.16,81,979.53
34.53,75.11,1.2,Low,Sedan,Sunny,0,Airport,92.39,263.39,4.31,4.69,Classical,33.32,96,1633.15
10.82,38.61,1.0,Medium,Mini,Rainy,0,Airport,91.12,236.88,4.35,4.46,Classical,21.26,50,854.74
39.26,111.54,1.0,Low,Premium,Sunny,0,SemiUrban,102.72,150.88,3.88,3.32,Pop,1.79,22,1633.58
24.93,78.87,1.0,Medium,SUV,Rainy,0,Airport,97.92,173.52,3.69,3.01,Pop,52.58,87,1388.96
31.95,84.23,1.0,High,Mini,Sunny,1,Urban,104.27,165.88,3.1,3.23,Classical,17.92,25,1175.45
4.34,19.46,1.2,Low,SUV,Sunny,0,Urban,117.1,53.63,4.9,3.98,None,57.97,95,705.82
8.15,8.94,1.0,Low,Sedan,Sunny,0,Urban,103.39,130.34,4.02,4.62,None,51.1,81,591.72
30.58,71.75,1.0,Medium,Mini,Rainy,1,Urban,95.14,59.69,3.61,4.44,Classical,61.87,86,1072.91
1.86,13.48,1.5,Low,Mini,Sunny,1,Urban,113.93,271.23,4.76,4.28,Pop,24.43,79,606.48
32.86,97.3,1.2,Low,Mini,Sunny,0,SemiUrban,101.66,196.64,3.28,4.6,None,11.8,29,1429.97
1.54,12.67,2.0,Medium,Mini,Rainy,1,SemiUrban,112.65,151.02,4.4,4.02,Classical,78.29,81,945.73
26.63,93.38,1.0,Medium,Mini,Sunny,0,SemiUrban,94.24,74.91,3.23,4.33,None,99.13,71,1044.12
15.24,41.62,1.0,Medium,Sedan,Rainy,1,Airport,100.11,60.16,4.46,4.67,Pop,37.98,64,922.01
24.85,66.51,1.0,Medium,Mini,Sunny,1,SemiUrban,90.68,114.04,4.21,4.11,Pop,38.73,51,977.39
28.15,104.19,1.2,High,Mini,Sunny,0,Airport,97.06,148.95,4.14,4.21,Pop,86.58,26,1526.54
14.36,35.86,1.5,High,Mini,Rainy,0,Airport,109.41,199.7,4.13,4.24,Rock,17.42,89,1418.84
5.21,18.15,1.0,Medium,Mini,Sunny,1,SemiUrban,98.79,138.01,3.87,4.86,Rock,34.57,49,461.52
3.72,22.93,2.0,Low,Sedan,Sunny,0,Urban,94.18,170.3,4.79,3.91,Classical,27.88,36,1049.34
23.97,88.83,1.2,Low,Mini,Rainy,0,SemiUrban,91.69,219.98,3.07,3.18,None,12.64,70,1267.36
21.31,61.37,1.0,High,Sedan,Rainy,1,Airport,108.08,60.93,4.75,,Pop,54.37,39,1195.2
29.95,109.02,1.2,Medium,Mini,Sunny,0,Airport,92.31,181.21,3.85,3.11,Rock,62.69,41,1411.04
20.88,46.48,1.2,High,Mini,Sunny,0,Airport,113.96,121.2,3.66,3.09,Pop,87.86,4,1176.11
17.48,48.94,1.0,Medium,SUV,Sunny,1,SemiUrban,100.72,245.51,4.19,3.39,Rock,64.85,14,1048.69
16.53,51.14,1.0,High,Sedan,Rainy,0,SemiUrban,99.15,130.73,3.43,3.15,Classical,5.03,86,994.5
,10.91,1.5,Low,Sedan,Rainy,1,Airport,108.74,92.45,3.89,4.04,Pop,4.88,86,864.95
14.09,60.04,1.2,Medium,Mini,Rainy,0,SemiUrban,106.7,247.35,4.25,4.75,Rock,5.89,46,988.25
39.06,107.83,1.0,Medium,Sedan,Rainy,1,SemiUrban,119.63,242.2,3.75,3.49,Classical,25.3,25,1426.2
35.07,85.33,2.0,High,SUV,Rainy,1,Airport,91.54,165.98,3.64,3.1,Rock,25.08,53,3212.75
13.85,38.52,1.0,Medium,Mini,Sunny,0,SemiUrban,,96.07,4.18,3.5,Rock,77.59,31,676.81
,93.34,1.0,Low,Mini,Sunny,1,SemiUrban,107.98,168.24,4.25,3.58,Classical,4.93,5,921.23
34.04,110.95,1.0,High,Sedan,Sunny,0,Urban,116.48,160.46,3.63,4.73,Pop,61.01,41,1417.19
18.21,45.3,2.0,Medium,Mini,Sunny,0,Urban,110.82,86.77,4.3,4.31,Pop,59.65,63,1531.96
1.7,14.03,1.2,Low,Premium,Sunny,0,SemiUrban,112.87,140.73,4.69,,Classical,51.27,28,770.94
3.91,40.0,1.2,Medium,Sedan,Sunny,0,SemiUrban,113.6,253.65,3.23,3.58,Classical,2.3,73,840.51
20.91,42.92,2.5,Medium,Mini,Sunny,1,SemiUrban,90.45,175.76,4.88,4.26,Classical,82.52,45,2023.26
38.81,162.01,1.5,Medium,Mini,Rainy,0,Airport,115.15,82.35,3.13,3.11,None,37.79,48,2447.77
28.04,95.82,1.0,High,Mini,Foggy,0,SemiUrban,110.38,271.13,4.05,4.36,Classical,44.83,89,1281.37
3.77,19.29,1.5,Medium,Mini,Sunny,1,SemiUrban,118.42,236.0,4.81,4.75,Classical,67.01,63,812.72
8.39,24.31,1.5,Medium,Sedan,Sunny,0,Urban,94.0,185.8,3.51,4.73,None,66.35,31,945.26
31.08,132.35,1.0,Low,Mini,Rainy,0,SemiUrban,117.65,116.85,4.39,3.12,Rock,27.64,64,1329.35
33.82,99.71,1.0,Medium,Mini,Sunny,0,Urban,115.63,74.19,3.08,4.62,Pop,1.14,66,1201.51
25.09,52.69,1.5,Low,Mini,Sunny,0,SemiUrban,96.79,234.54,3.96,4.0,None,80.54,78,1390.79
26.13,116.68,1.0,Low,SUV,Rainy,0,Airport,93.72,206.82,4.25,4.0,None,75.64,60,1491.19
2.11,6.88,1.0,Low,Mini,,1,SemiUrban,108.86,254.91,4.08,4.16,None,64.12,9,1576.23
33.31,134.06,1.5,Low,Mini,Sunny,0,SemiUrban,110.28,222.28,3.36,3.82,None,93.49,94,1833.24
31.74,,2.0,Low,Mini,Foggy,0,Urban,111.33,88.63,3.04,,Classical,20.44,85,2268.16
11.1,22.47,1.0,Medium,Mini,Foggy,0,Urban,115.37,163.11,3.9,3.64,Pop,10.36,92,703.47
28.64,67.81,1.0,Low,SUV,Rainy,0,Urban,106.7,128.02,3.36,4.49,Pop,99.89,98,1340.39
9.38,43.43,1.2,Low,Sedan,Sunny,0,SemiUrban,98.52,266.36,3.73,4.85,None,86.84,42,892.93
2.57,10.52,1.2,High,Mini,,1,Airport,115.71,118.42,4.68,3.26,Pop,4.16,35,630.65
8.84,,2.5,Medium,Premium,Rainy,0,Urban,103.0,173.83,4.1,3.89,Pop,33.03,74,2590.08
7.97,40.34,1.2,Medium,Mini,Rainy,1,SemiUrban,103.04,187.09,3.16,,Rock,51.77,77,648.21
14.17,66.06,1.2,Low,SUV,Sunny,1,SemiUrban,104.77,206.34,4.43,3.88,None,62.82,98,1135.49
17.32,52.93,2.5,Medium,Sedan,Sunny,0,SemiUrban,115.07,208.81,,3.87,None,41.65,26,2205.5
20.83,44.95,1.0,Medium,Sedan,Rainy,1,Urban,119.12,211.41,3.08,4.45,None,8.76,82,1107.41
19.59,41.16,1.0,Medium,Sedan,Sunny,1,SemiUrban,95.13,138.84,4.44,3.71,None,47.3,73,789.81
11.56,49.9,1.2,Low,SUV,Foggy,1,SemiUrban,93.66,176.44,4.77,4.77,None,54.68,90,978.42
2.14,16.53,1.0,Medium,Sedan,Rainy,0,Urban,98.63,64.61,4.49,3.8,Pop,31.47,2,562.42
24.6,65.21,1.0,High,Mini,Rainy,0,SemiUrban,117.13,181.87,4.96,4.11,Pop,15.87,48,1033.09
16.43,68.0,1.0,High,Mini,Sunny,0,SemiUrban,105.84,205.52,3.31,3.52,Classical,51.8,48,947.22
12.65,44.02,1.2,Low,Mini,Sunny,0,Airport,90.17,236.09,4.13,3.31,None,27.77,74,946.21
34.81,83.74,2.0,Medium,Sedan,Rainy,0,SemiUrban,107.46,86.83,3.18,4.32,Rock,23.91,69,2565.72
30.12,138.84,1.0,Low,Mini,Sunny,0,Airport,106.47,204.97,4.95,3.84,None,72.38,92,1294.15
34.45,104.05,1.2,Medium,Mini,Sunny,0,Urban,92.39,131.84,3.43,4.23,Rock,55.95,80,1463.12
20.3,51.49,1.0,Medium,Sedan,Sunny,0,Urban,94.47,150.95,4.88,4.22,None,74.32,95,933.83
6.11,12.36,1.2,Medium,Sedan,Sunny,0,Airport,92.79,168.71,,3.98,Pop,44.8,24,875.4
28.15,88.36,1.2,Medium,Mini,Rainy,0,Airport,105.63,82.23,4.59,3.6,Rock,7.75,50,1411.04
9.04,28.14,2.0,Medium,Mini,Rainy,0,Airport,105.93,110.0,4.91,3.39,Rock,49.25,53,1544.26
18.21,53.16,1.0,Medium,Mini,Sunny,0,SemiUrban,103.8,65.79,3.47,3.36,None,59.53,74,706.44
3.54,17.14,1.2,Low,Mini,Rainy,0,SemiUrban,103.53,293.55,4.63,4.07,Pop,77.67,58,639.7
33.19,103.45,1.0,Medium,Sedan,Rainy,0,Airport,107.41,97.69,4.78,3.59,Rock,58.29,45,1404.47
5.91,23.96,1.2,High,Mini,Sunny,0,Airport,109.86,208.43,,4.12,Pop,79.58,24,846.98
,75.82,2.0,Low,SUV,Sunny,0,Airport,118.91,78.88,4.35,4.59,Rock,51.27,37,2862.93
,79.73,2.0,Low,Mini,Sunny,0,Urban,106.35,224.24,3.89,4.0,None,61.2,26,2355.34
19.12,58.11,1.0,Medium,Mini,Sunny,0,SemiUrban,97.97,268.75,3.85,3.94,Classical,2.25,20,820.84
30.03,102.2,1.5,Medium,Premium,Sunny,0,SemiUrban,119.24,168.82,3.32,4.9,Pop,86.15,13,2233.18
25.16,85.17,1.0,Medium,Sedan,Sunny,0,Urban,,221.62,4.38,3.75,Classical,16.55,86,1142.83
32.32,94.71,1.0,Medium,Mini,Sunny,0,SemiUrban,99.38,215.16,3.33,3.06,Rock,73.91,21,1236.88
17.84,60.8,2.0,High,SUV,Rainy,1,Airport,117.07,213.44,3.36,4.76,Classical,44.48,94,2560.4
31.65,,1.0,High,Mini,Rainy,0,SemiUrban,118.32,76.47,4.01,3.45,None,89.22,68,1258.58
19.04,85.96,1.0,Low,SUV,Foggy,0,Airport,109.35,254.18,3.92,4.19,Classical,30.44,8,1355.16
37.7,135.01,1.0,Low,Mini,Sunny,0,Urban,90.44,196.51,4.3,4.88,Rock,97.2,86,1354.81
19.97,62.18,1.0,Medium,SUV,Sunny,1,Urban,103.28,106.73,4.04,4.49,None,73.58,57,991.19
19.04,,1.0,Low,Mini,Sunny,0,SemiUrban,117.98,159.97,3.63,4.67,None,61.46,77,784.99
31.62,100.99,1.5,Medium,SUV,Sunny,0,Airport,116.69,231.26,,3.85,Rock,94.09,33,2295.31
33.04,113.28,1.0,Medium,Sedan,Rainy,1,Airport,116.81,210.62,4.18,3.92,Pop,53.99,78,1529.35
22.63,71.31,1.2,High,Mini,Sunny,0,SemiUrban,98.82,88.16,3.98,3.12,Classical,36.35,90,1159.47
8.01,46.77,1.0,High,SUV,Sunny,0,Urban,114.74,200.21,3.16,4.34,Rock,69.5,75,911.62
19.24,74.98,1.2,Low,Mini,Rainy,0,Airport,110.17,177.14,4.4,4.49,None,24.41,71,1215.89
38.75,121.64,1.5,Medium,Sedan,Sunny,0,SemiUrban,116.81,213.51,3.51,4.06,Pop,52.26,75,2170.6
30.37,115.73,2.0,Medium,Sedan,Sunny,1,Airport,109.14,246.1,3.07,4.71,Pop,89.44,3,2892.06
,126.06,2.5,Low,Sedan,Rainy,0,Airport,101.25,132.25,3.02,3.22,Classical,44.02,82,3561.12
2.28,18.77,1.0,Medium,Mini,Rainy,1,Airport,109.03,152.23,4.08,3.18,Rock,42.44,68,590.0
19.25,78.13,2.5,High,SUV,Sunny,0,SemiUrban,100.74,198.59,4.86,3.26,None,33.72,10,2837.44
26.22,62.17,1.0,Medium,Sedan,Rainy,0,Urban,90.07,245.53,4.7,4.73,Rock,65.66,95,1195.73
33.37,82.39,1.0,High,Mini,Sunny,0,Urban,114.5,204.23,3.2,3.37,Rock,26.68,12,1241.63
2.92,14.56,1.5,Medium,Mini,Sunny,1,Urban,115.48,53.69,3.64,3.15,Rock,80.74,52,659.18
34.25,137.19,1.0,Medium,Sedan,Sunny,0,SemiUrban,112.44,297.75,3.63,4.59,Classical,63.18,34,1444.27
,89.27,1.0,Low,SUV,Rainy,1,SemiUrban,96.82,57.11,4.71,4.4,Classical,95.8,21,1137.98
8.7,18.75,2.0,Low,Sedan,Sunny,0,Urban,94.08,267.07,4.6,3.32,None,92.26,16,1267.25
13.37,34.44,1.5,Medium,Mini,Sunny,0,SemiUrban,95.1,276.42,4.93,4.53,Pop,31.81,28,1038.21
12.0,44.58,1.0,Medium,Mini,Foggy,1,Urban,105.03,103.68,4.04,3.59,Pop,82.3,62,716.21
21.7,74.82,1.5,Medium,Sedan,Rainy,0,Urban,97.93,243.81,,3.06,Classical,5.3,29,1610.44
,18.35,1.5,Medium,Mini,Rainy,1,SemiUrban,116.35,169.19,,3.07,Pop,32.53,37,737.62
7.18,28.89,2.0,High,Mini,Sunny,0,Airport,106.33,154.39,3.07,3.24,Classical,77.16,70,1407.44
32.7,69.88,1.2,Low,Sedan,Sunny,0,Airport,103.5,86.71,4.66,4.64,None,7.35,59,1485.52
6.17,,1.5,Medium,Mini,Sunny,0,SemiUrban,116.15,165.07,4.04,3.79,Rock,59.63,27,791.12
10.1,44.36,1.5,Medium,Mini,Sunny,0,SemiUrban,92.43,209.38,4.93,3.76,Rock,75.86,84,926.26
18.68,47.73,1.2,Low,Mini,Sunny,0,Urban,116.13,174.53,3.49,4.59,Rock,70.76,22,874.64
21.17,65.71,1.2,High,Sedan,Rainy,0,Airport,114.06,105.98,4.03,4.29,Classical,77.54,2,1398.03
30.78,83.92,1.2,Medium,Sedan,Sunny,1,Airport,110.61,171.75,3.03,4.76,Pop,16.39,18,1692.81
18.45,81.79,1.2,Low,SUV,Sunny,0,Urban,93.33,268.29,4.2,3.05,Rock,31.75,85,1361.91
31.8,87.93,2.5,High,Sedan,Sunny,0,Urban,91.57,254.45,3.14,3.33,Classical,75.86,6,3301.04
25.12,71.75,1.0,High,Mini,Sunny,0,Airport,94.98,97.95,3.13,4.71,Classical,58.72,23,1066.92
5.41,31.13,1.0,Medium,SUV,Sunny,0,Urban,98.11,172.33,4.46,4.92,Classical,8.69,98,633.64
7.1,34.61,1.5,Medium,Sedan,Sunny,0,Airport,108.49,200.96,3.37,3.59,Classical,92.35,14,1282.46
18.04,76.05,1.0,High,SUV,Foggy,1,SemiUrban,92.41,183.01,4.96,3.07,None,17.04,59,1104.46
16.48,63.33,1.2,Low,Premium,Sunny,0,SemiUrban,95.49,215.15,3.79,3.02,None,59.19,68,1362.24
30.0,126.54,1.0,Medium,Sedan,Rainy,0,Airport,,221.08,,3.06,Classical,20.78,80,1500.78
23.65,,1.2,Low,SUV,Rainy,1,Airport,110.12,151.04,3.63,4.32,Rock,81.74,21,1491.86
16.14,64.56,2.0,Medium,Mini,Sunny,0,Urban,100.39,110.48,3.56,3.5,Classical,58.21,83,1598.15
7.66,39.3,1.5,High,Mini,Foggy,0,SemiUrban,98.26,160.56,4.75,3.74,None,41.09,93,963.71
9.85,31.71,1.0,Medium,Mini,Sunny,1,Airport,90.87,77.01,4.79,3.74,None,73.47,25,619.56
23.44,82.77,2.5,Medium,Sedan,Foggy,1,Urban,92.83,236.84,3.42,3.5,Rock,35.03,40,2830.13
17.51,,1.0,Low,Sedan,Sunny,1,Airport,106.49,243.89,3.08,3.36,Pop,0.19,83,1060.3
21.08,59.39,1.0,High,Premium,Rainy,0,SemiUrban,109.0,285.81,3.56,4.04,Classical,8.94,62,1440.22
7.66,26.07,1.2,Low,Sedan,,0,Airport,112.27,274.74,4.65,3.14,Classical,5.98,77,934.32
,107.96,2.5,Low,Sedan,Sunny,1,Airport,104.92,81.83,4.0,3.92,None,21.97,22,3009.16
34.25,109.12,1.0,Medium,SUV,Sunny,1,Airport,98.07,186.48,4.58,3.84,Pop,91.03,28,1529.65
11.06,42.43,1.2,Low,Sedan,Sunny,0,Airport,98.77,226.38,4.67,3.58,Pop,18.83,9,966.22
20.17,75.79,1.0,Low,Mini,Sunny,0,Airport,109.52,257.07,4.64,3.16,None,58.46,17,1015.54
39.05,119.6,1.0,High,SUV,Sunny,1,SemiUrban,102.79,124.52,,4.31,None,78.59,34,1559.78
14.0,43.09,2.0,Medium,Sedan,Rainy,0,Urban,94.75,296.73,3.34,4.2,None,73.88,5,1789.16
24.21,90.52,1.2,High,SUV,Sunny,0,SemiUrban,90.12,176.08,4.26,4.48,Pop,32.74,7,1498.97
4.52,16.04,1.5,Medium,Sedan,Sunny,0,Urban,97.8,165.57,3.61,4.06,Classical,47.6,31,865.72
24.63,,1.0,Low,Mini,Sunny,0,Urban,112.67,155.49,4.53,4.02,Rock,7.61,93,978.67
4.5,30.38,1.5,Low,Mini,Sunny,1,SemiUrban,109.94,94.5,3.41,3.49,None,9.82,71,584.1
38.41,90.96,1.5,High,Mini,Foggy,0,Airport,92.93,189.52,4.29,3.8,Pop,24.69,72,2128.4
28.91,87.68,1.0,Low,Mini,Sunny,0,Urban,103.33,81.17,3.17,4.07,Pop,15.0,50,1083.9
31.74,73.79,1.2,Medium,SUV,Sunny,0,Airport,94.34,260.88,4.6,3.15,Classical,6.77,34,1701.13
28.46,99.88,2.5,Low,Sedan,Sunny,0,SemiUrban,104.19,62.04,3.63,4.41,Pop,25.96,81,2674.83
24.0,76.08,1.5,Medium,Mini,Sunny,0,Urban,93.32,263.13,4.95,4.86,Rock,53.48,4,1438.11
18.55,50.79,1.0,Low,Mini,Sunny,0,Urban,110.38,252.71,3.92,4.94,Pop,21.05,46,926.82
34.48,119.05,1.2,Low,Sedan,,1,SemiUrban,107.52,125.17,3.51,4.62,Rock,28.11,24,1546.29
38.32,90.63,1.5,Medium,Mini,Sunny,1,SemiUrban,97.77,58.91,3.25,4.62,None,82.35,58,1701.17
20.46,69.61,1.0,Low,Mini,Rainy,0,Airport,119.77,271.12,4.97,3.33,Pop,75.1,31,1172.76
37.33,124.49,1.2,Medium,Mini,Sunny,0,SemiUrban,107.66,251.08,3.8,3.66,None,3.08,12,1641.7
23.75,98.28,2.5,Medium,Sedan,Sunny,0,Airport,98.06,208.67,4.33,4.52,Pop,8.03,57,3118.48
22.0,76.24,2.0,Medium,SUV,Sunny,0,Urban,100.73,63.76,3.64,3.07,Pop,92.82,88,2177.88
18.72,57.72,1.5,Low,SUV,Sunny,0,Airport,117.48,177.18,3.45,3.16,Classical,36.15,52,1712.84
9.16,48.55,1.0,Medium,Sedan,Sunny,0,Urban,96.1,283.51,4.14,4.28,None,2.35,59,833.99
1.15,-3.74,2.5,High,Sedan,Sunny,0,Urban,96.11,76.71,3.79,3.87,Rock,39.03,73,1203.15
10.42,51.24,1.2,Medium,Sedan,,0,Urban,107.12,177.49,3.96,4.37,Pop,76.44,5,851.3
,59.95,1.0,Medium,Mini,Rainy,0,SemiUrban,99.96,250.86,4.41,3.51,Rock,90.24,97,1075.44
15.82,64.58,1.2,High,Mini,Sunny,0,Airport,99.13,215.29,3.56,3.16,Rock,70.07,33,1213.85
18.49,67.74,2.0,High,Mini,Sunny,0,Airport,102.31,148.61,3.31,4.66,None,27.28,55,2079.71
39.25,170.7,1.0,Low,Mini,Sunny,0,Airport,114.93,273.0,4.08,4.57,Classical,98.69,45,1689.72
14.66,64.45,2.0,High,Mini,,0,Airport,115.23,181.77,3.23,3.93,Pop,15.18,85,7561.3
18.64,71.84,2.0,Low,Sedan,Rainy,0,Urban,109.98,267.22,4.35,4.76,Classical,36.85,69,2134.24
6.21,35.6,1.0,High,Mini,Sunny,0,Urban,107.32,202.91,4.18,3.45,Pop,35.61,7,737.84
2.87,16.9,2.0,Low,Mini,Sunny,1,Airport,90.47,128.23,3.47,3.73,Classical,49.19,92,899.17
31.24,79.18,2.0,Medium,Sedan,Rainy,1,SemiUrban,106.95,274.68,3.54,3.49,Pop,11.58,72,2544.78
23.26,86.37,1.0,High,Sedan,Sunny,0,SemiUrban,118.62,269.91,3.37,3.17,Classical,61.36,36,1168.97
30.67,117.87,1.0,Low,Mini,Foggy,0,SemiUrban,115.12,126.68,4.78,4.31,None,63.82,14,1149.89
6.84,44.68,1.0,Low,SUV,Sunny,1,Airport,94.33,104.09,3.64,4.18,None,45.32,4,748.15
23.3,68.66,1.0,Medium,Sedan,Rainy,0,Urban,119.22,294.7,,3.89,Pop,9.83,24,1208.48
10.89,33.61,1.5,Medium,Mini,Sunny,0,SemiUrban,96.5,168.39,3.04,4.72,Rock,76.11,36,903.87
9.89,33.62,1.0,Low,Premium,Rainy,1,SemiUrban,93.71,299.41,3.79,3.99,Pop,92.81,61,1097.22
1.45,-1.85,2.5,Medium,Mini,Sunny,0,SemiUrban,98.67,113.43,4.81,3.9,Pop,35.23,8,804.14
6.08,21.02,2.5,Medium,Sedan,Foggy,0,Airport,94.23,75.34,4.43,4.36,None,23.65,98,1657.25
13.06,34.75,1.0,Low,Mini,Sunny,1,Urban,96.74,51.91,3.12,3.08,Rock,95.37,33,573.48
5.56,10.15,1.2,Medium,Mini,Rainy,0,Urban,99.26,128.05,3.99,3.56,Classical,13.89,62,690.05
39.45,107.16,1.2,Low,Mini,Rainy,0,Airport,107.72,196.2,3.25,4.67,Pop,47.95,23,1911.77
13.04,32.64,1.2,Low,Sedan,Rainy,1,Urban,108.41,112.19,3.28,3.26,None,69.41,16,928.66
6.08,13.6,1.0,Medium,Sedan,Sunny,1,Urban,106.03,193.94,3.89,4.64,Classical,4.35,84,668.01
8.76,28.39,1.0,High,Premium,Sunny,0,SemiUrban,98.95,64.09,4.75,4.27,Rock,81.02,18,883.3
23.92,85.58,1.0,Medium,Sedan,Rainy,0,Urban,118.6,292.62,3.73,4.6,Classical,66.98,41,1300.85
3.5,6.3,1.0,Low,SUV,Sunny,0,Airport,98.9,136.84,4.37,3.16,None,74.66,20,643.11
34.63,130.29,2.0,Medium,Mini,Rainy,1,Urban,102.03,293.33,3.45,4.41,Rock,20.98,78,2923.34
38.5,143.71,1.0,High,Mini,Foggy,0,SemiUrban,102.67,183.65,3.81,4.56,None,26.97,81,1592.51
10.62,28.53,1.0,Medium,Mini,Sunny,1,SemiUrban,90.67,166.57,3.23,,Rock,99.52,7,578.37
18.55,53.93,1.2,Medium,SUV,Sunny,1,Airport,102.86,72.4,3.27,,Pop,35.95,81,1341.82
1.86,8.88,1.0,High,Mini,Sunny,1,Urban,100.15,71.19,4.31,3.98,Classical,2.44,1,382.77
25.99,73.82,1.0,Medium,SUV,Sunny,0,Urban,92.12,178.42,3.02,3.03,None,35.43,41,1175.28
17.14,59.45,1.2,High,Mini,Rainy,1,SemiUrban,114.33,129.6,4.43,4.29,None,38.08,93,999.62
11.53,43.5,1.2,Medium,SUV,Sunny,0,Urban,111.35,96.56,,3.48,Rock,88.42,41,1135.68
9.07,11.85,1.0,Low,Sedan,Sunny,0,SemiUrban,98.5,83.84,3.51,4.93,None,27.8,83,585.59
26.51,109.14,1.2,Low,Sedan,Foggy,0,Airport,97.82,189.66,4.75,4.96,None,79.35,97,1518.71
17.23,45.21,1.0,Medium,Premium,Sunny,0,Urban,117.14,125.31,4.46,3.01,Pop,10.95,80,1214.15
8.01,37.31,1.2,Medium,SUV,Rainy,0,SemiUrban,95.67,251.47,4.65,3.27,None,51.08,68,981.75
27.88,57.34,1.5,Medium,SUV,Sunny,1,Airport,116.21,72.47,4.57,4.03,Rock,40.7,35,1949.53
23.04,66.34,1.0,Low,Sedan,Sunny,1,Urban,92.33,52.04,3.0,4.26,Pop,32.67,5,880.23
34.49,107.21,1.0,High,Premium,Sunny,0,SemiUrban,115.19,285.5,4.36,4.26,Classical,77.62,16,1739.29
5.58,3.07,1.5,High,Sedan,Sunny,0,SemiUrban,106.25,54.31,3.9,4.44,Pop,60.21,43,772.0
31.64,88.16,2.0,Medium,SUV,Rainy,0,Urban,113.28,264.99,4.98,3.35,Classical,95.08,28,2936.12
27.27,67.38,2.0,Medium,Sedan,Sunny,0,Airport,92.79,270.09,4.16,3.6,Rock,36.08,2,2522.7
5.49,26.23,1.2,Low,SUV,Rainy,0,Urban,102.6,286.71,4.21,4.08,Classical,12.22,98,966.11
28.1,99.96,1.2,Medium,Sedan,Sunny,1,SemiUrban,103.51,173.7,5.0,3.28,None,23.68,14,1410.35
,48.2,1.2,Medium,Sedan,Rainy,0,SemiUrban,105.46,205.94,3.54,4.62,Pop,68.32,28,1189.23
37.85,138.01,2.0,Medium,Sedan,Sunny,1,Airport,108.83,141.57,4.54,4.57,Classical,65.64,87,3221.67
6.52,7.74,1.5,Medium,Sedan,Rainy,0,Airport,101.68,292.94,3.11,4.36,Classical,63.02,53,1226.8
26.07,69.57,1.0,Medium,Mini,,0,Airport,103.42,232.96,3.98,3.66,Classical,71.88,64,1179.68
,48.0,1.0,Low,Sedan,Sunny,1,Airport,101.11,230.15,4.26,4.16,Rock,10.61,64,925.94
38.32,110.64,1.0,Low,Sedan,Rainy,0,Airport,110.96,138.36,3.41,3.01,Pop,28.84,39,1628.24
,54.05,1.0,High,SUV,Rainy,1,SemiUrban,117.25,125.29,3.95,4.2,None,57.46,45,1071.2
38.53,93.45,2.5,Low,Sedan,Rainy,0,SemiUrban,93.43,189.34,3.91,3.1,Rock,43.59,53,3414.22
36.16,131.05,1.0,Low,Sedan,Sunny,1,Airport,98.63,70.33,3.56,3.44,Classical,50.74,81,1290.35
,36.74,1.0,Medium,Mini,Rainy,1,SemiUrban,96.59,154.73,4.22,3.7,Rock,21.29,81,778.36
32.34,83.4,2.0,Low,SUV,Sunny,0,Urban,118.18,183.0,4.35,,Rock,61.0,14,2652.23
39.83,116.15,1.0,Medium,Mini,Sunny,1,Airport,107.83,237.55,3.18,3.48,Rock,33.56,39,1474.23
10.85,34.57,1.0,Medium,SUV,Rainy,0,Urban,,192.91,3.31,3.26,Pop,79.96,26,823.37
18.03,45.97,1.0,Low,Sedan,Rainy,0,Airport,101.94,147.5,4.91,3.99,Rock,58.72,96,1029.2
21.29,67.26,1.2,Low,Mini,Rainy,1,SemiUrban,104.21,56.99,3.08,4.5,Classical,99.74,56,1041.49
12.5,29.54,1.0,Low,SUV,Foggy,0,Airport,108.69,227.1,3.22,3.78,Pop,59.17,30,975.03
1.6,13.2,1.2,Medium,Mini,Sunny,0,SemiUrban,96.46,241.96,4.63,4.72,Rock,5.32,56,478.15
9.59,46.19,1.0,High,Mini,Foggy,0,SemiUrban,105.06,263.55,4.62,4.88,Classical,21.79,44,726.61
12.0,50.42,1.2,Low,Mini,Sunny,0,SemiUrban,114.05,99.53,4.91,4.43,Pop,25.2,55,683.37
18.3,52.76,1.0,Medium,Premium,Sunny,0,SemiUrban,109.8,176.21,4.73,4.62,None,2.54,36,1189.57
7.67,15.58,1.5,Medium,SUV,Rainy,1,Airport,93.13,165.1,3.43,4.11,None,91.87,13,1296.17
35.06,127.08,1.0,Low,SUV,Rainy,0,Urban,117.37,240.2,4.36,4.15,Rock,62.69,42,1662.76
28.49,97.82,1.0,Medium,Mini,Sunny,0,Airport,100.16,175.75,3.4,3.07,Pop,81.21,77,1184.03
4.32,30.14,1.2,Medium,Mini,Foggy,1,SemiUrban,102.74,249.46,4.65,4.06,Classical,58.66,90,680.7
26.35,68.34,1.0,Medium,Sedan,Sunny,0,Airport,110.77,70.72,4.04,,Rock,85.73,94,1161.48
26.49,85.73,1.0,High,Sedan,Sunny,1,Urban,103.84,63.42,3.93,4.12,Classical,62.71,34,1096.37
38.29,131.26,1.5,Low,Sedan,Rainy,0,Airport,107.64,116.67,4.0,,Classical,8.23,53,2339.78
1.12,2.64,1.0,Low,Sedan,Rainy,0,SemiUrban,104.33,168.58,,3.77,Classical,2.93,2,605.72
10.67,49.68,1.2,Medium,Mini,Rainy,0,SemiUrban,99.23,237.81,4.43,4.9,Pop,44.33,26,945.01
37.18,145.27,1.0,Low,Mini,Rainy,0,SemiUrban,103.23,141.38,3.33,,None,64.26,28,1421.28
37.35,132.42,1.5,Low,Sedan,Sunny,1,Airport,99.35,235.28,3.27,3.91,Pop,84.69,59,2342.77
29.1,94.35,2.5,High,Mini,Sunny,0,Airport,103.46,257.85,3.6,3.84,Classical,89.52,45,3421.11
30.86,109.34,1.0,Medium,SUV,,0,Urban,96.08,175.64,3.98,4.57,None,82.08,65,1460.18
4.57,20.67,1.2,Medium,SUV,Rainy,1,Urban,91.82,289.52,4.02,3.8,Classical,10.6,53,1009.22
21.04,68.69,1.0,Low,SUV,Foggy,0,Urban,,88.06,4.31,4.2,Classical,75.56,53,1057.23
10.03,33.24,2.0,Low,Mini,Foggy,0,SemiUrban,93.78,123.91,3.13,4.74,Classical,34.94,71,1042.63
8.07,37.23,1.0,Low,Mini,Rainy,0,Airport,114.67,299.39,3.68,3.39,Pop,85.74,3,741.55
32.6,132.84,1.2,High,Sedan,Rainy,0,Airport,100.92,91.69,3.49,4.48,Rock,82.53,95,1767.9
6.27,7.4,1.2,High,Sedan,Sunny,0,SemiUrban,97.47,277.83,3.81,4.99,Rock,65.07,49,824.33
19.28,67.48,1.0,Medium,SUV,Sunny,0,SemiUrban,102.29,280.05,4.02,,Rock,91.56,67,1185.92
37.6,124.75,1.0,Low,SUV,Rainy,0,Urban,94.49,209.85,4.7,3.06,Pop,54.21,41,1569.77
8.25,17.66,1.0,Medium,Mini,Rainy,1,SemiUrban,115.47,62.24,4.72,4.39,Rock,24.15,15,609.07
39.14,153.93,1.5,High,Premium,Sunny,1,SemiUrban,95.0,177.34,,3.89,None,65.3,35,2675.96
39.78,,1.0,High,Mini,Sunny,0,SemiUrban,104.81,67.3,4.57,3.37,Classical,19.13,97,1456.64
22.67,56.8,1.2,Medium,SUV,Sunny,0,Urban,94.86,132.88,3.81,4.04,Rock,76.2,82,1214.16
7.64,21.39,1.0,Medium,Sedan,Sunny,1,SemiUrban,,54.32,4.98,4.78,Pop,87.94,63,490.29
13.33,32.49,1.0,Medium,Sedan,Rainy,1,Urban,113.93,61.46,3.25,4.05,Pop,66.56,15,677.18
17.56,83.78,1.2,Low,Sedan,Sunny,1,Airport,106.72,224.3,3.29,4.88,Rock,49.04,2,1283.88
13.06,31.39,2.0,Medium,SUV,Sunny,1,SemiUrban,92.34,295.56,3.59,4.14,Pop,95.21,79,1784.37
11.94,53.37,1.2,Medium,Sedan,Sunny,0,SemiUrban,116.79,245.64,3.21,3.37,Rock,79.0,46,1012.44
38.92,,1.5,Medium,SUV,Sunny,0,Urban,101.78,149.01,3.01,4.68,Rock,46.04,61,2261.96
6.98,,1.2,Medium,Mini,Rainy,1,Airport,102.78,134.34,3.65,3.76,Pop,54.97,80,869.83
29.6,,1.2,Medium,SUV,Sunny,1,Airport,104.85,298.47,3.09,4.21,Rock,71.73,24,1832.95
1.02,-2.99,1.0,Medium,Premium,Rainy,1,SemiUrban,96.74,107.94,4.16,3.79,Classical,44.02,96,781.65
24.25,74.9,2.0,Low,Sedan,Sunny,1,Airport,106.52,59.67,4.67,3.85,None,40.32,44,2195.91
36.72,84.54,1.2,High,Premium,Sunny,0,Urban,97.5,115.3,3.36,3.35,Rock,86.76,5,1883.48
12.23,27.1,1.2,Medium,Mini,Sunny,0,Urban,115.08,135.42,4.2,4.25,Pop,36.12,56,808.58
8.24,34.53,1.2,Medium,SUV,Foggy,0,Urban,114.78,172.0,3.48,3.63,Rock,99.27,80,1072.47
26.42,74.54,1.0,Low,Mini,Sunny,0,Urban,104.31,224.46,4.06,3.7,Pop,33.98,54,1062.99
28.79,102.83,1.0,High,Sedan,,0,Urban,,214.02,4.07,3.39,Rock,75.07,24,1283.11
27.83,102.47,1.0,Medium,Sedan,Sunny,0,Airport,119.79,207.14,3.1,3.69,Rock,50.88,48,1310.86
13.45,71.42,1.5,Medium,Sedan,Rainy,1,Airport,113.86,272.03,4.86,4.64,Classical,5.87,22,1656.44
10.84,18.99,1.0,High,Sedan,Sunny,0,SemiUrban,91.89,195.16,3.36,4.91,Rock,79.9,78,742.37
38.28,139.97,1.0,High,Mini,Sunny,1,SemiUrban,95.18,93.98,4.15,3.88,Classical,83.23,79,1417.21
37.01,102.27,2.0,Medium,Premium,,0,Airport,107.88,140.24,3.92,4.5,Classical,74.58,81,3456.63
18.84,48.64,1.2,Low,Mini,Foggy,1,Airport,101.15,218.1,,4.82,Rock,92.12,19,1153.51
34.0,101.15,1.0,High,Sedan,Foggy,0,SemiUrban,114.12,181.31,3.75,,Classical,6.23,14,1431.5
18.64,49.36,1.5,High,SUV,Sunny,0,SemiUrban,109.23,194.71,4.46,3.27,Pop,30.91,22,1509.74
17.55,46.3,1.0,Low,SUV,Rainy,0,Urban,119.72,124.57,4.55,3.49,Rock,98.63,11,1010.32
7.11,14.91,1.2,Medium,Sedan,Sunny,0,Airport,,122.05,3.33,4.78,Rock,50.45,42,710.17
17.63,,1.2,Medium,Sedan,Sunny,0,Airport,103.15,162.59,4.35,3.61,None,26.89,34,1328.4
21.96,67.1,1.0,Low,Sedan,Rainy,0,Airport,102.23,58.47,3.87,4.05,Pop,36.48,53,1160.75
1.88,9.87,1.0,Low,Sedan,Sunny,0,Airport,,158.18,,4.93,Pop,94.24,1,2476.33
18.32,53.56,1.0,Medium,Sedan,Sunny,1,Urban,116.56,172.74,4.98,3.95,Pop,72.22,86,973.99
31.47,76.39,1.0,High,Sedan,Foggy,1,Airport,102.18,65.06,4.4,3.73,None,12.11,14,1238.45
27.52,81.99,1.0,Low,Sedan,Sunny,0,Urban,113.89,58.19,4.13,4.84,Rock,25.4,58,1028.44
25.77,91.23,2.5,High,Sedan,Sunny,0,Airport,108.98,52.26,3.64,3.21,Pop,10.78,11,3083.1
36.47,85.33,1.0,High,Sedan,Rainy,0,SemiUrban,104.63,140.44,3.53,4.42,Pop,86.22,50,1467.49
,11.63,2.0,High,Sedan,Sunny,0,Airport,110.79,174.57,3.96,3.86,Rock,36.54,3,1369.14
22.72,75.22,1.2,Low,Mini,Sunny,0,SemiUrban,96.87,93.2,4.07,4.57,Rock,97.75,12,1024.84
31.71,83.33,1.2,Medium,SUV,Sunny,0,SemiUrban,94.27,273.9,4.09,3.94,Rock,98.12,41,1545.66
22.11,93.39,1.0,Medium,SUV,Sunny,0,Airport,119.02,195.82,4.62,4.66,Classical,66.08,70,1275.02
13.63,43.46,1.0,High,Mini,Sunny,0,Urban,101.75,199.39,4.69,3.86,None,68.99,6,873.87
6.31,18.69,1.2,Medium,SUV,Sunny,0,Airport,99.11,66.44,3.71,3.31,Pop,49.36,84,865.24
,129.37,2.0,Low,Sedan,Sunny,1,Airport,97.96,70.08,4.02,3.8,Classical,41.76,15,2801.66
19.36,53.51,1.0,Low,Mini,,0,Airport,108.67,176.18,4.51,3.26,Classical,38.22,84,948.7
35.25,131.3,1.2,Medium,Mini,Sunny,0,Airport,119.89,240.63,4.74,3.11,None,92.62,11,1806.7
23.85,96.0,1.0,High,Mini,Rainy,0,Airport,116.85,259.67,3.3,3.48,None,39.93,10,1304.84
27.29,124.64,1.2,Medium,SUV,Sunny,1,SemiUrban,102.01,185.27,4.49,3.84,Rock,96.42,94,1615.79
32.37,106.18,1.2,Medium,Mini,Rainy,0,Airport,116.86,197.3,4.84,3.26,Pop,78.35,47,1763.11
26.71,93.53,1.5,Low,Mini,Rainy,1,Airport,103.71,203.61,3.5,4.39,Classical,23.16,68,1833.51
16.52,45.53,1.0,High,Mini,Sunny,0,Airport,93.28,127.6,3.98,4.27,Rock,34.22,22,942.25
21.03,70.29,1.0,Medium,Mini,Sunny,1,Urban,95.64,293.85,3.01,4.61,None,14.78,28,876.3
32.32,107.36,1.2,High,Sedan,Sunny,0,SemiUrban,97.29,293.95,4.64,3.48,Classical,15.62,23,1752.95
15.57,57.38,2.5,Medium,Sedan,Sunny,0,Urban,117.53,206.2,4.69,3.76,Pop,55.46,33,2328.06
16.14,56.28,1.0,Medium,Mini,Foggy,1,Urban,119.37,144.7,4.83,4.32,Rock,27.77,8,806.6
4.73,20.72,1.0,Medium,Sedan,Sunny,0,SemiUrban,96.81,262.4,4.46,3.81,Classical,94.6,80,560.44
36.67,148.23,1.0,Low,Mini,,0,Airport,102.09,93.83,3.68,3.77,None,36.56,90,1454.17
4.55,12.94,1.0,Low,Sedan,Sunny,0,SemiUrban,119.45,200.89,3.36,3.69,Rock,4.69,76,483.71
26.28,88.5,1.5,Low,Mini,Sunny,0,SemiUrban,115.42,247.29,3.68,3.99,None,11.87,36,1560.94
17.11,47.6,1.0,Medium,Sedan,Rainy,0,Airport,103.29,51.02,3.46,3.82,Pop,36.81,66,1024.71
16.82,31.38,1.5,Medium,Mini,Sunny,1,SemiUrban,103.58,157.94,3.22,4.09,None,52.63,80,1022.33
27.5,113.4,1.2,Low,Sedan,Sunny,0,Airport,116.36,115.49,3.93,4.97,Classical,2.63,31,1507.21
3.62,15.11,1.2,Medium,Sedan,Sunny,1,Airport,90.88,249.57,3.41,3.97,Pop,34.52,29,843.66
24.15,80.89,1.0,Medium,Mini,Sunny,0,Airport,117.92,280.9,3.13,4.55,Rock,73.95,78,1247.5
31.11,132.57,2.0,Medium,Sedan,Sunny,1,SemiUrban,92.68,93.31,4.11,4.34,None,10.19,5,2530.7
33.3,136.86,1.0,Low,Sedan,,1,Airport,117.04,94.93,4.14,4.11,Rock,11.28,69,1413.34
7.65,33.41,1.2,Medium,Sedan,,0,Urban,91.92,290.47,4.02,4.48,None,31.5,23,992.97
36.0,126.79,1.5,Low,Mini,Foggy,0,SemiUrban,119.07,177.99,3.35,4.27,None,10.17,37,1978.26
26.59,60.86,1.2,Low,Sedan,Sunny,0,Urban,90.26,74.45,3.84,3.14,Rock,38.18,73,1183.03
35.39,109.67,1.0,Medium,Mini,Rainy,1,Urban,118.95,69.01,4.41,4.49,Pop,72.0,38,1297.24
19.93,53.28,2.5,Low,Sedan,Sunny,1,Urban,91.86,291.08,4.44,4.81,Rock,98.32,53,2423.12
22.14,90.82,1.0,High,Mini,Sunny,0,SemiUrban,93.75,157.99,4.2,4.61,Rock,4.53,77,997.38
36.84,128.92,2.0,High,SUV,Sunny,0,Airport,118.89,285.54,4.67,3.76,Rock,57.82,36,3598.54
36.1,119.38,1.0,Medium,Mini,Rainy,0,Urban,113.75,194.22,4.23,4.8,Classical,22.54,63,1390.9
18.48,62.06,1.0,Low,SUV,Sunny,0,Urban,,230.54,3.12,3.2,None,44.3,70,1029.81
11.7,42.53,1.0,Medium,SUV,,0,Airport,102.94,119.76,4.54,,Classical,99.38,50,819.0
16.33,39.0,1.0,Medium,Premium,Rainy,0,Airport,92.41,66.88,,3.01,Pop,99.32,62,1362.02
16.12,50.2,1.0,Low,SUV,Rainy,1,Urban,94.47,246.54,,3.72,Classical,60.69,62,1054.45
12.19,30.86,1.0,Low,Premium,Foggy,0,Urban,117.71,92.07,3.07,3.08,Pop,16.6,29,991.2
11.47,48.01,2.5,Low,SUV,Sunny,0,SemiUrban,101.53,229.09,3.65,4.5,Pop,50.04,24,2091.23
34.58,77.43,1.5,Low,Mini,Sunny,0,Airport,112.67,68.89,4.22,,Pop,83.61,36,1828.81
3.72,19.21,1.0,Medium,Sedan,Rainy,0,Airport,110.7,193.83,4.71,4.1,Classical,57.35,10,748.34
82.29,185.42,1.0,High,Mini,Sunny,0,SemiUrban,104.21,238.29,3.63,4.18,Pop,71.76,85,4801.85
7.74,15.28,1.2,Low,Sedan,Sunny,0,SemiUrban,115.82,54.79,,3.62,Pop,77.12,83,654.68
14.44,36.46,1.0,Low,Sedan,Sunny,0,SemiUrban,109.64,147.1,3.31,3.49,Pop,45.54,7,756.81
3.4,26.23,1.5,Low,SUV,Rainy,1,Urban,112.19,197.1,3.9,4.1,None,67.02,38,1118.76
,23.77,1.2,Medium,Premium,Sunny,1,SemiUrban,115.11,249.57,3.57,3.48,None,12.46,49,1209.41
30.97,111.28,1.2,Low,Mini,Rainy,0,SemiUrban,96.68,114.51,3.29,3.31,Rock,38.26,5,1409.63
35.52,90.5,1.2,Low,Sedan,,0,Urban,98.8,254.06,3.98,4.49,Rock,50.99,49,1729.84
9.64,58.66,1.2,Low,Sedan,Sunny,0,Urban,,211.98,4.9,3.64,Classical,72.77,50,959.76
19.08,68.26,1.0,Medium,Sedan,Sunny,1,Airport,114.88,136.69,4.22,3.9,None,46.37,47,1088.9
19.34,45.83,1.0,Medium,Sedan,Sunny,0,Urban,107.93,124.89,,4.82,Classical,95.81,9,926.77
35.07,116.25,1.0,High,SUV,Sunny,0,Airport,119.8,225.5,3.44,3.25,Rock,28.45,91,1638.39
30.75,116.74,1.2,Medium,SUV,Rainy,0,SemiUrban,116.34,231.02,3.86,3.13,None,17.83,3,1780.65
21.01,71.52,1.2,Low,Mini,Foggy,1,Airport,114.02,209.26,4.75,,Rock,19.83,8,1224.19
27.16,66.62,1.5,Medium,Mini,Rainy,0,Urban,97.36,161.03,3.86,,Classical,37.08,58,1570.3
,69.04,1.0,Low,SUV,Sunny,0,Airport,99.99,55.51,3.62,3.93,Rock,53.11,20,1356.3
1.37,15.46,1.0,Medium,Sedan,Sunny,0,Airport,100.82,193.5,3.32,3.02,Pop,31.23,74,688.34
16.71,59.91,1.0,Low,Sedan,Rainy,1,Airport,92.79,203.05,4.16,3.81,Classical,86.74,16,959.69
36.38,142.27,1.2,Low,Premium,Sunny,0,Urban,111.94,110.06,3.14,3.96,Pop,70.13,12,1984.57
29.87,95.98,1.5,Medium,Mini,Rainy,1,Airport,102.37,100.8,3.38,4.89,Pop,26.53,2,2038.33
22.17,95.23,1.5,Low,Sedan,Foggy,0,SemiUrban,108.63,266.07,3.4,3.15,None,76.38,54,1739.21
21.66,37.48,2.0,Low,Premium,Sunny,0,SemiUrban,111.28,94.96,3.08,4.38,Pop,57.62,67,2282.52
14.56,34.92,2.5,Low,Sedan,Sunny,0,SemiUrban,90.25,102.45,3.19,3.79,Pop,68.55,25,1703.03
21.3,79.02,1.5,Medium,Sedan,Foggy,1,SemiUrban,91.43,205.71,3.85,4.75,Pop,94.25,9,1517.36
26.56,75.44,1.0,Low,Mini,Sunny,0,Airport,100.05,129.78,3.02,4.32,Rock,24.55,46,1010.52
17.32,55.49,1.0,Medium,Mini,Rainy,1,SemiUrban,109.67,160.29,3.93,3.79,None,91.97,31,802.89
28.85,94.19,1.0,Medium,Mini,Rainy,0,Airport,104.35,182.52,4.94,,Rock,70.35,21,1293.42
34.59,65.57,2.5,Low,Sedan,Foggy,1,Urban,118.17,282.75,,3.89,Pop,20.89,71,3264.38
7.03,32.38,1.0,High,Sedan,Rainy,0,Airport,97.71,115.14,4.62,4.43,Classical,90.87,43,912.17
18.61,55.1,1.0,High,SUV,Rainy,0,Urban,93.12,61.13,3.01,4.58,None,44.04,84,993.16
16.91,53.0,2.0,High,Mini,,0,Urban,93.43,78.96,4.49,4.39,Rock,20.74,37,1672.92
27.81,94.45,1.0,Medium,Mini,Sunny,1,SemiUrban,96.75,62.9,3.92,3.75,Pop,26.69,30,962.1
10.74,42.48,1.2,Low,Mini,Rainy,1,SemiUrban,97.09,238.53,3.59,3.07,Classical,72.81,47,836.71
,,1.5,Medium,Sedan,Sunny,0,Urban,101.37,295.23,3.01,,Rock,94.31,34,1933.14
35.22,118.47,1.5,Low,Premium,Sunny,0,SemiUrban,106.92,70.05,4.17,3.93,Classical,23.82,4,2317.86
17.31,66.16,1.5,Low,SUV,Rainy,0,Airport,97.48,121.13,4.55,4.17,Rock,91.69,93,1709.87
36.53,73.1,1.5,Low,Sedan,Rainy,0,SemiUrban,105.46,263.45,3.34,3.19,Rock,6.41,6,2047.78
39.73,138.62,1.2,Medium,Mini,Sunny,0,Airport,104.33,274.37,4.57,3.93,None,12.47,40,1974.12
5.14,22.37,1.0,Low,Mini,,0,SemiUrban,99.27,104.07,4.74,3.57,None,36.26,19,410.33
10.09,,1.2,Medium,SUV,Sunny,0,Airport,103.02,279.73,4.51,3.14,Rock,58.78,10,1225.03
38.06,136.24,1.5,Low,Sedan,Sunny,1,Urban,101.5,194.47,4.62,3.71,Classical,57.37,34,2151.61
38.37,126.47,1.0,Medium,Mini,Sunny,0,SemiUrban,118.5,298.76,4.33,4.27,Classical,4.48,16,1354.95
4.81,24.81,1.0,Medium,Sedan,Sunny,1,Airport,92.07,55.62,4.58,4.55,None,3.62,67,543.99
1.58,9.63,1.0,Low,Mini,Rainy,0,Airport,113.01,246.49,4.73,4.52,Pop,65.89,86,708.12
7.28,23.17,1.2,Low,Sedan,,1,Airport,99.28,63.82,4.05,4.02,None,44.6,16,710.11
,138.57,1.0,Low,SUV,Sunny,0,Urban,95.56,233.61,4.66,3.19,None,48.12,31,1554.07
8.02,24.19,1.5,Low,Mini,Foggy,0,Urban,116.12,285.99,4.58,4.19,None,3.0,81,1031.26
20.6,67.7,1.0,Medium,Sedan,Rainy,0,Airport,104.09,131.69,3.39,3.1,Classical,99.87,23,1175.48
34.09,98.99,1.0,High,Mini,Sunny,0,SemiUrban,,134.72,3.57,3.85,Classical,58.89,38,1265.69
1.8,22.75,1.0,Medium,Premium,Sunny,1,SemiUrban,102.47,109.83,4.75,4.32,None,91.42,91,753.79
24.58,94.44,1.2,High,Mini,Rainy,1,Urban,102.14,157.82,3.79,3.25,Pop,36.59,69,1413.65
11.8,25.7,1.0,High,Sedan,Sunny,1,Airport,110.79,168.2,4.99,4.24,Rock,56.08,25,935.18
34.63,89.6,1.0,Medium,Mini,Rainy,0,Airport,112.78,192.97,4.32,4.35,Classical,42.54,75,1441.64
12.05,45.78,2.0,Low,SUV,Sunny,0,SemiUrban,113.67,222.1,3.09,4.78,Pop,11.97,73,1729.6
27.78,112.96,1.5,High,Mini,Sunny,0,Urban,105.76,204.45,3.77,3.43,Rock,43.51,69,1828.95
27.29,122.51,2.0,Medium,Sedan,Foggy,1,Airport,111.06,74.73,,4.64,None,23.56,52,2677.49
9.64,35.71,1.2,High,Mini,Sunny,0,Urban,113.33,208.04,3.74,3.69,Pop,26.23,88,866.89
2.36,25.67,2.0,Medium,SUV,Sunny,1,Urban,110.5,98.18,3.75,3.78,Rock,75.3,80,1272.6
16.96,64.35,1.5,Medium,Mini,Rainy,0,Airport,95.81,183.69,3.69,4.93,Rock,34.15,66,1430.26
12.28,42.91,2.5,High,Mini,Foggy,0,Airport,111.35,196.89,3.66,4.02,None,74.31,66,2320.7
32.55,115.76,1.0,Medium,Sedan,Sunny,1,Urban,109.44,159.07,3.39,4.74,None,98.31,84,4722.53
32.21,109.79,1.0,Medium,SUV,Sunny,1,Urban,92.89,154.43,3.38,4.4,Classical,32.58,68,1334.64
18.82,61.32,1.0,Medium,Sedan,Rainy,0,Airport,109.39,156.33,4.59,3.84,Pop,23.58,34,994.31
24.65,102.55,2.0,High,Mini,Sunny,1,SemiUrban,,108.73,4.23,3.09,Rock,75.26,72,2153.25
24.57,100.24,1.2,Medium,Sedan,Rainy,1,Urban,102.4,250.79,3.55,3.99,Pop,57.48,66,1587.8
33.26,122.06,1.0,Low,Sedan,Rainy,1,SemiUrban,94.01,171.43,4.57,3.75,Rock,79.61,15,1339.82
17.58,50.91,1.2,Medium,Sedan,Sunny,1,Urban,108.32,176.29,4.19,4.05,None,15.83,72,1140.58
11.74,38.54,1.5,Medium,Mini,Sunny,0,Urban,97.17,96.16,3.95,4.46,Classical,65.5,88,922.56
11.34,19.56,2.0,Low,SUV,Sunny,0,Urban,106.35,168.88,4.24,,Pop,72.06,64,1536.4
21.91,77.32,1.5,Low,Mini,Rainy,1,Airport,110.08,159.31,3.61,4.34,Classical,13.39,33,1641.7
18.52,53.2,1.5,Low,Mini,Sunny,0,Airport,105.31,153.51,4.48,4.4,Rock,15.39,93,1277.5
18.16,45.72,1.0,High,Mini,Rainy,0,Airport,99.26,161.53,3.47,4.56,Pop,94.01,1,973.64
4.55,25.28,1.2,Low,SUV,Sunny,1,SemiUrban,,111.52,4.11,4.3,Classical,19.0,90,729.22
29.03,79.6,2.0,Medium,SUV,Sunny,0,SemiUrban,94.08,248.73,4.69,4.76,Pop,68.68,48,2474.68
9.34,40.67,1.5,High,SUV,Sunny,0,SemiUrban,91.28,98.81,4.05,3.6,None,54.36,68,1160.79
8.68,33.25,1.2,Low,Mini,Sunny,0,Airport,114.86,184.83,4.01,4.67,Rock,82.73,2,767.31
,53.36,1.0,Low,Sedan,Rainy,0,Urban,91.03,130.61,4.3,4.26,Rock,5.04,88,824.17
9.88,23.69,1.0,High,Mini,Sunny,0,Urban,104.62,229.75,3.63,4.23,None,1.44,5,736.32
23.77,89.55,1.0,Medium,Premium,Sunny,1,SemiUrban,106.13,222.8,4.98,3.37,None,75.03,70,1340.54
15.49,45.99,1.2,Low,Sedan,Sunny,1,Airport,100.15,224.58,4.4,4.69,Rock,87.84,57,1188.18
18.51,69.18,1.2,High,Sedan,,0,Airport,98.28,271.33,3.67,4.2,None,63.32,95,1341.85
21.95,68.99,2.0,Medium,Mini,Rainy,0,Urban,112.21,245.19,4.27,3.36,Classical,38.36,27,2155.06
8.94,35.01,1.2,High,Sedan,Rainy,1,Airport,100.99,132.41,4.76,3.1,Pop,44.2,49,1025.64
7.07,31.99,1.0,Low,Sedan,Sunny,1,SemiUrban,93.71,148.4,4.68,3.97,None,77.71,32,616.95
35.34,134.67,1.0,Medium,Sedan,Sunny,0,Airport,,266.85,4.89,3.57,Pop,51.55,95,1529.31
,55.4,1.5,Medium,Sedan,Rainy,0,SemiUrban,111.79,255.93,3.31,3.59,Rock,68.7,17,1572.28
17.07,75.4,1.2,Low,Sedan,Sunny,0,SemiUrban,99.24,280.31,3.64,3.15,Pop,94.84,36,1164.61
2.39,14.75,1.2,Low,Sedan,Rainy,0,SemiUrban,93.96,259.66,4.89,3.45,Rock,27.45,17,683.0
20.42,73.0,1.2,Low,SUV,Sunny,0,SemiUrban,100.23,82.33,4.3,4.93,None,15.62,62,1223.5
,52.9,1.0,Medium,Mini,Rainy,1,Urban,106.36,132.56,4.83,4.12,None,84.98,15,1074.79
22.79,76.41,1.0,Low,Mini,Sunny,0,Airport,93.05,123.14,3.51,4.07,Classical,69.57,97,953.84
28.57,97.14,1.0,Low,Sedan,Sunny,0,Airport,97.04,144.75,4.48,4.01,None,48.33,86,1279.5
7.92,36.54,1.0,Medium,Mini,Sunny,0,Urban,119.12,123.08,,4.54,Classical,56.87,14,659.72
10.84,42.45,1.2,Medium,Mini,Rainy,1,Urban,96.12,246.21,4.3,4.35,None,90.96,90,978.72
32.62,,1.2,Low,Mini,Rainy,0,Airport,91.91,225.2,4.13,3.38,Rock,95.71,79,1720.18
37.94,104.62,2.5,Medium,Sedan,Sunny,0,Urban,102.96,99.71,,4.0,Classical,1.14,61,3330.92
6.3,26.95,2.0,Medium,Mini,Rainy,0,Airport,92.21,94.96,3.41,,None,72.43,66,1247.64
20.41,58.52,1.2,Medium,Sedan,Rainy,0,Urban,90.41,104.5,4.95,3.9,Rock,97.49,28,1210.36
9.35,46.45,1.2,Low,Premium,Sunny,1,Urban,90.46,128.52,4.02,4.08,None,18.71,76,1090.53
3.34,3.75,1.2,Low,SUV,Foggy,1,Airport,98.89,220.67,4.64,3.16,Classical,17.93,60,932.11
13.69,44.86,1.0,Medium,SUV,Sunny,0,SemiUrban,92.21,142.23,3.04,3.02,Pop,12.55,6,929.68
6.6,,2.5,High,Mini,Sunny,0,Urban,95.79,156.05,3.3,4.54,Classical,42.45,42,1672.11
28.69,,1.2,Low,Mini,Rainy,0,SemiUrban,109.45,60.51,3.67,4.55,Pop,78.03,4,1331.49
21.82,88.21,2.0,Medium,Mini,Rainy,0,SemiUrban,98.65,170.03,,4.02,Pop,54.1,76,2034.62
6.61,24.04,2.5,Low,Premium,Sunny,0,Urban,107.26,160.4,3.62,4.63,Pop,38.71,9,2145.43
1.36,14.47,1.2,Low,Sedan,Rainy,0,SemiUrban,102.34,220.9,4.55,,Rock,57.35,18,641.78
32.52,108.47,1.0,Low,Mini,Rainy,0,Airport,116.54,100.41,3.26,3.72,Classical,35.09,4,1309.23
7.87,28.26,1.2,High,Sedan,Foggy,1,Airport,110.89,230.65,3.89,3.98,None,50.76,5,1104.93
24.64,57.34,1.2,Low,Mini,Sunny,1,SemiUrban,115.58,229.45,3.64,3.95,Rock,47.12,92,1136.32
14.14,31.87,1.5,Low,Sedan,Rainy,1,Airport,105.57,205.6,3.2,3.04,None,91.6,63,1382.56
23.83,54.93,1.0,Medium,Mini,Sunny,0,Urban,113.44,139.52,4.45,,Classical,53.35,66,897.54
13.31,46.96,1.2,Low,Mini,Sunny,0,SemiUrban,108.47,64.67,4.76,4.68,Classical,65.92,88,591.83
4.39,7.17,2.0,Low,Mini,Sunny,0,Urban,112.32,109.18,4.75,4.96,Rock,29.63,68,730.22
9.7,40.33,2.5,Low,Mini,Sunny,1,Urban,110.54,282.54,3.53,4.51,Classical,36.23,40,1749.51
8.33,26.15,1.0,High,Sedan,Sunny,1,Airport,99.02,269.81,4.93,3.14,None,97.68,56,804.8
17.69,61.47,2.0,Low,Sedan,Sunny,0,SemiUrban,93.76,99.3,4.6,4.22,Pop,60.92,92,1599.09
26.67,97.33,1.0,High,Mini,,1,Airport,114.19,130.32,3.48,,None,29.99,79,1272.69
11.29,43.48,1.5,Low,Sedan,Sunny,0,Airport,92.32,52.47,4.75,3.54,Pop,7.09,54,1021.41
1.47,10.2,1.0,Low,Mini,Sunny,0,SemiUrban,108.16,127.62,3.38,3.97,Classical,60.72,68,242.31
21.24,64.76,2.5,High,Sedan,Sunny,0,Urban,119.66,250.15,3.3,3.03,None,8.32,32,2775.81
,85.18,1.2,Medium,Mini,Sunny,1,SemiUrban,95.48,192.79,4.76,3.94,Classical,16.17,83,1206.98
38.55,154.64,1.0,Low,Mini,Sunny,0,Urban,112.3,267.22,,3.54,Pop,21.61,86,1569.02
23.99,69.0,1.0,Medium,Mini,,0,SemiUrban,118.59,290.37,3.9,,Rock,64.1,66,1040.78
19.38,50.24,1.0,Low,Sedan,Rainy,0,Airport,104.86,105.3,4.31,4.95,Classical,40.32,72,1045.1
23.36,85.5,1.2,Medium,Premium,Rainy,0,SemiUrban,107.19,188.68,3.64,4.35,Classical,73.09,36,1746.94
37.19,109.48,2.0,Medium,Mini,Sunny,1,Airport,101.03,238.79,4.53,4.79,Rock,22.1,58,2887.62
33.31,140.05,1.5,Low,Mini,Foggy,0,Urban,103.25,205.41,,3.29,None,88.42,72,2008.14
13.6,30.13,1.5,High,Mini,Rainy,1,Airport,108.9,115.07,3.4,3.46,Classical,21.24,24,1282.31
10.25,45.17,1.5,Medium,Mini,Sunny,0,SemiUrban,116.14,294.29,4.39,4.85,None,3.32,40,1181.94
11.24,37.51,2.5,Low,Mini,Rainy,0,SemiUrban,,218.59,4.77,3.56,Pop,45.16,97,1834.57
20.67,50.39,1.5,Low,Mini,Rainy,1,SemiUrban,106.3,52.54,4.54,4.76,Rock,12.39,69,1204.73
,84.2,1.0,High,SUV,Sunny,1,Airport,113.47,179.06,4.59,4.48,Rock,42.57,74,1375.12
20.63,71.44,1.5,Low,Mini,Rainy,0,Airport,112.09,91.48,3.46,,Rock,97.0,76,1620.88
3.64,22.76,1.0,Medium,Sedan,Sunny,0,Urban,97.41,230.78,4.65,3.3,Rock,80.09,14,546.37
29.22,87.51,2.5,High,Mini,Foggy,0,SemiUrban,103.86,66.27,4.02,4.12,Rock,46.11,41,2710.73
,122.32,1.0,Medium,Mini,Sunny,1,Urban,110.51,135.17,3.02,4.83,Rock,72.86,25,1262.59
12.29,,1.0,Medium,SUV,Rainy,1,SemiUrban,93.87,128.38,,4.15,Pop,42.55,53,763.48
,116.61,1.0,Low,Sedan,Sunny,0,Airport,116.52,272.87,4.55,4.4,Pop,0.11,48,1326.38
17.64,70.73,1.2,Medium,Mini,Sunny,0,Airport,102.08,268.4,,4.35,None,80.07,99,1203.64
35.68,83.74,1.0,Low,Mini,Foggy,1,Urban,103.6,255.83,4.87,3.23,Classical,76.26,25,1286.66
33.96,122.65,2.5,High,Mini,Sunny,0,SemiUrban,116.09,236.57,3.17,4.66,None,91.76,44,3454.83
,,1.0,Low,Mini,Rainy,0,Urban,95.17,288.62,3.38,4.46,Rock,11.52,86,986.08
27.97,59.76,1.0,Low,SUV,Sunny,0,SemiUrban,91.07,97.79,4.85,3.64,Classical,81.29,46,1053.61
35.45,107.32,1.0,Low,Sedan,Rainy,0,Airport,98.58,254.99,4.5,3.92,Rock,80.96,61,1530.3
20.33,73.26,1.0,Low,Premium,,0,Urban,94.51,218.36,3.83,3.96,None,36.35,68,1225.13
,42.12,1.0,Low,Mini,,0,Airport,119.57,225.36,3.28,4.59,Pop,40.23,19,902.66
30.39,99.86,1.0,High,Sedan,Rainy,0,SemiUrban,106.99,156.72,4.67,4.9,Rock,42.04,20,1232.37
9.58,26.33,1.0,High,Mini,,0,Airport,106.94,213.06,,4.72,Rock,35.45,27,813.66
16.15,68.74,1.0,Medium,SUV,Sunny,0,Airport,113.82,109.35,4.67,3.96,None,58.16,23,1099.65
34.76,79.64,1.0,Low,Mini,,0,Urban,97.76,182.55,4.11,3.68,None,51.45,39,1231.7
29.25,90.0,1.5,Low,Sedan,Sunny,0,Airport,105.68,292.67,4.07,3.46,Pop,57.59,47,2029.2
16.75,31.07,1.0,High,Mini,Rainy,0,SemiUrban,94.26,221.19,4.21,4.37,Pop,60.05,77,912.75
9.38,31.49,1.0,Low,Sedan,Rainy,1,SemiUrban,92.8,218.86,3.84,3.84,None,69.38,44,698.07
14.88,41.73,1.0,Medium,Sedan,Sunny,0,Airport,103.19,108.83,3.22,3.28,Pop,29.49,47,922.33
12.08,42.66,1.2,Low,Sedan,Sunny,1,Urban,117.39,260.2,4.17,3.1,None,18.98,79,953.13
7.87,,1.0,High,Mini,,0,SemiUrban,103.23,280.84,3.84,4.16,Pop,52.93,80,802.76
29.99,110.63,1.2,Low,Sedan,Rainy,0,Urban,103.55,77.09,3.92,4.75,Rock,43.16,39,1470.84
10.83,60.7,2.5,Low,Sedan,Sunny,1,SemiUrban,115.95,163.11,4.2,3.66,Rock,71.29,62,1876.75
18.71,87.81,1.0,Medium,Mini,Sunny,0,Airport,98.58,216.46,3.28,3.42,None,56.91,42,1006.28
16.05,48.9,1.0,Low,Sedan,Sunny,1,SemiUrban,104.7,270.88,3.48,4.01,Rock,69.28,48,819.17
39.3,144.75,1.0,Medium,Premium,Rainy,0,Urban,94.93,184.23,3.57,4.51,Classical,19.4,90,1853.5
16.25,51.55,1.0,Low,SUV,Rainy,1,Airport,,155.02,3.75,3.07,Pop,99.07,58,1182.23
4.12,16.98,1.0,Medium,Mini,Sunny,0,Urban,,59.81,3.19,4.75,Pop,22.96,26,311.11
4.5,30.77,1.2,Low,SUV,Sunny,0,Urban,102.39,187.85,3.31,4.98,Rock,39.77,7,837.77
24.04,62.38,2.0,Medium,SUV,Sunny,1,SemiUrban,98.3,132.33,3.51,3.89,Rock,71.93,65,2228.7
24.38,80.59,1.0,High,Mini,Sunny,0,Urban,97.72,298.28,4.39,4.69,Rock,2.53,73,1148.73
17.33,38.83,1.0,High,Sedan,Sunny,1,Airport,,199.53,4.34,3.84,Pop,82.68,72,1079.85
17.84,67.82,1.5,Medium,SUV,Sunny,1,Airport,101.09,103.65,3.02,3.21,Pop,57.91,87,1601.33
3.1,16.51,1.0,Medium,Sedan,Sunny,0,Urban,117.04,298.15,3.14,4.0,Rock,88.08,55,668.22
21.15,63.87,1.0,Medium,Mini,Rainy,0,Airport,111.26,197.76,4.0,3.36,Classical,54.23,63,1067.69
20.68,71.21,1.2,Low,Sedan,Rainy,0,Airport,116.68,242.32,,3.38,Pop,2.72,79,1413.01
6.83,29.68,1.0,Medium,Mini,Sunny,0,Airport,95.89,292.25,3.59,4.59,Classical,49.34,18,687.0
5.05,5.15,1.5,Low,Mini,Sunny,0,SemiUrban,115.47,237.63,4.0,3.21,Pop,89.67,54,734.35
17.46,15.97,1.0,Low,SUV,Sunny,1,Airport,102.9,285.84,3.4,3.59,Rock,25.86,61,2983.62
4.94,8.95,1.2,Medium,Mini,Sunny,0,Airport,119.43,140.51,3.27,3.72,Rock,31.98,56,609.21
24.78,,1.5,Medium,SUV,Rainy,0,Airport,107.81,62.89,3.14,4.82,None,3.25,83,1877.11
8.66,22.52,1.0,Low,Mini,Rainy,0,Airport,104.62,290.99,3.14,4.22,None,85.1,26,800.51
10.81,22.21,1.0,Medium,Sedan,,0,Urban,117.76,186.93,3.4,3.11,Classical,86.71,76,697.2
7.77,24.24,1.0,High,Sedan,Sunny,0,Airport,101.44,242.83,4.58,3.56,None,16.24,36,794.12
38.36,144.55,2.0,Medium,SUV,Sunny,1,Airport,112.46,187.85,4.61,3.13,None,21.35,7,3459.85
34.33,88.91,1.5,Medium,SUV,Sunny,0,Urban,104.2,240.26,4.82,4.47,Pop,53.37,73,2117.51
9.99,28.15,1.0,Low,SUV,Rainy,1,Urban,112.01,64.91,4.32,3.39,Pop,21.54,31,758.31
13.78,54.77,1.5,High,Sedan,Sunny,1,Airport,98.27,66.71,3.75,3.45,Classical,21.21,22,1420.39
9.19,35.33,1.5,Low,Mini,Rainy,0,Airport,102.2,279.95,3.26,3.24,Rock,40.22,63,1137.29
20.18,78.43,2.5,High,Sedan,Sunny,0,SemiUrban,100.36,158.94,3.44,4.38,Pop,56.54,43,2558.97
1.76,9.73,1.0,High,Mini,Rainy,0,Urban,116.06,125.22,3.88,4.04,Classical,2.7,76,573.58
,63.73,2.0,Medium,Mini,Rainy,0,SemiUrban,117.86,278.71,3.5,3.53,None,87.87,98,2205.51
21.4,70.64,1.0,High,Mini,Sunny,0,Urban,112.07,299.71,3.63,4.59,None,72.32,40,1023.44
36.05,95.79,2.0,Medium,Mini,Sunny,0,Airport,114.65,203.55,4.89,4.16,Rock,8.8,2,2869.3
7.41,32.2,1.0,High,Mini,Rainy,0,Urban,100.62,189.99,3.77,3.36,Rock,57.52,53,737.5
32.36,123.14,1.0,Medium,Mini,,0,Airport,94.52,279.38,3.31,3.04,Rock,13.24,32,1425.33
31.89,93.17,1.5,Low,Sedan,Rainy,0,SemiUrban,110.6,94.59,3.69,3.18,Rock,68.46,1,1809.75
5.96,,1.5,Low,Mini,Sunny,0,SemiUrban,109.12,208.24,3.08,3.67,Pop,19.45,89,746.86
16.54,68.53,1.0,Medium,Mini,Rainy,1,SemiUrban,97.91,251.57,4.23,3.16,Pop,23.53,68,885.91
7.64,27.86,1.2,High,Sedan,Sunny,0,Urban,117.37,234.87,4.44,3.49,Classical,84.36,38,929.87
10.93,34.93,1.0,High,Mini,Sunny,0,Urban,100.73,237.09,3.81,3.15,None,31.12,45,709.94
11.27,46.55,1.0,High,Mini,Sunny,1,Airport,114.46,251.25,4.1,3.15,None,83.52,4,918.53
22.69,81.29,1.0,Low,Sedan,Sunny,0,Airport,93.87,103.09,4.75,3.62,Pop,75.84,73,1126.09
17.05,61.94,1.0,Medium,Sedan,Rainy,0,Airport,98.6,188.86,3.41,4.03,Classical,31.96,82,1098.91
37.96,104.21,1.2,Medium,SUV,Rainy,1,Airport,108.43,77.45,3.33,3.69,Classical,68.97,41,2014.01
5.93,27.29,1.0,Medium,Mini,Rainy,1,Urban,97.26,72.69,3.52,3.21,Pop,0.81,48,533.71
38.97,93.44,1.0,Low,Sedan,Sunny,0,Airport,118.69,254.45,3.44,3.11,None,57.36,11,1616.26
9.99,,2.0,Medium,Mini,Rainy,0,SemiUrban,106.55,252.98,4.75,,Rock,82.82,61,1523.42
31.14,126.23,1.0,Medium,Mini,Sunny,0,Airport,111.94,95.6,3.09,4.4,Rock,84.42,70,1290.61
14.22,52.28,1.2,Medium,Mini,Sunny,1,SemiUrban,106.84,191.39,3.17,4.34,Pop,61.95,80,887.29
6.58,31.71,2.0,Medium,Sedan,Sunny,0,SemiUrban,102.2,59.75,4.88,4.79,Pop,35.24,8,1033.69
34.46,86.77,1.0,Medium,Mini,Sunny,0,Urban,,142.7,3.78,4.82,Rock,97.2,19,1166.84
13.05,39.58,1.0,Low,SUV,Rainy,0,Airport,90.68,86.81,3.99,4.54,Pop,98.97,5,967.86
26.7,99.13,1.2,High,SUV,Rainy,0,Airport,102.8,143.11,4.16,3.03,Classical,2.49,90,1764.03
23.09,91.84,1.2,Low,Mini,Sunny,0,Urban,116.43,194.99,4.56,3.22,Pop,15.99,89,1209.38
19.4,71.85,1.2,Medium,Mini,Sunny,0,Airport,92.55,251.17,4.42,4.48,Classical,97.61,25,1269.94
20.34,61.25,1.2,Low,Sedan,Sunny,0,Urban,96.22,178.32,3.74,4.65,Rock,99.36,9,1105.48
29.56,121.28,2.0,Medium,Mini,Sunny,0,SemiUrban,118.82,282.87,4.6,4.22,Pop,94.39,99,2523.23
4.42,,1.0,High,SUV,Sunny,1,Urban,118.77,75.27,4.49,3.73,None,7.72,65,698.81
27.06,79.63,1.5,Low,Premium,Rainy,0,Airport,101.54,184.71,4.76,3.37,Rock,65.53,47,2233.5
35.94,132.2,1.0,High,Mini,Foggy,0,Urban,112.57,276.78,3.5,4.35,Pop,6.54,66,1462.39
3.25,21.67,1.0,Low,SUV,Sunny,1,Urban,108.77,108.59,3.19,3.83,Pop,47.34,44,613.09
6.49,28.16,1.0,Low,Sedan,Rainy,0,SemiUrban,104.79,242.72,3.21,3.74,Rock,97.74,42,553.87
28.95,117.95,1.0,High,Sedan,Foggy,0,Urban,114.42,113.79,4.09,3.94,None,86.65,25,1305.25
18.05,53.07,1.5,Medium,Mini,Sunny,0,Airport,109.53,294.42,3.52,4.67,Classical,12.63,12,1475.71
16.74,53.07,1.0,Low,Mini,Sunny,0,SemiUrban,92.73,239.24,3.09,4.29,Classical,54.27,29,739.34
6.34,12.19,1.0,High,Sedan,Sunny,0,SemiUrban,115.19,213.32,4.67,4.11,Pop,14.15,12,788.06
20.76,84.06,1.0,Medium,Sedan,Rainy,1,Urban,98.23,268.27,4.72,3.64,Classical,15.12,77,1117.56
5.94,36.78,1.0,Low,Premium,,0,Airport,108.99,196.92,3.73,3.65,Classical,12.58,75,1144.4
19.59,95.23,1.5,High,Sedan,Rainy,0,Urban,113.26,123.06,3.26,4.98,Classical,9.71,71,1755.7
30.78,97.23,1.5,Medium,Sedan,Rainy,0,Urban,116.93,129.51,,3.94,Classical,20.45,39,1955.48
11.07,,1.5,Low,Premium,Foggy,0,Urban,117.76,197.2,4.36,3.46,None,91.69,86,1529.89
19.75,65.53,1.2,High,Mini,Rainy,0,Urban,117.77,182.02,,4.44,None,35.79,55,1389.26
39.69,115.79,1.2,Medium,Mini,Rainy,0,Airport,109.72,277.0,4.4,4.5,Classical,85.3,73,2007.63
27.78,78.77,1.0,Medium,Sedan,Sunny,1,SemiUrban,108.73,185.48,4.71,3.76,None,3.82,39,1112.98
33.81,127.27,1.2,High,Mini,Rainy,0,Urban,90.44,177.69,4.77,4.57,Classical,58.76,96,1730.4
17.18,81.32,1.0,High,SUV,Foggy,0,SemiUrban,,162.09,4.98,4.74,Classical,58.0,78,1136.19
30.95,88.55,2.5,Low,Sedan,Rainy,1,Airport,101.78,82.17,3.71,4.66,None,92.09,52,3322.43
2.58,16.93,2.5,High,Mini,Rainy,0,Urban,113.79,80.15,4.83,3.14,Pop,13.71,29,1426.26
,48.76,2.0,Low,Mini,Rainy,0,SemiUrban,,216.98,4.28,4.58,Classical,75.69,99,2849.21
8.92,49.31,1.0,Medium,Sedan,,0,Airport,97.06,164.7,,3.8,Rock,78.89,42,785.51
16.68,74.25,1.0,High,Mini,Sunny,1,SemiUrban,93.69,186.56,4.19,3.21,Pop,52.42,12,798.94
33.98,92.08,2.0,Medium,Mini,Sunny,1,SemiUrban,104.05,281.77,3.76,4.78,Classical,22.62,31,2484.92
14.5,29.97,1.5,Low,Sedan,Sunny,0,Airport,117.39,245.74,3.15,3.98,Classical,34.31,38,1361.8
26.53,83.41,1.5,Medium,Mini,Sunny,1,Urban,91.59,144.88,3.49,4.75,Classical,53.53,35,1502.91
28.66,68.13,1.0,Medium,Mini,Rainy,0,SemiUrban,103.88,244.48,4.43,4.2,Classical,49.13,61,1205.45
23.86,58.91,1.5,Low,Sedan,Rainy,1,SemiUrban,91.77,293.42,3.7,3.65,Rock,70.0,55,1659.82
,36.28,1.2,High,Mini,Sunny,1,Airport,97.5,90.85,4.29,,Classical,25.62,15,1008.75
23.51,61.23,1.0,High,SUV,Sunny,0,Urban,118.61,274.2,4.82,4.92,Rock,29.65,16,1328.01
14.35,37.19,2.0,Medium,Mini,Rainy,1,Urban,93.14,138.56,4.18,4.24,Classical,90.49,19,1512.22
4.27,,1.0,Medium,Sedan,Sunny,0,SemiUrban,91.53,233.95,4.91,4.63,Pop,74.14,58,563.21
39.72,105.49,1.2,Low,Mini,Sunny,0,Urban,92.62,219.86,3.69,4.73,Rock,35.53,80,1623.1
5.96,19.19,1.2,High,Mini,Sunny,0,SemiUrban,110.75,226.78,4.75,3.78,Pop,72.1,93,727.51
3.82,19.34,1.2,Low,SUV,Sunny,0,Urban,90.36,272.98,4.93,3.31,Pop,2.59,29,833.79
35.26,131.57,1.0,Low,Sedan,Sunny,1,SemiUrban,101.81,207.62,4.04,4.95,Pop,35.41,93,1317.52
12.77,62.74,1.2,High,Mini,,1,Airport,118.6,97.68,3.73,4.78,None,14.26,30,1179.8
26.36,100.34,1.2,High,Mini,Rainy,0,SemiUrban,92.07,217.23,3.7,4.19,Classical,29.04,85,1430.39
13.83,45.71,1.2,Medium,Mini,Sunny,0,Airport,117.96,134.63,3.85,4.89,Classical,56.47,56,929.43
16.27,63.34,1.5,Low,Sedan,Sunny,0,Urban,93.53,288.59,4.32,4.22,None,64.44,53,1398.87
11.22,46.63,1.0,Low,Sedan,Rainy,0,Urban,93.83,128.32,3.88,4.24,Classical,96.44,25,836.74
14.38,63.22,2.0,Medium,Mini,Sunny,1,Airport,108.14,110.27,4.53,4.26,Pop,60.88,72,1671.49
17.02,65.16,1.0,Medium,Mini,Sunny,0,Urban,97.32,53.89,,4.65,None,29.54,14,701.61
29.1,78.56,1.2,Medium,Sedan,Sunny,0,Airport,90.09,265.52,3.65,3.63,Classical,78.38,18,1584.74
20.95,80.87,1.0,Medium,Sedan,,0,Airport,112.48,279.02,4.61,3.62,Classical,38.86,8,4471.07
37.8,135.55,1.0,Medium,Mini,Rainy,0,SemiUrban,101.13,66.91,4.52,3.07,Classical,12.06,32,1423.41
2.63,15.5,1.5,Medium,Mini,Foggy,0,SemiUrban,117.24,153.66,4.24,4.62,Rock,60.68,55,780.88
20.62,39.76,1.0,High,SUV,Sunny,0,SemiUrban,98.34,154.65,3.37,3.53,Classical,54.52,98,926.79
23.78,83.27,2.5,Medium,Sedan,Sunny,1,Airport,110.08,250.07,4.01,3.44,Classical,2.91,15,3131.9
36.89,136.74,1.0,High,Mini,Sunny,0,SemiUrban,99.79,135.92,3.91,3.95,Rock,19.21,18,1297.58
2.92,-15.66,2.0,High,Mini,Foggy,1,Airport,94.45,135.85,3.04,4.72,Rock,14.28,12,1117.53
23.37,101.9,1.2,Low,Premium,Sunny,0,SemiUrban,119.25,132.93,4.98,4.2,Classical,43.43,14,1597.77
34.29,146.28,1.2,High,Sedan,Sunny,0,SemiUrban,107.65,157.3,4.42,4.69,Pop,99.49,58,1747.86
10.44,47.61,1.0,Low,Sedan,Rainy,0,Airport,115.19,210.67,3.74,,Pop,75.53,83,1019.67
35.18,104.6,1.0,High,Mini,Sunny,1,SemiUrban,97.51,292.14,4.15,,Rock,31.03,19,1320.06
1.74,10.26,1.0,Medium,SUV,Sunny,0,Airport,101.8,182.05,4.78,4.43,Rock,95.08,38,740.8
29.57,,1.2,Medium,Sedan,Foggy,0,Urban,104.31,147.37,3.08,3.57,Rock,53.13,64,1606.36
37.39,133.5,1.2,Low,Mini,Sunny,1,Airport,108.89,54.4,3.52,4.88,Pop,84.37,47,1640.74
26.63,103.12,1.5,Low,Mini,Sunny,0,Airport,101.85,90.05,4.9,4.51,None,98.46,68,1686.26
18.12,68.46,2.0,Low,Mini,Sunny,0,SemiUrban,97.42,287.02,3.03,4.4,Classical,80.91,28,1720.72
2.75,16.8,1.2,High,SUV,Foggy,0,Urban,,114.93,4.16,3.03,Classical,82.82,90,868.91
36.88,160.26,1.0,Medium,Sedan,Foggy,0,Urban,107.98,100.44,4.07,4.38,Pop,95.02,21,1511.78
19.34,48.95,1.0,Medium,Sedan,Rainy,0,Airport,97.43,93.05,4.96,4.05,Classical,21.61,36,1047.7
2.13,19.78,1.5,High,Sedan,Sunny,0,SemiUrban,101.9,197.02,3.86,3.35,None,84.98,80,913.11
27.9,90.5,1.0,Low,Sedan,Rainy,0,Urban,,148.74,4.95,4.17,Pop,17.18,2,1227.05
19.79,63.25,1.2,Medium,Mini,,1,Airport,97.69,195.98,3.02,3.21,Classical,55.57,17,1201.04
5.85,28.79,1.0,Medium,Mini,Rainy,0,SemiUrban,104.49,293.5,3.68,3.97,None,10.66,65,703.07
9.36,31.63,1.0,Low,Mini,,0,Airport,113.88,68.64,3.54,3.38,Rock,33.49,27,630.2
3.52,15.83,1.2,High,Mini,Rainy,1,Urban,101.19,83.68,3.29,3.02,Rock,14.66,42,643.65
23.4,56.13,1.2,Medium,Premium,Sunny,0,SemiUrban,98.85,193.4,4.99,3.74,Pop,83.31,7,1485.58
25.26,,1.2,Low,Mini,Rainy,1,Urban,105.48,90.99,4.94,3.74,Pop,61.04,81,1209.41
20.72,,1.2,Medium,Sedan,Sunny,1,Airport,91.49,215.85,3.29,4.03,Rock,19.78,66,1322.46
32.87,110.84,1.0,High,SUV,Sunny,0,Urban,100.62,253.55,4.05,,Pop,85.5,65,1518.29
34.58,73.83,1.0,Low,Sedan,Rainy,1,SemiUrban,94.06,231.94,3.19,3.16,Pop,64.23,44,1347.39
,50.05,1.2,Medium,Sedan,Sunny,0,Urban,97.61,129.34,3.25,3.45,Pop,7.68,18,1136.92
1.5,10.92,1.2,High,Mini,Rainy,0,Urban,101.72,259.54,4.42,,Classical,31.64,31,747.22
28.11,60.91,1.0,High,Mini,Rainy,0,SemiUrban,91.74,177.58,4.73,3.7,Pop,13.2,79,1059.89
17.3,35.84,1.2,Medium,Sedan,Sunny,1,Airport,113.92,245.78,4.21,,Pop,9.17,99,1181.32
23.06,87.53,1.2,Low,Mini,Sunny,0,SemiUrban,98.24,290.47,3.23,4.61,Rock,68.08,79,1206.69
26.31,56.42,1.0,Medium,Mini,Foggy,1,Airport,96.98,166.3,4.65,3.84,None,13.03,54,1122.86
14.66,49.91,1.5,Medium,Sedan,Rainy,0,Airport,100.31,166.27,4.73,3.62,Classical,14.74,42,1493.83
36.77,78.96,1.2,Low,SUV,Foggy,0,Urban,101.04,112.3,4.12,3.46,Classical,77.98,75,1693.46
,16.93,1.0,Medium,Mini,Rainy,0,SemiUrban,114.38,80.74,3.83,4.58,Rock,92.24,81,523.98
27.19,83.75,1.2,Medium,Mini,Sunny,0,Airport,98.54,233.77,3.82,3.19,None,26.32,66,1500.47
1.17,0.73,1.2,High,Mini,Sunny,0,Airport,103.82,237.05,4.32,3.97,None,94.86,91,661.89
37.06,138.43,2.0,Low,Sedan,Sunny,0,Airport,104.94,173.58,,3.75,None,28.03,10,3074.65
5.39,15.78,1.5,Low,SUV,Sunny,1,Urban,99.17,239.2,4.82,4.27,Classical,36.43,99,908.96
4.7,12.75,1.0,Medium,Mini,Sunny,0,SemiUrban,,110.92,4.57,4.09,None,65.08,8,472.52
13.99,51.52,1.0,Medium,SUV,Foggy,0,Urban,108.72,50.87,3.71,3.69,None,74.09,71,845.2
15.57,44.1,2.0,Medium,Sedan,Sunny,0,Airport,111.63,58.16,3.81,3.21,Rock,98.74,5,1727.81
9.36,27.22,1.5,Low,Sedan,Sunny,0,Airport,91.64,189.6,4.45,3.27,None,76.99,73,1185.97
23.82,46.27,1.0,Low,Mini,Rainy,0,SemiUrban,114.59,62.77,4.39,4.36,Pop,44.03,10,866.53
18.27,59.87,1.0,Medium,Mini,,1,SemiUrban,97.21,257.37,4.84,3.99,Classical,10.81,90,930.56
2.33,1.7,1.5,High,SUV,Sunny,1,SemiUrban,92.75,228.43,4.58,4.58,Classical,62.61,25,967.54
13.47,31.99,1.5,Medium,SUV,Sunny,1,Airport,109.83,268.9,4.96,4.85,Rock,84.17,8,1552.5
32.61,123.88,1.0,Medium,Sedan,Rainy,0,Airport,96.54,222.17,3.44,4.35,Classical,83.22,55,1495.62
27.9,106.28,1.2,High,Sedan,Rainy,0,Airport,102.2,65.48,4.85,4.82,Classical,71.71,30,1663.19
29.27,90.98,1.0,Medium,Mini,Sunny,0,SemiUrban,111.24,130.0,4.95,3.06,Pop,75.65,51,1067.15
28.23,115.82,1.0,Medium,Premium,Sunny,0,Urban,93.08,139.24,4.81,4.07,Rock,12.98,30,1545.43
13.13,52.94,1.0,Low,SUV,Sunny,1,Urban,93.83,195.11,3.28,3.53,Rock,12.62,10,909.67
4.89,14.67,1.2,High,Mini,Sunny,0,Airport,109.95,290.7,4.88,3.39,Rock,57.8,44,875.39
11.63,27.12,1.5,Medium,SUV,Sunny,0,Airport,103.49,242.47,4.52,3.56,Rock,6.24,11,1530.46
33.44,92.84,1.2,Low,Mini,Sunny,1,Urban,96.64,113.03,3.72,4.64,Rock,18.21,46,1297.4
39.24,124.39,1.0,Low,Mini,Sunny,0,Urban,105.47,74.37,3.91,,Classical,73.35,45,1366.32
20.26,61.28,2.0,Low,SUV,Rainy,0,Airport,108.56,274.27,3.13,4.55,Classical,2.49,39,2452.11
1.38,18.45,1.0,Low,Sedan,Sunny,1,SemiUrban,102.15,194.69,3.82,4.0,Classical,16.16,51,451.02
6.46,14.84,1.5,Low,Sedan,Sunny,1,Airport,95.19,86.31,3.49,3.53,None,79.15,66,733.7
13.56,53.51,1.5,High,Sedan,Foggy,0,SemiUrban,109.43,259.1,4.44,3.94,Classical,92.45,63,1427.02
23.56,71.3,1.0,Low,Mini,Sunny,0,Urban,93.64,208.12,4.13,3.43,Pop,25.02,23,941.88
3.93,7.19,1.0,Medium,Mini,Rainy,0,Urban,109.61,272.4,4.87,4.98,Classical,50.84,5,557.47
37.79,120.94,2.0,Low,Sedan,Rainy,0,Urban,98.13,240.34,4.24,4.55,Pop,88.47,65,2897.91
15.24,40.93,1.2,Medium,Mini,Sunny,1,Urban,90.04,180.28,4.56,,Pop,80.62,32,868.03
36.59,109.99,1.0,Medium,Sedan,Sunny,1,Airport,103.97,190.95,4.63,5.0,Pop,85.42,47,1507.59
31.44,119.35,2.0,Low,Sedan,Sunny,1,Urban,99.3,180.82,3.13,3.3,Rock,32.24,49,2498.75
30.46,109.47,1.0,High,SUV,Sunny,1,SemiUrban,,63.67,4.64,4.32,Pop,29.2,94,1376.44
24.66,50.07,1.0,Medium,Mini,Sunny,0,SemiUrban,104.95,283.68,3.33,,Rock,72.31,90,1008.83
25.44,78.62,1.2,High,Sedan,Sunny,1,Airport,100.1,296.91,3.44,4.09,Pop,52.04,9,1630.17
25.88,97.62,1.2,Low,Premium,Rainy,1,Urban,98.85,126.1,4.0,4.43,Pop,86.94,55,1765.96
25.52,97.63,1.0,Medium,Mini,Sunny,0,Urban,112.88,254.86,3.93,3.6,Rock,74.36,12,1117.09
22.6,68.49,1.0,High,SUV,Foggy,0,SemiUrban,92.49,299.39,4.91,3.2,None,34.94,63,1271.8
39.47,,1.2,High,Mini,Rainy,0,Urban,101.94,54.85,3.89,4.31,Rock,82.56,7,1604.89
29.56,94.77,1.2,High,SUV,,0,SemiUrban,97.41,130.58,3.84,3.05,Classical,92.25,29,1646.35
31.3,95.98,2.0,Medium,Sedan,,0,SemiUrban,98.56,192.49,4.64,3.45,None,11.76,43,2500.63
35.03,153.83,1.2,Medium,Premium,,0,Airport,103.26,148.6,3.59,3.02,None,53.75,8,2308.07
9.41,45.43,1.2,High,Mini,Sunny,0,Airport,117.68,291.95,4.6,4.47,Rock,56.99,68,1033.33
4.27,24.32,1.0,Low,Sedan,Rainy,0,Airport,109.78,97.95,3.49,4.77,Rock,5.96,94,685.6
19.83,64.71,2.0,Medium,Sedan,Sunny,1,Urban,95.79,148.26,3.81,3.65,None,1.46,87,1830.53
21.05,38.1,1.0,High,Sedan,Foggy,1,Urban,107.17,233.25,4.83,3.63,None,18.01,64,982.11
33.34,129.28,1.2,Low,Mini,Rainy,0,Urban,94.61,249.24,3.95,3.19,Rock,83.47,55,1541.83
18.31,56.61,2.0,Low,Mini,Sunny,1,Urban,116.56,75.25,4.86,3.08,None,64.05,29,1552.33
23.26,95.82,1.5,Low,Mini,Rainy,1,Airport,102.72,105.2,3.76,3.47,Pop,18.05,48,1642.16
21.56,52.65,1.2,High,Mini,Sunny,1,SemiUrban,118.49,83.03,3.18,4.72,Rock,60.72,39,1061.06
2.49,14.27,1.5,Medium,Sedan,Sunny,0,SemiUrban,109.87,175.01,4.53,4.2,Rock,62.79,49,790.65
24.99,77.51,2.0,Medium,Mini,Rainy,1,Airport,115.01,183.13,3.5,3.02,Pop,46.74,12,2441.41
33.29,75.63,1.5,High,Sedan,Foggy,1,SemiUrban,95.38,234.31,4.5,4.22,Classical,52.52,76,2063.96
7.14,30.09,1.2,Medium,Sedan,Sunny,0,Airport,115.65,268.4,4.15,3.1,Pop,69.22,82,1020.33
24.18,66.71,1.2,High,Mini,,1,Urban,95.69,84.37,4.95,3.84,None,90.11,85,1175.55
24.15,98.75,1.0,Low,Mini,Sunny,0,Airport,119.28,182.54,3.85,4.87,None,85.74,91,1151.75
7.4,21.14,1.2,Medium,Mini,Sunny,0,Airport,98.4,170.15,4.79,4.25,None,70.86,83,778.73
5.82,21.78,1.0,Low,Sedan,Sunny,1,Urban,110.52,273.88,4.45,4.22,None,85.6,68,693.09
39.22,,1.0,Low,Sedan,Rainy,0,Urban,106.39,182.0,3.29,4.35,Classical,62.73,55,1481.73
16.36,59.43,1.2,Low,Sedan,Sunny,0,Urban,104.36,107.61,4.42,3.28,Classical,75.03,50,959.58
9.87,49.94,1.0,Medium,Premium,Sunny,0,SemiUrban,102.86,281.51,4.28,3.19,Pop,88.35,20,1000.5
7.68,31.78,1.0,High,Mini,Foggy,0,Airport,101.51,282.75,4.96,3.74,Pop,87.89,80,812.51
27.04,94.28,1.0,Medium,SUV,Sunny,0,SemiUrban,99.1,81.43,3.91,3.38,None,81.17,6,1232.52
24.77,54.17,1.0,Low,Sedan,Sunny,1,SemiUrban,107.92,263.24,,3.05,Classical,54.82,86,1041.51
26.1,93.8,1.0,High,Mini,Rainy,0,Airport,119.53,259.27,4.42,3.68,None,18.99,51,1371.48
4.43,29.13,2.0,Low,SUV,Sunny,0,SemiUrban,110.16,197.36,4.22,3.99,Classical,84.03,88,1316.27
35.85,142.56,1.5,High,SUV,Sunny,0,SemiUrban,112.71,168.22,4.23,,Rock,75.87,37,2334.42
16.18,26.03,1.0,High,Mini,Rainy,0,Urban,109.63,96.2,3.9,4.94,Classical,77.18,32,868.62
13.22,34.27,1.0,Medium,Sedan,Rainy,0,Urban,105.47,102.54,4.54,4.53,Rock,12.55,97,935.9
19.03,78.93,1.2,Low,SUV,Rainy,0,Urban,114.51,115.74,3.02,4.48,Pop,85.65,71,1406.86
16.21,44.41,1.2,Medium,Sedan,Sunny,1,SemiUrban,99.69,70.17,3.31,4.76,Pop,79.81,60,889.01
34.68,92.97,1.2,High,SUV,Rainy,0,SemiUrban,98.2,227.99,4.7,4.18,Pop,39.67,41,1795.61
37.24,135.52,1.0,Medium,Mini,Rainy,0,Urban,,62.43,4.86,3.88,Classical,47.9,93,1299.42
12.83,36.85,1.0,Low,Mini,Sunny,1,Airport,107.36,74.0,4.48,3.97,Classical,95.44,30,754.82
34.69,127.94,1.0,High,Mini,Sunny,1,Urban,90.0,91.29,3.31,3.39,Rock,4.38,19,1297.5
31.48,70.29,1.2,Medium,Sedan,Sunny,0,Airport,115.05,222.23,4.16,3.76,Pop,13.24,77,1619.83
37.3,152.76,1.5,Low,SUV,Sunny,0,Airport,99.1,79.0,3.56,4.6,Classical,81.67,22,2405.63
10.58,25.68,2.0,High,Sedan,Rainy,1,SemiUrban,108.02,94.38,4.12,4.0,None,61.27,60,1477.09
23.5,74.04,1.0,High,Sedan,Rainy,1,Urban,91.57,284.21,3.41,3.37,Pop,5.4,29,1139.85
11.71,61.65,1.5,Low,Mini,Sunny,0,Airport,102.95,120.97,3.27,4.72,None,69.88,42,1106.43
33.14,85.87,2.5,Low,Mini,Sunny,0,SemiUrban,92.04,223.51,3.39,4.3,Pop,38.82,54,2794.6
1.21,8.4,1.5,Medium,SUV,Rainy,0,SemiUrban,90.34,283.22,4.79,4.2,Classical,45.77,50,1143.2
23.03,81.73,1.5,Low,Sedan,Sunny,1,SemiUrban,113.65,60.37,3.12,4.94,Classical,22.55,18,1393.74
14.23,31.58,2.0,Low,SUV,Sunny,1,Urban,102.14,166.63,3.07,4.85,Rock,17.56,8,1741.61
13.58,54.51,1.0,High,Sedan,Rainy,0,SemiUrban,114.44,183.79,3.38,3.29,Pop,42.73,7,948.63
26.15,81.7,1.0,High,Sedan,Foggy,0,SemiUrban,100.12,240.19,4.13,4.48,None,58.41,57,1259.01
34.21,,2.5,Low,Premium,Sunny,1,Airport,,291.03,3.18,4.81,None,21.58,37,4534.05
24.76,68.81,1.2,Medium,Mini,Foggy,1,Airport,92.83,60.21,4.04,4.72,Pop,45.43,34,1278.45
34.27,130.34,1.5,Low,Mini,Sunny,0,Airport,95.71,145.09,4.44,4.78,Rock,58.7,74,1961.86
11.32,34.46,1.5,Low,Sedan,Sunny,1,Airport,104.14,157.72,4.08,4.61,Pop,48.32,40,1218.42
21.26,55.32,1.0,Low,Sedan,Sunny,0,Urban,103.22,291.67,4.53,4.98,Rock,46.81,35,847.85
18.57,72.54,1.2,Low,Sedan,Rainy,0,SemiUrban,95.83,240.03,4.04,3.55,None,28.86,5,1137.25
,13.49,1.2,Medium,Mini,Rainy,0,Airport,116.12,283.83,3.18,3.32,Classical,11.23,90,799.75
22.72,59.8,1.0,High,SUV,Sunny,0,Urban,98.53,83.85,4.34,3.15,Classical,95.01,71,1102.56
26.8,68.9,1.0,Medium,Sedan,Sunny,0,Airport,102.82,56.18,,4.65,Pop,90.29,7,1129.36
24.08,48.8,1.2,Medium,Mini,,0,Urban,100.12,292.76,4.04,3.91,Classical,93.01,12,1265.75
29.71,85.1,1.0,Low,Mini,Rainy,1,SemiUrban,119.86,132.73,4.99,3.52,Rock,54.69,40,1089.41
23.28,75.24,1.0,Medium,SUV,Sunny,0,SemiUrban,100.4,214.26,3.55,4.35,None,26.12,63,1167.03
3.6,3.51,1.0,Low,Mini,Sunny,1,Airport,97.94,89.28,4.64,3.0,Classical,32.98,89,477.59
5.54,19.88,1.5,Low,Sedan,Foggy,0,SemiUrban,117.2,188.34,4.13,3.39,None,60.08,42,842.48
24.26,69.21,2.0,Low,Mini,Sunny,1,SemiUrban,94.72,285.28,4.83,3.76,Rock,71.5,48,1841.47
11.72,46.45,1.2,Low,Mini,Sunny,1,Airport,117.55,225.68,4.82,3.42,Classical,64.42,6,975.3
4.11,14.91,1.0,Medium,Sedan,Foggy,0,Airport,107.06,162.93,4.43,3.69,Rock,17.67,8,737.45
17.75,48.53,2.5,Low,Sedan,Sunny,1,Urban,96.7,280.58,3.61,3.33,Rock,89.02,9,2308.52
22.62,82.2,1.0,High,Mini,Sunny,0,Urban,97.56,81.49,4.9,3.01,Rock,61.42,1,996.04
13.82,47.28,1.0,High,Premium,Sunny,0,Urban,111.33,167.32,4.67,3.99,None,86.42,56,1027.38
29.1,97.85,1.0,Low,Mini,Sunny,1,SemiUrban,91.18,193.21,4.93,3.14,Pop,61.79,39,1051.35
26.11,79.46,1.0,Medium,SUV,Rainy,0,Urban,111.46,53.41,4.94,4.44,Pop,40.44,73,1238.76
13.98,25.77,1.0,Medium,Mini,Rainy,1,SemiUrban,99.3,54.5,3.88,3.12,Classical,8.55,33,624.7
30.44,119.54,1.0,High,SUV,Sunny,0,Urban,114.25,204.55,3.2,4.53,Pop,30.3,87,1434.81
26.3,101.29,1.0,Low,SUV,Rainy,1,SemiUrban,93.75,213.62,4.01,3.12,Classical,19.09,71,1267.76
25.86,70.66,1.2,Medium,Mini,Sunny,0,Urban,97.47,295.44,3.24,4.95,Rock,96.21,62,1288.25
22.58,75.77,1.0,Low,Sedan,Rainy,0,SemiUrban,103.17,127.61,3.98,3.72,Rock,40.05,14,1005.82
1.44,15.35,1.2,Medium,Mini,Sunny,0,Airport,116.38,135.71,4.1,3.6,Classical,90.49,17,643.27
28.16,100.87,1.2,Low,Sedan,Sunny,1,SemiUrban,98.52,198.62,4.15,,Classical,33.08,97,1440.26
15.67,54.91,1.0,Low,SUV,,1,Airport,115.31,235.5,3.02,3.48,Rock,12.38,51,1242.01
37.76,82.56,1.5,Low,Mini,Sunny,0,Airport,93.06,180.01,4.71,3.35,Classical,80.99,6,1905.13
32.9,92.32,1.2,Low,Mini,Sunny,0,SemiUrban,95.21,204.45,3.92,4.66,Classical,46.92,15,1324.5
23.92,63.51,1.0,Low,Mini,Sunny,0,SemiUrban,94.74,101.57,4.42,3.92,Classical,85.07,64,897.47
10.84,35.71,1.0,Medium,Mini,Sunny,1,Airport,108.39,229.0,3.22,3.2,Classical,56.65,31,732.64
,30.1,1.5,Medium,Mini,Sunny,1,Urban,101.66,150.68,4.49,,Classical,9.98,39,893.39
14.28,67.24,1.5,Medium,Mini,Sunny,0,Airport,115.9,194.34,3.88,4.72,None,3.17,48,1420.76
,59.02,1.2,Low,Mini,Foggy,0,Urban,104.58,214.8,4.48,4.85,None,15.93,5,3511.23
12.55,51.69,1.0,Low,SUV,Rainy,1,Airport,115.14,51.84,4.85,3.09,None,32.07,38,983.7
21.08,49.58,1.2,High,Mini,Sunny,0,Airport,97.21,194.07,4.46,3.95,Rock,40.91,29,1262.96
,20.67,1.2,Low,Mini,Sunny,1,Airport,117.94,285.65,4.23,4.21,None,86.46,8,882.02
39.13,,2.0,High,Mini,Sunny,0,SemiUrban,109.05,74.81,,4.69,Pop,87.93,40,2630.54
5.21,28.93,1.2,High,Premium,Sunny,1,SemiUrban,105.17,77.16,4.48,4.24,Pop,45.64,31,1050.3
37.35,140.09,1.0,Low,SUV,Sunny,0,SemiUrban,108.27,99.85,4.0,3.92,None,65.61,30,1565.42
36.63,106.68,1.0,High,Mini,Foggy,0,Airport,117.51,74.97,4.67,4.53,None,13.01,97,1429.36
21.49,50.35,1.0,Medium,SUV,Sunny,0,Airport,,263.4,4.11,3.93,Pop,95.17,32,1238.9
29.27,72.75,1.2,Medium,SUV,Sunny,1,SemiUrban,97.37,270.31,4.27,3.57,Rock,33.77,64,1481.11
18.01,35.84,1.0,High,Premium,Sunny,0,SemiUrban,,168.47,3.85,4.17,Rock,64.83,97,1191.4
25.57,98.65,1.2,Medium,SUV,Rainy,0,SemiUrban,119.18,247.81,4.91,4.02,Pop,55.26,39,1660.02
14.28,50.12,1.2,Medium,Mini,Rainy,1,SemiUrban,100.12,125.86,4.03,3.98,Rock,76.63,91,1030.69
12.75,45.72,1.0,Medium,Sedan,Foggy,0,Airport,116.52,175.98,3.43,3.38,Classical,99.24,1,976.89
23.55,86.78,1.2,Medium,Sedan,Sunny,1,Urban,94.12,184.45,3.64,4.69,None,43.51,50,1295.7
20.43,52.88,1.2,Medium,Premium,Sunny,0,SemiUrban,102.92,126.58,3.3,3.11,Pop,29.68,20,1388.6
23.6,58.63,1.0,Low,Mini,Sunny,0,Airport,108.58,196.83,3.25,3.11,Classical,10.09,42,1009.09
12.18,47.86,2.0,Low,Mini,Sunny,0,Urban,118.91,260.78,4.86,3.28,Classical,79.2,55,1455.16
15.31,58.2,1.2,High,Sedan,Rainy,0,SemiUrban,110.32,286.28,4.33,3.22,Pop,31.18,95,1208.18
4.27,17.81,1.0,Low,Sedan,Sunny,0,Airport,90.06,126.19,3.0,4.77,None,44.4,15,672.64
3.04,12.03,1.5,Medium,Sedan,Rainy,0,SemiUrban,112.8,281.26,4.62,4.58,None,95.67,3,987.84
10.88,18.19,1.5,Low,Mini,Sunny,1,Airport,109.49,206.81,,3.57,Classical,94.7,4,1114.12
3.9,,1.5,Low,Premium,Rainy,0,Airport,,200.08,3.22,3.53,None,69.41,18,1461.81
5.05,17.31,1.2,Low,SUV,Rainy,0,Airport,108.61,80.72,3.91,3.81,Classical,10.35,12,877.24
32.7,86.23,1.0,Low,Sedan,Rainy,1,Urban,117.77,227.62,3.73,4.04,Rock,44.85,96,1373.46
2.52,,1.0,Medium,Sedan,Sunny,0,Urban,90.14,126.75,3.64,3.66,Rock,90.85,13,450.79
26.7,,1.2,High,SUV,Sunny,0,SemiUrban,119.23,156.61,3.93,4.81,Pop,50.4,19,1445.54
11.63,23.72,1.0,Medium,Mini,Rainy,1,SemiUrban,98.89,85.38,4.28,3.1,Rock,98.41,51,661.22
34.99,136.38,1.5,Medium,Mini,Sunny,1,SemiUrban,108.23,107.63,4.07,4.92,None,18.88,84,1827.37
19.91,65.64,1.0,Medium,Premium,Sunny,1,SemiUrban,98.33,205.47,3.56,4.14,None,59.77,35,1137.73
12.92,54.95,1.2,High,Sedan,Rainy,1,Airport,111.93,203.54,4.45,4.89,Pop,18.92,58,1331.77
21.19,62.01,1.2,Medium,Mini,Sunny,0,Airport,105.48,164.6,4.98,4.39,Classical,79.6,73,1215.49
15.9,,1.2,Low,SUV,Sunny,0,Urban,97.89,207.65,4.93,3.3,Rock,91.76,90,1133.85
23.01,61.86,1.5,Medium,Premium,Foggy,0,Airport,105.1,266.79,4.99,,Classical,6.17,67,2210.88
5.47,32.55,1.2,High,SUV,,0,SemiUrban,100.55,58.04,3.97,4.94,None,42.69,4,905.52
39.88,97.02,1.0,Medium,Mini,Sunny,0,Airport,97.49,101.44,3.09,4.0,Rock,3.8,77,1335.84
17.6,33.63,1.0,High,Mini,Sunny,0,Urban,107.78,124.04,4.46,4.76,Classical,6.88,10,799.41
14.58,57.59,1.5,Low,Sedan,Rainy,0,Airport,109.15,194.29,4.33,4.98,None,36.81,90,1574.54
28.7,99.08,2.0,High,Sedan,Sunny,0,Urban,94.21,216.48,4.93,3.68,None,58.31,74,2587.46
15.19,50.63,1.0,Low,Premium,Sunny,0,Urban,117.87,188.34,3.74,3.83,Classical,85.17,46,1243.26
33.5,83.6,1.0,Low,Premium,Sunny,0,Airport,90.2,224.43,4.99,3.55,Rock,94.73,30,1504.45
18.72,54.8,1.0,Medium,SUV,Sunny,1,Urban,98.31,161.61,3.13,4.85,Pop,26.87,61,952.36
29.06,94.01,2.0,Low,Mini,Sunny,0,Airport,100.3,249.22,3.72,4.25,Classical,22.39,71,2459.19
5.19,33.16,1.0,Medium,SUV,Sunny,0,Urban,91.99,68.08,4.48,4.51,None,15.82,26,638.43
,109.74,1.0,High,SUV,Sunny,0,Airport,92.7,204.96,4.23,3.4,Rock,1.96,86,1540.41
29.69,127.81,1.0,High,Mini,Rainy,0,Urban,115.42,60.81,3.41,3.86,None,53.51,45,1347.0
9.26,24.57,1.5,Medium,Mini,Sunny,1,SemiUrban,100.86,107.74,3.71,4.27,Pop,53.13,42,857.87
6.67,15.54,2.0,Medium,Sedan,Sunny,0,SemiUrban,100.96,65.44,3.32,4.47,Pop,8.54,50,959.42
13.34,40.43,1.0,High,Mini,Sunny,1,Airport,110.66,198.55,4.99,4.31,None,1.72,97,813.82
39.07,92.27,1.0,Medium,SUV,Sunny,0,Urban,111.73,102.61,4.03,4.42,Classical,38.16,70,1451.48
11.02,45.63,1.2,High,Mini,Foggy,1,Urban,111.23,73.0,4.73,4.23,Pop,7.89,11,888.06
18.79,61.35,1.0,High,Sedan,Foggy,1,SemiUrban,104.07,243.34,3.79,3.39,None,5.63,42,1022.31
2.17,-0.29,1.0,Low,Premium,Rainy,1,SemiUrban,111.2,50.14,3.49,4.09,Pop,49.4,23,625.64
,32.64,2.0,Low,Premium,Sunny,0,Airport,117.72,187.27,,4.79,Pop,81.24,57,2323.39
23.28,70.4,2.0,Medium,SUV,,1,Urban,94.04,279.86,4.54,3.24,Classical,66.88,45,2541.83
38.17,93.19,2.5,High,SUV,Rainy,1,Urban,107.25,247.0,4.82,3.47,Classical,15.36,57,4100.53
21.15,56.59,1.2,High,Premium,Sunny,1,Airport,116.36,200.96,3.39,3.88,Pop,66.09,41,1704.76
32.95,,1.0,Medium,SUV,Sunny,0,Urban,118.97,75.79,3.26,3.15,Rock,35.06,27,1206.81
22.34,41.42,1.5,Low,Sedan,Foggy,0,SemiUrban,92.64,247.55,3.32,,Classical,8.6,89,1468.32
2.59,23.16,1.0,Low,Sedan,Sunny,0,Urban,118.49,133.84,3.61,3.83,Classical,36.98,18,492.89
13.29,66.19,1.0,High,Sedan,Rainy,1,Urban,111.79,88.36,4.2,4.64,None,86.57,51,971.8
23.45,66.45,1.0,Medium,Sedan,Rainy,1,Urban,111.74,297.11,4.48,4.97,None,20.43,31,1234.69
38.07,154.52,2.5,Medium,SUV,Sunny,0,Urban,94.43,72.78,3.73,3.38,Classical,49.16,69,3952.3
34.51,128.47,1.5,High,Sedan,Sunny,1,SemiUrban,,229.57,4.84,3.42,Rock,35.03,64,2167.53
9.91,26.17,1.0,High,SUV,Sunny,1,Urban,100.76,138.24,3.92,4.82,Pop,79.97,32,780.38
9.58,15.26,1.0,Medium,Mini,Sunny,0,Airport,107.57,260.34,3.98,4.78,Rock,59.89,87,775.79
8.85,37.77,1.5,Medium,Sedan,Sunny,0,Urban,112.12,186.82,4.77,4.93,None,40.98,30,1046.46
36.98,118.74,1.5,Medium,Mini,Rainy,0,Airport,95.5,272.62,3.12,4.68,Pop,43.52,84,2312.51
34.25,140.12,1.2,Low,Sedan,Rainy,1,Airport,94.59,188.59,4.22,4.09,Rock,90.35,9,1815.0
31.22,128.38,1.0,Medium,Sedan,Foggy,0,Airport,100.71,130.9,4.12,4.15,Pop,25.23,63,1407.3
16.32,49.75,1.2,Low,SUV,Sunny,1,Urban,109.27,290.13,3.8,3.85,Pop,8.34,66,1173.71
20.67,49.48,1.2,High,Mini,Sunny,0,SemiUrban,110.21,163.99,3.86,3.02,None,85.33,75,1129.18
19.11,39.95,2.0,High,Mini,Sunny,1,Airport,108.26,262.57,4.38,3.99,Rock,47.73,16,8161.4
10.88,22.18,1.0,High,SUV,Sunny,0,Airport,115.48,260.0,4.14,4.76,None,4.84,7,1006.12
20.7,66.64,1.2,Low,Premium,Sunny,0,Urban,112.05,190.65,,3.22,None,90.48,50,1448.59
2.19,11.61,1.0,Medium,Mini,Sunny,1,SemiUrban,105.14,175.23,3.88,3.42,Pop,62.78,27,442.54
6.14,26.17,1.0,Low,Mini,Rainy,0,SemiUrban,104.48,123.83,3.81,3.35,None,25.19,44,545.9
35.58,89.88,1.0,Low,Mini,Sunny,0,Airport,113.93,190.22,4.04,3.02,Rock,69.85,63,1314.92
30.32,103.19,1.5,Medium,SUV,Rainy,1,Urban,116.52,193.66,3.85,3.28,Classical,26.82,40,2156.99
17.49,35.89,1.0,Medium,Sedan,Foggy,0,Urban,115.47,110.07,4.69,3.91,Pop,39.03,44,894.62
21.17,65.63,1.0,Low,Sedan,Sunny,0,Urban,104.89,251.19,4.74,4.61,Rock,35.32,77,1000.63
15.43,62.26,1.0,Low,Sedan,Rainy,0,Airport,107.38,134.37,3.15,,Pop,74.56,12,940.24
29.89,110.96,2.0,Medium,Sedan,Sunny,1,Airport,113.59,238.52,3.12,3.84,Classical,10.63,84,2870.34
31.58,137.96,1.5,Low,Mini,Rainy,1,Urban,107.38,297.0,3.58,4.69,Pop,28.18,38,2142.52
30.77,73.12,1.0,Low,SUV,Rainy,0,Airport,96.75,298.87,3.17,4.85,Rock,90.11,81,1426.21
29.18,64.86,1.0,Medium,SUV,Sunny,1,SemiUrban,116.6,265.83,,3.15,None,88.45,35,1256.71
8.98,30.06,1.2,Medium,SUV,Rainy,0,Urban,104.8,264.24,3.04,4.33,Rock,97.07,89,1104.89
14.18,38.95,1.0,Medium,Premium,Sunny,0,Urban,119.46,251.49,4.57,4.38,Classical,2.69,21,1169.17
19.32,79.71,1.0,Low,Sedan,Foggy,1,Urban,106.6,224.32,4.3,4.94,Rock,11.48,36,1063.56
,42.89,1.5,Low,Mini,Sunny,0,SemiUrban,101.61,96.0,3.42,3.06,None,96.81,47,860.39
30.44,115.81,1.0,Low,Mini,Sunny,0,Urban,96.4,76.99,3.66,4.6,Classical,28.89,81,1056.71
13.84,62.32,2.5,Low,Sedan,Sunny,0,SemiUrban,100.35,193.03,,4.23,Classical,72.74,7,1969.03
6.39,27.04,1.0,Low,Mini,Rainy,1,Urban,96.62,219.15,4.85,3.14,Rock,94.67,52,540.83
,49.32,1.0,High,Mini,Sunny,1,Urban,117.65,150.14,4.77,,Classical,82.89,79,837.68
39.22,161.29,1.0,Low,Mini,Foggy,0,Airport,108.01,287.18,4.13,,Rock,38.55,26,1697.26
9.81,31.64,1.2,Low,Premium,Rainy,0,Airport,114.61,112.77,3.73,3.11,Pop,61.79,82,1299.24
24.87,94.28,1.0,Low,Mini,Sunny,0,Airport,96.25,112.91,3.92,4.41,Classical,42.3,43,998.75
17.89,28.74,1.5,Medium,Mini,Rainy,0,SemiUrban,91.86,267.21,4.14,4.75,Rock,30.96,64,1283.94
3.77,19.63,1.0,Low,SUV,Sunny,1,SemiUrban,102.57,177.22,3.99,4.1,Pop,74.31,12,617.87
20.03,,1.0,Low,Sedan,Sunny,1,SemiUrban,118.09,58.99,3.13,4.36,None,98.09,92,893.39
28.38,63.87,2.0,Low,Mini,Sunny,1,SemiUrban,93.39,98.98,3.93,4.26,Classical,45.18,92,1749.27
21.02,67.97,2.0,High,SUV,Sunny,0,Urban,113.66,191.27,4.84,3.12,None,55.18,62,9566.25
35.01,93.65,1.2,High,Mini,Sunny,0,SemiUrban,91.78,131.49,3.82,3.64,Rock,43.48,45,1478.75
12.27,47.64,1.5,Medium,SUV,Sunny,0,SemiUrban,,172.35,4.4,4.68,Classical,97.6,24,1242.29
4.36,16.79,1.0,Low,Sedan,Sunny,0,Airport,111.9,248.49,4.99,,Classical,72.58,16,620.85
,78.8,1.0,Low,Mini,Sunny,1,Airport,96.33,173.76,4.1,3.69,Classical,50.27,24,1293.8
15.75,56.73,1.0,Medium,SUV,Sunny,0,Airport,90.66,166.29,3.97,4.04,Pop,76.1,57,1053.61
23.48,82.13,2.5,Low,Sedan,Rainy,0,Airport,96.58,94.0,3.54,4.86,None,14.87,6,2851.83
31.89,77.19,1.2,Medium,Sedan,Sunny,0,SemiUrban,111.98,86.57,3.46,4.96,Pop,3.33,25,1383.44
13.65,45.07,1.0,Medium,SUV,Foggy,0,SemiUrban,105.97,157.92,4.11,,Pop,51.02,92,886.28
28.93,81.57,1.0,Medium,Mini,Sunny,0,SemiUrban,106.42,102.4,4.35,3.55,None,69.32,19,1038.44
6.28,18.86,1.0,Medium,Mini,Foggy,0,Airport,102.31,150.11,3.86,3.2,None,10.39,27,664.52
12.36,24.75,1.0,Low,Premium,Sunny,0,Urban,94.37,191.39,3.0,4.79,Rock,26.34,39,965.48
6.64,20.05,1.2,Medium,Sedan,Rainy,0,Urban,96.47,78.13,,4.32,Rock,98.16,6,718.74
32.64,79.61,1.0,Medium,Sedan,Sunny,1,Airport,95.55,99.11,4.14,4.67,Pop,17.6,18,1226.26
9.68,53.45,1.0,Medium,Mini,Sunny,0,Urban,111.22,264.29,3.15,3.15,Pop,16.12,65,738.75
28.98,118.69,1.0,Low,Sedan,Foggy,0,Airport,,208.37,3.2,4.13,Rock,37.71,55,1468.45
37.79,131.96,1.2,Medium,Sedan,,1,Urban,97.13,236.2,3.61,4.75,None,99.93,39,1728.51
21.58,,1.2,High,Mini,Sunny,0,Airport,,172.16,4.2,3.12,Classical,31.0,60,1125.98
22.06,69.65,1.0,Medium,Mini,Foggy,0,Airport,97.55,222.22,3.35,4.86,None,20.35,75,1137.23
18.98,57.21,1.5,Medium,Sedan,Sunny,0,Urban,118.16,158.33,3.69,4.32,Pop,17.71,73,1367.18
13.71,41.6,1.0,Medium,Mini,Sunny,0,Urban,96.41,82.39,3.29,,Rock,79.38,66,705.46
19.55,,1.0,Medium,Sedan,Sunny,0,Urban,110.7,159.32,3.67,4.35,Rock,83.58,72,1011.9
24.51,86.81,1.5,High,Sedan,Sunny,1,SemiUrban,93.5,206.52,4.46,4.43,Classical,71.47,70,1733.87
39.45,89.45,1.0,Medium,Mini,Rainy,0,SemiUrban,109.81,113.23,3.75,4.27,Pop,88.23,70,1272.81
37.57,116.26,1.0,Medium,Sedan,Foggy,0,Airport,97.34,225.96,,4.45,Classical,90.27,86,1577.73
34.62,145.74,2.0,Medium,Mini,Sunny,0,SemiUrban,115.12,83.39,4.85,3.27,Pop,79.23,28,2605.87
35.68,82.34,1.0,Low,Premium,Rainy,1,SemiUrban,90.7,107.93,3.61,4.08,Rock,64.78,70,1504.28
19.25,47.91,1.0,Medium,Premium,Sunny,0,Urban,105.01,231.35,4.24,3.63,Rock,77.11,68,1183.99
26.64,79.71,2.0,Low,SUV,Rainy,0,Urban,109.9,108.7,3.52,3.26,Classical,95.93,25,2461.6
35.91,151.08,1.0,Medium,Mini,Sunny,0,SemiUrban,112.31,207.26,4.14,4.41,Rock,71.5,86,1295.01
16.33,66.26,1.2,Medium,SUV,Sunny,0,Airport,117.01,226.47,3.24,4.2,Rock,73.98,57,1308.51
,135.42,1.0,Medium,Premium,Sunny,0,SemiUrban,108.78,103.09,4.2,5.0,None,34.19,18,1698.21
17.22,64.3,1.2,Low,Sedan,Sunny,0,Urban,93.86,176.29,3.35,4.68,Classical,48.04,73,947.94
24.44,71.67,1.2,Low,Sedan,Sunny,0,Airport,111.71,285.52,3.79,3.82,Rock,96.16,15,1518.3
28.68,123.05,1.0,Low,Mini,Foggy,1,Airport,105.84,197.95,3.47,4.56,Pop,88.69,88,1246.13
38.07,87.14,1.5,Medium,Mini,Sunny,0,SemiUrban,92.99,59.28,4.59,3.37,Pop,14.97,91,1638.54
10.54,42.48,2.0,Medium,Sedan,Sunny,1,SemiUrban,94.21,98.83,3.36,3.94,Pop,9.52,29,1378.81
30.1,106.04,1.0,High,Sedan,Foggy,0,SemiUrban,114.85,255.06,4.93,3.81,Rock,45.42,35,1447.66
21.31,64.96,1.5,Low,Mini,Sunny,0,Urban,106.97,169.46,3.24,4.22,Pop,17.69,95,1222.22
11.47,29.26,1.0,Low,Mini,Rainy,1,Airport,94.73,67.48,3.83,4.61,Pop,96.06,90,694.18
,76.37,1.0,High,SUV,Sunny,1,Airport,113.65,139.72,4.54,3.92,Pop,75.39,88,1468.72
22.54,,2.5,Low,Sedan,Rainy,1,Airport,107.59,228.57,3.23,4.73,Rock,83.9,37,3040.55
26.78,79.79,1.2,Medium,Sedan,Sunny,1,SemiUrban,95.02,236.02,3.63,4.51,None,65.68,23,1403.17
13.59,16.95,1.0,Medium,Sedan,Rainy,0,Urban,103.49,196.94,3.91,3.54,None,78.96,44,828.11
19.77,86.91,1.2,Medium,Sedan,,1,Airport,117.87,237.9,4.52,4.07,None,22.63,53,1618.16
25.08,96.58,1.0,Medium,Mini,Sunny,1,SemiUrban,112.54,156.05,4.57,4.7,Rock,98.72,40,947.89
16.79,,1.2,Low,Sedan,Rainy,0,Airport,,169.11,4.71,4.51,Rock,59.13,42,1209.93
8.74,37.03,1.2,High,Mini,Sunny,0,Urban,90.16,157.52,3.61,,Pop,33.86,56,709.77
38.5,136.72,2.0,Low,SUV,Sunny,0,SemiUrban,,123.15,3.03,3.52,Pop,98.69,86,2952.69
20.95,64.62,1.0,Low,Mini,Sunny,0,Airport,95.43,212.54,4.44,4.56,Rock,2.06,84,977.6
29.62,76.7,1.0,Medium,Mini,,0,Airport,101.33,215.7,3.35,3.81,None,69.04,97,1186.08
17.03,26.95,1.0,Low,Sedan,Foggy,0,Urban,116.48,266.06,3.78,4.92,Classical,82.8,30,910.14
14.85,39.69,1.0,Medium,Sedan,Foggy,0,Urban,95.4,129.73,4.61,3.93,Rock,8.66,85,764.16
16.88,70.04,2.0,Medium,Sedan,Sunny,0,Urban,91.49,210.47,4.22,4.79,Classical,81.18,48,1843.04
16.96,42.03,2.0,Low,Mini,Sunny,0,SemiUrban,93.94,135.67,,4.33,Rock,70.48,45,1348.28
22.22,75.84,1.5,Low,Sedan,Sunny,1,Urban,103.39,276.26,4.31,4.87,Pop,30.1,81,1630.71
22.2,78.68,1.2,Low,Mini,Sunny,1,Urban,92.02,131.08,3.77,4.13,None,11.53,43,1005.41
20.39,64.97,1.5,Low,SUV,Sunny,1,Airport,106.7,247.04,3.07,3.47,None,77.43,62,1792.53
6.26,18.36,1.0,Low,Mini,Sunny,1,Urban,,258.32,3.03,4.3,None,92.14,12,568.36
20.35,,1.0,High,SUV,Sunny,1,Airport,101.25,139.85,3.5,3.51,Pop,43.01,93,1207.52
7.6,34.93,1.0,Low,SUV,Rainy,0,Urban,94.68,103.14,,4.7,None,57.18,7,709.9
5.92,29.34,1.5,Low,Premium,Rainy,0,SemiUrban,112.37,68.43,4.43,3.17,Pop,40.06,90,1213.29
37.37,101.48,1.2,Low,SUV,Sunny,0,Airport,,277.66,3.69,3.48,Rock,76.24,43,2032.53
24.59,67.32,1.2,Medium,Mini,Rainy,1,Urban,93.45,213.49,4.69,4.57,Rock,86.11,9,1281.73
26.72,64.89,1.0,Medium,Sedan,Sunny,0,Airport,100.85,254.96,4.89,3.84,Rock,61.11,70,1217.33
16.67,51.02,1.2,High,Mini,Sunny,0,Airport,119.51,204.61,3.6,3.32,None,48.69,90,1217.28
36.45,135.87,2.0,Medium,Mini,Sunny,0,SemiUrban,111.42,89.92,3.7,4.99,Rock,70.76,52,2562.51
25.88,81.43,1.0,Low,Mini,Rainy,0,Airport,116.08,125.89,3.81,3.91,None,42.53,83,1168.5
31.0,107.59,1.2,Low,Sedan,Sunny,0,Airport,116.76,134.38,3.56,3.96,Rock,61.71,61,1622.44
,51.14,1.0,Low,Sedan,Sunny,1,Urban,106.46,157.63,4.29,3.71,Pop,51.42,68,797.3
38.44,154.4,1.5,Medium,SUV,Sunny,0,Urban,106.71,63.08,4.82,3.13,None,17.77,96,2349.59
33.0,119.67,1.2,Medium,Sedan,Sunny,0,SemiUrban,117.2,217.53,3.85,3.48,None,39.72,51,1628.35
34.3,83.37,1.0,Low,Sedan,Foggy,0,SemiUrban,,117.65,3.36,3.56,Rock,26.0,15,1206.69
7.72,28.35,1.0,High,Sedan,Sunny,0,SemiUrban,111.49,170.02,3.39,4.14,Classical,27.78,3,564.62
11.57,38.67,1.0,High,SUV,Rainy,0,Urban,114.66,64.92,4.44,4.87,Pop,1.42,66,911.39
12.14,53.06,2.0,High,SUV,Foggy,0,Airport,112.24,224.27,4.47,3.28,Pop,82.74,42,2315.21
11.57,47.41,2.5,Low,Sedan,Sunny,1,Urban,99.24,186.96,3.95,4.95,Pop,2.83,78,1905.7
34.36,139.18,1.2,Low,Mini,,1,Airport,93.62,276.28,4.52,3.95,Pop,76.66,50,1753.49
2.24,12.58,1.0,Low,Mini,Sunny,0,SemiUrban,111.52,99.31,,4.17,Classical,16.9,19,409.85
3.97,18.92,1.2,Medium,Sedan,Rainy,1,Airport,117.17,289.43,3.61,3.07,None,93.38,45,982.54
11.68,31.4,1.2,Medium,Mini,Sunny,0,Urban,119.36,276.46,3.28,4.7,Classical,80.52,75,936.85
8.8,,1.0,High,SUV,Sunny,1,SemiUrban,91.47,123.93,4.03,4.73,Pop,11.56,97,841.39
10.04,49.67,1.0,Low,Sedan,Sunny,1,Urban,109.11,274.5,4.67,4.51,None,80.36,21,715.4
32.12,76.49,2.0,Medium,Sedan,Rainy,0,Airport,108.52,122.99,4.85,3.29,Pop,35.82,56,2685.09
22.96,79.16,1.5,Medium,SUV,Sunny,0,Airport,101.07,134.0,3.12,3.81,Rock,91.41,85,1862.9
1.23,6.58,1.5,Low,SUV,Rainy,0,SemiUrban,106.58,277.25,4.84,4.91,Classical,50.85,56,945.84
17.74,78.34,1.0,Low,Sedan,Sunny,1,Urban,103.67,246.9,3.36,3.84,None,73.29,83,952.65
16.91,42.12,1.5,Medium,Mini,Sunny,0,Urban,117.74,160.29,4.21,3.7,Rock,2.25,50,1257.5
5.44,13.85,1.2,Medium,Sedan,Sunny,0,SemiUrban,98.97,78.42,3.87,3.17,None,5.57,93,593.54
27.37,103.14,1.0,High,Sedan,Rainy,0,Airport,95.38,165.81,,3.16,Rock,0.1,38,1396.66
28.38,100.11,1.5,High,Premium,Foggy,0,Airport,110.19,261.06,4.06,,Rock,3.23,8,2670.48
29.11,98.12,2.5,High,Sedan,Foggy,1,SemiUrban,98.58,197.98,3.78,4.08,None,55.25,40,3367.47
29.41,102.16,2.0,Medium,Sedan,Sunny,1,Airport,91.67,62.12,3.14,4.65,Pop,78.38,32,2504.16
,19.23,1.5,Low,Sedan,Sunny,0,SemiUrban,114.04,152.12,3.05,4.81,None,5.19,55,692.6
38.2,95.56,1.5,High,Mini,,0,Urban,99.74,224.97,3.47,3.8,None,27.32,44,2223.62
32.75,111.94,1.2,High,Sedan,Rainy,0,Airport,119.77,270.34,4.49,4.69,Classical,46.07,34,1964.11
36.26,117.66,2.0,Low,Mini,Sunny,0,SemiUrban,99.36,294.24,4.24,4.09,None,50.67,21,2646.99
1.61,10.25,1.2,Low,Mini,Rainy,0,SemiUrban,106.67,259.19,3.84,4.95,Classical,66.49,20,568.77
37.42,106.45,1.0,Medium,Mini,Sunny,1,Airport,,267.91,4.07,4.86,Pop,7.41,27,1513.02
32.58,84.89,1.5,High,Sedan,Rainy,0,SemiUrban,105.99,103.76,4.18,4.43,Classical,76.74,50,1954.14
33.65,134.83,2.0,Low,SUV,Sunny,0,SemiUrban,97.95,264.99,3.14,3.38,None,14.78,56,2975.71
4.64,28.68,1.0,Medium,SUV,Sunny,1,SemiUrban,110.46,281.59,3.65,4.85,Classical,41.36,23,731.45
,73.51,1.5,High,Mini,Sunny,1,Urban,90.85,208.55,,3.23,Rock,28.37,63,1693.47
38.44,112.53,1.0,Medium,Mini,Foggy,0,SemiUrban,110.97,171.87,4.47,4.64,Rock,49.26,58,1303.09
27.46,85.51,2.0,Medium,Sedan,Sunny,0,SemiUrban,105.53,252.84,3.17,,Rock,20.87,80,2355.63
23.25,53.01,1.2,High,Mini,Foggy,0,Urban,101.4,204.28,3.55,4.22,Rock,71.42,77,1290.13
37.88,96.08,1.2,Low,Mini,Sunny,0,Airport,91.94,256.91,,4.74,Pop,61.31,85,1598.97
18.27,44.72,1.5,Low,Sedan,Rainy,1,SemiUrban,91.87,162.85,3.76,4.59,Pop,62.97,7,1260.64
24.37,93.09,1.5,Low,Mini,Rainy,1,SemiUrban,113.77,94.58,4.96,3.12,Classical,71.89,89,1606.06
19.58,48.31,2.0,Low,Mini,Rainy,0,Urban,112.22,279.4,4.15,3.74,Classical,21.15,80,1887.54
37.38,104.34,2.0,Low,Sedan,Rainy,0,SemiUrban,103.97,292.09,3.32,4.94,Classical,56.66,85,2927.33
3.97,24.2,1.0,Low,Sedan,Rainy,0,Urban,90.21,293.19,4.57,3.71,Pop,55.81,29,619.14
20.54,82.78,1.0,Medium,Sedan,,0,Urban,114.39,288.91,4.17,4.61,Pop,65.68,49,1212.59
27.79,120.66,1.5,Medium,Mini,Foggy,0,Urban,109.97,173.41,4.72,4.46,Classical,78.11,36,1761.39
31.88,100.35,2.0,Medium,Mini,Sunny,1,Airport,92.3,207.24,,4.91,Classical,89.99,30,2593.0
23.74,95.66,1.0,Low,Mini,Sunny,0,Airport,98.3,270.18,4.78,4.9,Classical,12.15,85,1138.83
36.45,94.17,1.0,Low,Mini,Rainy,1,Urban,92.03,55.82,4.71,3.91,Rock,11.91,34,1223.94
37.74,131.46,1.0,Low,Mini,Sunny,1,Urban,116.1,90.58,3.13,3.46,Classical,11.39,53,1248.57
3.51,,1.0,Low,Mini,Rainy,1,Airport,105.11,91.25,4.65,3.6,Pop,89.21,49,529.22
16.69,56.11,1.5,Low,Sedan,Sunny,1,Airport,101.23,105.14,3.24,3.59,Classical,34.47,28,1402.52
1.91,24.93,1.0,Low,Sedan,Sunny,0,SemiUrban,108.95,151.37,3.22,4.26,Pop,66.74,84,528.19
13.85,37.68,1.0,Medium,Mini,Rainy,1,SemiUrban,112.37,165.83,3.32,3.73,None,36.55,3,763.67
21.94,80.82,2.0,Low,Mini,Sunny,0,Urban,109.59,147.76,4.84,4.74,Rock,47.59,24,1927.5
36.52,120.8,1.0,Low,Sedan,Sunny,1,Airport,114.87,269.7,3.99,3.6,Classical,62.18,78,1581.4
34.02,112.96,1.5,Low,Sedan,Sunny,1,Airport,107.83,114.55,3.64,4.98,Classical,42.25,20,2007.44
5.97,12.33,1.0,High,Mini,Sunny,1,SemiUrban,90.09,234.7,,4.33,Pop,9.05,8,506.07
4.63,14.65,1.2,Low,Mini,Foggy,1,Urban,94.08,293.75,3.23,3.71,Classical,57.72,18,641.76
23.98,92.68,1.0,Low,Sedan,Rainy,0,Airport,116.02,214.0,3.38,4.17,None,88.53,49,1364.2
21.75,85.47,1.0,Low,Mini,Rainy,1,Airport,93.83,61.19,3.37,3.72,Pop,51.41,17,1074.34
11.39,44.85,1.0,Medium,Sedan,Rainy,0,Airport,108.59,78.47,3.16,4.03,Classical,90.82,64,906.17
36.08,96.21,2.0,Medium,Sedan,Foggy,0,Urban,96.18,259.69,3.16,4.05,Classical,57.96,4,2800.64
37.17,99.32,1.2,Low,Sedan,Sunny,1,Urban,118.81,140.2,3.6,4.53,Rock,67.12,23,1491.68
16.7,60.19,1.0,Medium,Mini,Sunny,0,Airport,96.76,151.01,4.09,3.89,Classical,31.5,50,907.98
,,1.5,Medium,SUV,Sunny,0,Urban,100.86,271.22,4.15,4.9,None,41.77,76,2336.63
15.97,43.89,1.0,Low,SUV,Sunny,1,SemiUrban,113.21,226.39,3.58,3.2,Classical,60.76,34,933.64
29.74,108.19,2.0,Low,Mini,Sunny,0,SemiUrban,109.74,227.97,3.16,3.64,Rock,79.5,50,2377.62
19.56,54.82,1.0,High,Mini,Sunny,0,SemiUrban,99.65,218.19,4.22,4.49,None,71.79,1,925.33
5.78,18.69,1.2,Medium,Sedan,Sunny,0,Urban,110.94,208.24,4.31,4.19,Rock,65.56,35,706.46
37.19,108.0,1.0,Medium,Sedan,Sunny,1,SemiUrban,119.4,238.78,4.4,3.25,None,95.02,94,1464.14
18.71,62.5,1.2,Low,Sedan,Sunny,1,Airport,94.35,225.17,4.86,4.63,Pop,4.47,21,1206.33
29.64,110.7,1.2,High,SUV,Foggy,0,Airport,97.21,73.81,3.07,4.33,None,89.19,35,1719.36
15.32,43.71,1.0,Low,Mini,Sunny,0,Urban,103.47,105.12,3.42,4.17,Pop,42.81,87,695.83
1.74,5.48,1.0,Low,Sedan,Sunny,1,SemiUrban,99.4,77.19,4.14,4.75,Pop,18.05,79,350.89
4.92,10.33,2.0,Medium,Mini,Sunny,0,Urban,99.51,251.99,3.02,4.67,Rock,10.79,23,1052.82
20.35,78.41,1.5,Medium,Mini,Sunny,0,Urban,102.87,198.83,3.1,3.63,None,98.04,59,1416.25
27.91,122.96,1.2,High,Mini,Rainy,0,Urban,113.69,291.25,3.79,4.09,Pop,95.56,65,1692.0
14.05,58.11,1.2,Low,Sedan,,1,Airport,100.71,229.53,4.15,4.72,Classical,98.86,31,1186.75
28.12,53.62,1.2,Medium,Sedan,Sunny,0,Urban,97.7,173.83,4.37,3.13,Pop,60.08,27,1285.51
28.25,95.34,1.0,Low,Mini,Rainy,1,Airport,106.53,283.16,3.5,3.66,None,50.54,87,1385.64
28.45,94.58,2.0,Medium,Sedan,Sunny,0,Urban,116.15,291.44,4.24,3.78,None,67.33,84,2580.47
20.21,80.16,1.0,Low,Sedan,Sunny,0,SemiUrban,110.98,206.84,,3.54,None,33.01,32,974.82
,139.55,1.2,Medium,Mini,Sunny,0,Airport,100.2,206.52,4.11,4.02,None,31.22,96,1671.56
20.08,87.38,1.2,Low,Mini,Sunny,0,Urban,119.16,195.01,4.34,4.59,None,55.8,84,1107.58
18.56,33.58,1.2,Medium,Mini,Sunny,1,SemiUrban,110.72,71.17,3.5,,Rock,86.85,28,924.9
8.78,,2.0,Medium,Sedan,Sunny,1,Urban,94.15,241.3,3.72,3.09,Rock,96.14,22,1482.39
13.0,39.36,1.0,Low,Sedan,Sunny,0,SemiUrban,110.84,269.11,4.11,4.71,Pop,34.29,5,727.17
2.65,20.75,1.5,Medium,Sedan,Sunny,0,Airport,117.17,189.4,3.46,3.41,Classical,89.91,3,911.82
25.71,74.68,1.2,Low,Mini,Sunny,0,Airport,104.19,98.38,4.88,3.86,None,13.02,97,1104.45
10.69,32.14,1.0,High,SUV,Sunny,0,Urban,111.88,253.11,4.45,3.04,Pop,13.87,81,928.4
,41.83,1.0,Medium,Sedan,Sunny,0,Urban,94.52,273.81,4.26,3.88,Pop,95.43,62,773.95
31.06,78.66,1.5,High,SUV,Sunny,0,Urban,93.32,251.55,4.46,3.75,Classical,93.32,51,8356.25
13.76,42.45,1.0,Low,Mini,Rainy,0,SemiUrban,108.84,102.93,3.47,3.58,Rock,11.86,99,694.44
,43.48,1.2,Low,Sedan,Sunny,0,Airport,102.01,104.21,3.01,4.87,Pop,91.26,75,904.92
7.59,16.61,1.2,Low,Sedan,Rainy,1,Urban,103.78,164.55,4.29,4.36,None,48.25,73,857.6
31.22,64.26,1.2,Low,SUV,Sunny,1,SemiUrban,99.22,89.37,4.93,4.83,None,83.78,48,1326.02
6.06,9.69,2.0,Low,Sedan,Sunny,1,SemiUrban,103.67,221.87,4.32,3.93,Classical,29.21,67,1081.53
18.7,63.22,1.0,Low,Mini,Rainy,1,Airport,92.97,227.03,3.35,4.03,Rock,70.56,91,966.63
20.77,85.51,1.2,High,Mini,Sunny,0,Airport,93.24,296.62,4.72,4.9,Classical,87.91,23,1459.93
27.81,64.95,1.0,Medium,Premium,Sunny,0,Urban,103.32,144.67,4.16,3.92,Rock,79.88,59,1411.23
25.7,52.63,1.0,Medium,Mini,Rainy,0,Airport,103.59,231.41,4.24,3.06,Classical,35.38,7,1122.81
32.62,116.18,2.0,Medium,Mini,Rainy,0,Urban,116.14,174.17,4.03,4.29,Rock,8.18,51,2629.87
2.75,9.73,1.0,Low,Mini,Sunny,0,Airport,99.91,90.59,4.47,3.4,Classical,85.17,11,421.69
12.56,38.03,1.0,High,Mini,Rainy,1,SemiUrban,110.31,278.02,4.92,4.91,Classical,37.43,58,824.92
11.93,42.34,1.5,Medium,Mini,Rainy,0,Airport,99.09,64.98,,,Classical,59.8,41,1244.1
6.69,30.35,1.0,Low,Sedan,Sunny,1,SemiUrban,99.24,60.54,4.16,4.8,Classical,1.51,47,483.97
12.28,43.59,1.5,High,Sedan,Sunny,0,SemiUrban,,116.22,4.71,3.29,Pop,96.88,99,1165.98
13.08,49.21,1.5,Medium,Mini,Rainy,0,SemiUrban,106.86,299.89,4.76,3.52,Rock,13.73,57,1339.39
21.35,87.22,1.0,Medium,Premium,Sunny,0,Urban,101.19,55.2,4.65,3.3,Pop,64.8,42,1156.73
26.88,51.26,1.0,High,Sedan,Rainy,0,SemiUrban,104.5,155.77,4.12,,Pop,80.84,83,1252.84
15.86,42.0,1.0,High,Sedan,,1,Urban,115.33,179.67,4.87,3.21,Rock,10.88,74,902.15
29.06,100.84,1.0,High,Sedan,Sunny,0,SemiUrban,112.38,128.67,3.34,3.75,Rock,57.09,28,1201.28
,60.23,1.0,Medium,Sedan,Rainy,1,SemiUrban,118.04,226.39,,3.62,Classical,96.23,46,962.38
12.32,56.23,2.0,Medium,Mini,Rainy,1,Urban,116.31,143.3,3.43,4.48,Pop,90.92,73,1577.74
22.11,72.89,1.5,Low,SUV,Rainy,1,Airport,110.09,215.37,3.8,4.22,Rock,27.37,69,1900.72
1.92,11.44,1.0,High,SUV,Sunny,1,Urban,95.7,136.0,4.33,4.37,Classical,96.13,92,588.9
4.11,19.11,2.0,Low,Mini,Rainy,0,SemiUrban,100.86,87.46,3.84,3.98,Rock,96.39,83,810.76
17.3,53.69,1.0,Medium,SUV,Sunny,1,Urban,106.64,190.6,4.9,4.71,Classical,45.49,15,1015.35
37.77,157.0,1.2,High,Sedan,Rainy,0,Urban,91.02,188.18,3.48,3.71,Pop,15.65,48,1988.17
29.14,,1.0,High,Mini,Rainy,0,Airport,110.44,115.86,4.63,3.8,Classical,6.62,61,1355.15
4.44,17.0,1.0,High,SUV,Sunny,0,Urban,119.4,140.31,,3.19,Rock,44.99,50,796.39
34.01,111.97,1.5,Low,Mini,Sunny,0,Airport,114.83,158.79,3.66,5.0,Classical,53.77,46,1939.85
29.56,105.96,1.2,Low,Mini,Rainy,0,Urban,110.64,190.62,,3.9,None,25.92,53,1439.35
24.83,92.59,1.2,High,SUV,Sunny,0,Urban,110.34,210.6,4.52,4.83,None,0.34,27,1554.26
32.99,86.38,1.0,Medium,Sedan,Rainy,0,Airport,116.91,81.05,4.71,4.71,Classical,13.6,65,1400.4
16.76,70.22,1.0,High,Sedan,Sunny,0,Airport,99.31,86.32,,3.52,None,24.09,54,936.23
9.64,36.13,1.5,Medium,Sedan,Sunny,0,Urban,103.4,141.62,4.84,4.0,Rock,31.25,28,1015.82
20.97,69.58,1.5,High,Mini,Sunny,0,Airport,109.81,153.97,4.24,4.18,None,41.6,4,1596.62
22.4,92.54,1.0,Medium,Mini,Rainy,0,Urban,107.18,132.97,3.81,4.69,Rock,71.76,13,1089.1
21.99,,1.0,High,Premium,Sunny,0,Urban,115.32,211.65,4.25,3.19,None,78.28,60,1352.91
23.04,80.6,1.2,Low,Mini,Sunny,0,Airport,100.99,290.92,4.22,4.66,Classical,35.02,59,1365.09
38.0,162.95,1.2,High,Sedan,Rainy,0,SemiUrban,102.49,201.29,4.1,,Rock,92.02,79,1984.57
,84.96,1.2,Low,Mini,Sunny,0,SemiUrban,97.48,93.46,3.61,,None,17.56,63,1369.32
35.15,104.36,1.2,Low,SUV,Sunny,1,SemiUrban,109.16,132.06,4.33,4.72,None,32.28,44,1603.05
32.26,119.92,2.5,Medium,Premium,Rainy,0,SemiUrban,101.71,186.26,4.6,3.47,Rock,14.16,12,4092.15
37.79,111.99,1.0,Medium,Mini,Sunny,0,Airport,106.46,128.33,4.92,3.09,Rock,67.24,45,1356.35
4.84,19.83,1.2,Medium,Sedan,Rainy,0,Urban,91.82,165.53,4.0,3.1,Classical,21.86,12,655.67
11.34,48.39,1.2,Low,SUV,Sunny,1,SemiUrban,,194.65,4.5,,Classical,68.09,32,1004.37
20.31,73.02,1.2,Medium,SUV,Sunny,0,Urban,105.98,226.51,4.6,4.08,Pop,4.1,53,1390.62
34.01,,1.0,High,Sedan,Sunny,0,Airport,112.27,108.76,4.35,4.79,Pop,20.73,89,1540.19
20.7,60.94,1.2,Medium,Mini,Sunny,0,Airport,97.5,167.54,3.76,4.42,Pop,48.2,82,1300.49
30.17,107.12,1.2,Low,Mini,Rainy,0,SemiUrban,115.66,151.97,4.43,4.61,Pop,77.63,64,1364.7
6.42,25.52,1.2,Medium,SUV,Rainy,1,Urban,116.12,74.0,,3.49,Rock,15.87,31,914.66
10.84,41.64,1.0,High,Premium,Sunny,1,Airport,103.11,200.49,4.21,3.76,None,21.37,76,1164.92
29.54,80.86,1.2,High,Sedan,Sunny,1,SemiUrban,92.86,244.83,4.48,4.05,Classical,60.95,18,1453.32
7.42,28.73,2.0,Low,Mini,Rainy,0,Urban,105.22,262.56,3.47,3.74,Classical,81.63,6,1284.22
14.7,55.79,2.0,Low,Mini,Sunny,0,SemiUrban,109.41,68.34,4.31,4.5,None,56.15,3,1322.87
11.33,37.33,1.5,Low,SUV,Rainy,0,Urban,,191.14,3.07,4.94,Classical,61.55,13,1287.65
14.64,53.85,1.2,Medium,Sedan,Sunny,0,Urban,116.93,296.8,4.66,4.54,Classical,98.05,61,1084.3
28.62,76.02,1.0,Medium,Sedan,Rainy,0,Urban,,238.8,3.44,4.88,None,79.39,70,1279.83
15.35,49.09,1.2,Medium,Sedan,Sunny,0,Airport,108.66,197.44,3.13,4.96,Pop,45.89,12,1137.57
22.66,65.23,1.0,Medium,SUV,Sunny,0,SemiUrban,109.27,57.46,3.36,3.64,Pop,8.66,7,1080.27
4.9,41.01,1.5,Low,Mini,Foggy,0,Urban,93.89,65.65,3.94,4.23,Classical,88.22,85,724.32
32.4,,1.0,Low,Sedan,,1,Urban,101.8,63.3,3.08,4.53,None,81.01,54,1020.72
15.43,74.05,1.5,Low,SUV,Sunny,0,SemiUrban,99.9,248.5,3.07,4.24,None,42.73,4,1447.54
26.29,100.88,1.5,Low,Sedan,Sunny,1,Airport,100.37,185.85,,4.2,None,80.13,96,1906.94
29.29,125.97,2.0,High,Mini,Sunny,0,SemiUrban,111.82,126.53,4.14,3.74,Classical,72.76,12,2463.89
9.18,36.72,1.5,Low,Mini,Sunny,0,Urban,,268.85,3.64,4.06,Rock,19.95,61,968.55
35.5,144.87,1.2,Medium,Mini,Sunny,1,Urban,105.08,252.91,3.03,3.68,Pop,17.57,71,1730.02
25.03,70.9,1.2,Low,Premium,,0,SemiUrban,97.43,244.54,3.92,3.45,None,78.16,43,1652.15
17.72,42.5,1.0,Medium,Mini,Rainy,0,SemiUrban,95.01,243.45,4.84,3.76,Rock,56.02,30,4397.17
8.11,26.99,1.0,Medium,SUV,Rainy,0,Airport,102.28,97.85,3.97,3.8,Classical,44.6,51,889.25
37.75,166.19,1.0,Low,Mini,Sunny,0,Urban,91.73,268.91,3.91,3.29,Classical,37.0,19,1436.36
30.45,59.76,1.0,Medium,Mini,Sunny,0,Urban,94.79,99.21,4.12,3.98,None,71.89,97,959.79
9.11,28.72,2.0,Low,SUV,Rainy,0,SemiUrban,114.56,265.8,3.33,,Pop,40.34,29,1689.07
14.17,37.76,1.0,Medium,SUV,Sunny,0,SemiUrban,103.12,272.89,,3.21,None,1.21,45,939.8
32.58,86.77,1.5,Medium,Mini,Rainy,0,Urban,119.29,228.1,3.07,4.06,Rock,31.26,76,9016.51
28.13,65.42,1.0,Medium,Mini,,0,Urban,90.13,227.23,3.11,3.18,Rock,90.53,21,1049.82
30.87,128.37,2.5,Medium,Sedan,Rainy,1,Airport,117.62,115.18,3.11,,Classical,36.9,67,3744.7
,40.38,1.0,Low,Mini,Rainy,1,Urban,109.57,128.29,4.59,3.82,Pop,4.06,23,774.4
28.94,110.31,1.0,Low,SUV,Sunny,1,Urban,108.69,193.14,3.74,3.49,None,72.99,78,1358.71
16.07,45.32,1.0,Low,Mini,,0,SemiUrban,115.21,193.1,4.29,3.75,None,27.57,63,802.3
9.24,31.86,1.5,Low,Sedan,Foggy,1,Airport,108.8,134.9,3.16,4.3,Rock,5.87,61,1138.73
25.67,101.75,1.0,Medium,Mini,Sunny,0,Urban,91.05,274.13,4.53,3.96,Rock,79.88,61,1117.62
39.06,137.8,1.5,Medium,Mini,Sunny,1,SemiUrban,117.16,82.8,3.67,4.21,Rock,0.63,87,2045.07
13.11,53.94,1.2,Medium,Sedan,Foggy,1,Urban,116.2,147.39,3.43,4.19,Classical,15.98,76,994.21
18.98,60.7,1.0,High,Mini,Foggy,1,Urban,105.6,114.63,4.43,4.39,Classical,19.81,18,948.51
27.29,111.82,1.0,Medium,Sedan,Sunny,0,Airport,93.78,282.25,3.13,4.86,Classical,68.87,45,1372.15
22.12,63.62,1.5,Medium,SUV,Sunny,0,Urban,114.64,85.7,,4.31,None,11.21,26,1517.96
33.89,135.4,1.0,Low,Mini,Sunny,0,SemiUrban,,167.69,3.77,3.33,Pop,70.49,97,1207.35
30.71,108.16,2.0,Medium,Sedan,Sunny,1,Urban,99.79,60.53,4.48,3.91,Classical,31.7,17,2400.89
3.27,8.54,1.0,Low,SUV,Sunny,0,SemiUrban,119.8,244.62,4.28,3.38,None,51.27,19,520.59
39.94,140.86,1.2,Medium,Sedan,Sunny,0,Urban,94.94,215.3,4.78,3.27,None,81.64,17,1777.16
,80.33,1.2,High,Premium,Sunny,0,SemiUrban,94.94,260.68,4.45,4.49,Classical,44.21,73,1825.74
34.69,115.53,1.2,Medium,Mini,Sunny,0,SemiUrban,,123.21,3.83,3.31,Rock,15.37,12,1554.6
26.4,82.66,1.0,Low,Mini,Sunny,0,Urban,98.01,188.24,3.37,4.56,Classical,13.68,41,1021.59
103.2,286.42,2.0,High,Mini,Rainy,0,SemiUrban,102.36,289.6,3.9,4.04,Pop,38.46,7,9456.61
5.38,23.77,1.5,Low,Premium,Rainy,1,SemiUrban,97.22,113.19,3.33,3.85,Classical,15.42,66,1221.11
14.56,32.52,1.2,High,Mini,Rainy,0,Urban,113.48,275.95,3.23,4.75,Classical,63.06,3,1119.76
35.18,91.3,1.2,High,Mini,Rainy,0,Urban,98.24,286.89,3.1,4.8,Classical,59.62,53,1721.48
8.86,22.8,1.2,Medium,SUV,Sunny,0,Urban,115.27,144.51,4.08,3.43,None,71.15,36,978.79
4.05,19.81,2.0,Low,SUV,Sunny,0,Airport,112.08,132.92,4.13,4.6,Classical,60.42,73,1450.52
31.74,134.34,2.0,High,SUV,Foggy,1,SemiUrban,98.93,120.81,4.31,4.21,Rock,35.9,54,2941.2
33.58,116.2,1.0,Medium,Sedan,Rainy,0,SemiUrban,113.97,260.69,4.77,3.99,Pop,59.67,92,1579.84
7.34,,1.0,Low,Sedan,Rainy,0,Airport,99.56,220.93,4.83,3.48,Classical,86.48,40,811.24
34.32,111.6,2.5,Medium,Mini,Sunny,0,Airport,102.2,102.34,3.68,4.61,Classical,4.21,69,3351.92
27.78,66.83,1.0,Medium,Sedan,Sunny,1,SemiUrban,92.35,263.77,4.27,,None,9.18,23,1164.28
21.28,45.82,2.5,Low,Mini,Rainy,0,Urban,107.06,97.87,3.92,4.46,Classical,97.82,6,2128.3
33.38,122.47,1.2,Low,Sedan,Rainy,0,Airport,114.49,172.45,4.51,3.55,None,76.79,41,1862.97
17.35,75.48,1.0,Low,Mini,Sunny,0,Airport,108.69,78.59,4.43,3.14,Rock,7.22,92,892.16
8.57,44.33,1.0,Low,SUV,,1,Urban,106.55,212.08,3.39,3.96,None,93.99,35,834.46
12.11,49.04,1.2,Low,Mini,Sunny,0,Urban,116.94,214.94,,3.54,Rock,94.23,33,870.14
20.7,61.87,1.5,Low,Sedan,Sunny,0,SemiUrban,103.24,140.58,3.23,3.68,Rock,67.82,22,1289.51
21.72,98.36,1.0,Low,Sedan,Sunny,0,Urban,119.87,76.01,3.25,3.66,Rock,91.91,4,994.37
32.42,73.59,1.0,Low,Mini,Sunny,1,Airport,103.82,186.47,3.49,3.42,Rock,34.17,91,1236.89
31.86,110.96,2.0,High,Mini,Sunny,0,SemiUrban,109.3,280.17,3.7,4.97,Pop,40.39,36,2560.59
23.67,75.99,1.0,Medium,Mini,Sunny,0,SemiUrban,91.39,247.74,4.24,4.71,Classical,44.12,59,966.56
31.45,83.43,1.2,Medium,Premium,Rainy,1,SemiUrban,110.96,193.55,4.49,,Classical,91.57,37,1941.07
8.48,26.39,1.2,Medium,SUV,Sunny,1,Urban,99.58,68.81,3.28,4.68,Classical,94.09,84,898.57
2.95,4.54,1.0,Low,Mini,Rainy,0,Urban,93.83,213.95,3.51,3.05,Rock,59.53,58,450.81
35.07,126.11,1.0,High,Mini,,0,Urban,94.44,136.02,4.18,4.67,Pop,90.55,32,1292.71
3.95,26.14,1.0,Medium,Sedan,Rainy,1,Urban,105.25,234.51,4.52,3.39,Classical,85.63,99,634.18
10.62,28.53,1.0,Medium,Sedan,Rainy,0,Airport,107.69,60.15,4.64,3.94,Classical,42.42,15,716.03
28.12,106.78,1.2,High,Mini,Rainy,0,Airport,111.1,170.5,3.77,3.64,Pop,70.28,97,1690.54
16.97,53.94,1.2,Medium,SUV,Rainy,0,SemiUrban,103.38,139.08,3.89,4.16,Classical,18.44,60,1239.03
,101.13,1.2,Low,SUV,Sunny,0,Airport,,53.62,4.36,3.89,Rock,14.88,20,1773.94
12.62,42.39,1.2,High,Mini,Foggy,0,Urban,92.06,167.57,3.56,3.07,Pop,67.89,23,1023.38
1.46,15.81,1.0,High,Sedan,Sunny,1,Urban,93.64,87.96,3.17,4.5,Rock,43.62,98,494.89
12.73,29.52,1.0,High,Mini,Foggy,0,Airport,96.84,55.48,3.89,3.96,Pop,69.62,22,852.65
23.54,87.03,1.0,Low,Sedan,Sunny,0,Airport,,203.76,4.97,3.42,None,79.42,8,1154.83
15.66,53.92,1.0,High,SUV,Sunny,1,Airport,112.68,296.71,3.75,4.19,Rock,41.94,9,1347.44
21.86,,2.0,Medium,Sedan,Rainy,0,Urban,100.89,219.35,3.6,3.37,Pop,95.14,67,2288.94
35.19,133.03,1.0,Medium,Sedan,Rainy,0,Urban,108.13,270.54,4.65,4.09,Rock,91.5,43,1616.23
36.59,,1.0,Low,Premium,Sunny,1,SemiUrban,112.95,81.55,4.84,3.86,None,9.72,90,1568.18
11.37,25.11,1.5,Low,Sedan,Rainy,0,SemiUrban,106.42,124.04,4.56,4.07,None,13.53,19,1039.62
19.02,38.29,1.5,Low,Mini,Sunny,0,SemiUrban,106.0,242.09,4.05,4.15,Classical,13.2,13,1162.92
22.42,51.28,2.5,Medium,Mini,Sunny,0,Airport,,94.72,4.78,3.08,Rock,52.83,94,2341.18
38.02,,1.0,Low,SUV,Rainy,0,Airport,110.87,198.94,4.18,4.27,None,46.98,39,1719.46
39.95,147.26,1.0,Low,Mini,Sunny,1,Urban,105.89,167.97,3.59,,Pop,88.37,28,1365.15
10.18,23.68,1.0,High,Mini,Sunny,0,Airport,102.11,200.72,4.87,3.68,None,36.89,87,740.48
29.35,107.09,1.0,Medium,SUV,Foggy,0,Urban,108.53,291.52,4.31,4.55,Rock,45.61,35,1517.14
15.74,64.6,1.2,Medium,Mini,Sunny,1,Urban,118.85,241.49,3.27,3.36,None,87.98,56,1059.51
1.32,11.36,2.0,Medium,Sedan,Sunny,1,Airport,114.24,297.27,,3.68,Classical,55.22,59,1356.69
1.36,10.06,1.2,Medium,Mini,Sunny,0,Airport,103.41,80.55,4.32,3.14,None,60.07,99,578.45
18.96,68.31,1.0,Low,SUV,Rainy,1,Urban,108.23,165.88,4.67,4.93,Classical,11.76,25,1048.4
20.05,61.5,1.0,Medium,SUV,Rainy,0,Urban,101.74,111.66,4.98,3.45,Classical,3.14,64,1136.4
1.88,16.34,2.0,Medium,Premium,Rainy,0,Urban,105.61,216.5,3.4,4.75,Rock,78.88,93,1720.26
27.79,99.34,1.2,Low,Mini,Rainy,0,Airport,112.01,53.55,4.61,4.21,None,28.94,82,1488.74
12.47,38.73,2.0,Low,Sedan,Sunny,0,Urban,115.14,273.37,3.24,3.86,Classical,50.15,45,1614.14
22.84,74.0,1.5,Low,Sedan,Sunny,1,SemiUrban,91.84,200.26,4.36,4.16,Pop,84.69,34,1383.93
12.74,30.26,2.5,Medium,SUV,Sunny,1,Urban,94.94,217.7,3.21,4.13,Classical,40.54,44,2119.76
7.52,34.0,2.0,Low,Mini,Rainy,0,Airport,107.41,248.58,4.12,4.19,Pop,93.17,75,1497.64
16.88,38.25,1.0,Medium,Mini,Sunny,0,Urban,111.11,236.44,4.04,3.68,Rock,67.57,53,868.06
10.06,,1.5,Low,Mini,Foggy,0,SemiUrban,109.82,221.82,4.79,4.77,Classical,6.0,98,953.41
21.86,60.75,1.2,Medium,Sedan,Sunny,0,Airport,97.49,286.92,4.07,4.56,Rock,12.24,7,1401.24
8.75,32.22,1.0,High,Sedan,Sunny,0,Urban,109.63,109.37,4.43,4.96,Rock,81.34,15,654.51
20.83,66.52,1.0,High,Sedan,Sunny,0,Urban,103.86,73.75,4.73,4.67,Pop,99.12,43,989.49
7.14,19.98,1.0,Medium,Mini,Rainy,0,Airport,97.35,207.85,3.28,,Classical,16.81,84,853.64
27.17,65.2,1.0,Low,SUV,Sunny,0,Airport,,66.1,,3.64,Classical,55.62,38,1152.67
30.4,98.93,1.0,Medium,Sedan,Foggy,0,Urban,105.9,188.55,3.24,3.93,Classical,42.77,78,1354.77
5.31,18.05,1.2,Medium,Sedan,Foggy,0,Urban,115.87,224.83,,3.12,None,35.85,74,833.72
19.24,,2.5,Medium,Sedan,Sunny,0,Airport,102.54,218.5,3.78,3.79,Rock,73.47,41,2690.61
3.76,20.46,1.2,High,SUV,Sunny,0,Airport,108.99,134.41,3.08,3.07,Classical,1.78,28,1066.21
24.33,73.12,1.0,Low,Mini,Sunny,0,Urban,,219.55,3.5,3.34,Rock,68.22,16,923.91
11.31,48.98,1.0,Medium,SUV,Sunny,0,Airport,99.86,133.73,3.01,3.63,Rock,12.35,23,983.07
21.58,47.57,1.0,Low,Mini,Sunny,0,Airport,115.73,251.43,3.38,4.29,Pop,39.56,53,1082.64
21.18,72.0,1.2,Low,SUV,Rainy,0,Urban,100.55,267.99,3.79,4.95,Rock,38.33,95,1414.05
37.05,147.13,1.5,Medium,Sedan,Sunny,1,Urban,96.06,216.46,4.51,3.32,Pop,31.94,95,2308.23
22.41,79.47,1.0,Medium,Sedan,Foggy,0,Airport,112.2,206.86,4.99,3.2,None,95.22,24,1256.02
23.74,81.42,1.2,Medium,Mini,Foggy,1,SemiUrban,100.05,121.9,3.4,4.85,Classical,65.15,52,1224.76
16.66,37.97,1.5,Medium,SUV,Sunny,1,Airport,118.6,166.31,4.4,3.99,None,39.44,51,1660.5
38.01,115.34,1.0,Medium,Mini,Sunny,1,Airport,114.13,107.55,3.7,4.22,Pop,11.73,1,1386.64
31.31,95.57,1.0,High,Sedan,Sunny,1,SemiUrban,96.92,226.08,4.7,3.04,Pop,10.19,70,1376.6
12.13,19.05,1.5,Medium,SUV,Sunny,0,SemiUrban,119.6,212.59,3.67,3.65,None,69.75,8,1226.4
33.92,101.17,1.2,High,Mini,Rainy,1,SemiUrban,100.91,77.3,3.62,4.01,Rock,17.18,30,1519.94
17.86,51.42,1.0,Medium,SUV,,1,SemiUrban,106.74,274.45,4.07,3.52,Classical,68.42,96,1033.32
33.32,107.97,1.0,Medium,Sedan,Sunny,0,Airport,92.21,296.91,5.0,4.61,Pop,95.64,81,1479.35
33.09,132.33,1.2,Medium,Sedan,Sunny,1,SemiUrban,91.25,85.41,3.71,4.21,Rock,74.22,38,1553.79
8.37,18.85,1.0,Medium,SUV,Sunny,0,Urban,98.87,118.89,3.4,4.91,None,45.59,72,790.86
28.34,84.21,1.5,Medium,Sedan,Rainy,0,Airport,90.37,255.37,4.39,4.39,Classical,65.39,90,2081.19
12.34,33.56,1.0,Medium,Sedan,Rainy,1,Urban,98.33,148.73,4.79,3.31,None,14.25,89,746.3
12.6,42.39,1.0,Medium,Sedan,Sunny,1,Urban,105.67,64.41,4.66,4.05,None,39.73,40,764.08
12.56,,1.0,High,Sedan,Sunny,0,Airport,110.73,277.94,4.76,3.31,None,53.41,99,956.54
29.3,84.78,2.0,Low,Mini,Rainy,0,Airport,97.54,181.33,3.07,4.72,Pop,33.22,62,2416.91
9.96,27.84,1.5,Medium,Mini,Rainy,0,Airport,102.22,57.74,3.16,3.66,None,56.49,21,1123.19
1.04,10.43,2.0,Medium,Mini,Rainy,1,SemiUrban,,158.67,4.58,3.87,None,16.55,5,924.25
28.89,110.57,1.0,Low,Mini,Rainy,0,SemiUrban,99.83,258.61,3.83,,None,78.84,65,1154.56
7.68,26.1,1.5,High,Sedan,Sunny,1,Urban,101.66,148.6,3.9,3.53,None,36.86,59,1012.56
5.07,9.4,2.0,Medium,Mini,Sunny,0,Airport,104.64,82.57,3.8,3.92,Classical,22.21,74,1085.36
10.26,40.09,1.0,Low,Mini,Sunny,0,Urban,95.96,60.29,3.34,4.57,Classical,49.48,3,521.39
15.82,49.12,2.5,Low,Sedan,Foggy,1,Urban,103.94,244.84,4.88,3.13,Pop,60.3,97,2220.59
19.56,,2.0,Medium,SUV,Sunny,0,SemiUrban,97.81,177.58,4.46,3.56,Pop,50.56,87,1979.96
2.74,0.08,2.5,Low,Mini,Rainy,1,Airport,91.91,130.1,3.65,3.22,Classical,6.57,93,1188.94
38.85,150.05,2.0,Medium,SUV,Sunny,1,SemiUrban,96.41,256.58,4.18,4.49,Rock,33.26,99,3181.71
28.93,90.37,1.5,Low,Sedan,Rainy,0,SemiUrban,118.02,78.32,4.06,3.29,Classical,21.31,62,1734.47
13.6,21.98,2.0,High,Mini,Sunny,1,SemiUrban,105.16,90.93,3.95,4.92,None,79.91,94,1402.36
13.43,46.13,1.0,Medium,Mini,Sunny,0,SemiUrban,119.48,147.25,4.93,3.76,Classical,96.51,6,687.63
18.49,67.81,1.5,Low,Sedan,Sunny,0,Airport,96.76,59.79,3.9,4.06,Classical,66.81,33,1478.78
25.42,104.02,1.0,High,Mini,Rainy,0,SemiUrban,98.76,263.46,4.23,3.45,Rock,92.64,97,1257.92
6.71,15.96,1.5,High,Sedan,Sunny,1,Urban,109.21,164.54,3.52,4.69,Rock,81.01,96,1007.63
8.37,29.25,1.5,Medium,Sedan,Sunny,0,SemiUrban,100.66,198.46,3.73,3.48,Pop,5.46,63,990.32
34.52,123.61,1.5,Low,Sedan,Sunny,0,SemiUrban,100.84,61.57,4.15,3.96,Rock,83.28,34,1821.58
10.99,30.27,1.5,Medium,Mini,Sunny,0,SemiUrban,115.32,266.57,,4.93,Pop,70.84,58,1059.43
15.83,34.62,1.0,Low,Sedan,Sunny,1,Airport,90.88,292.39,4.95,3.95,Pop,25.01,28,965.72
34.98,61.74,1.2,Medium,Mini,Sunny,0,SemiUrban,109.99,271.93,4.62,4.01,Pop,32.14,6,1294.12
26.86,81.28,1.0,Low,Sedan,Sunny,0,SemiUrban,116.41,221.06,4.64,4.73,Rock,76.11,72,1111.33
14.33,36.13,1.0,Medium,Mini,Sunny,1,Urban,95.23,247.99,3.24,4.78,Pop,93.03,97,722.99
27.66,73.09,1.2,Low,Sedan,,0,SemiUrban,102.1,262.15,4.81,4.41,Classical,20.91,12,1396.15
1.77,13.55,1.2,Medium,SUV,Sunny,0,SemiUrban,,104.16,,3.05,Pop,76.97,36,621.94
29.69,108.14,1.0,Low,Sedan,Sunny,0,Airport,106.05,85.81,3.46,4.45,Pop,73.83,5,1299.87
19.99,70.75,1.0,Medium,Mini,Sunny,0,SemiUrban,100.73,101.06,4.02,4.49,Classical,78.54,92,865.23
32.71,,1.0,Medium,SUV,Foggy,1,SemiUrban,108.78,272.05,3.79,3.71,Pop,49.8,94,1421.78
38.23,116.01,1.5,Low,Mini,Rainy,0,SemiUrban,99.74,134.14,4.49,4.27,Pop,3.7,66,1996.33
37.11,143.84,1.2,Medium,Sedan,Sunny,0,Urban,108.79,88.31,,3.54,Rock,13.38,33,1716.81
36.46,119.99,1.0,Low,Mini,Foggy,0,SemiUrban,94.35,299.9,4.47,3.65,Pop,42.35,67,1362.76
20.97,68.27,1.5,Medium,Mini,Rainy,0,Airport,96.76,92.06,4.7,3.72,None,72.23,96,1612.35
15.05,,1.0,Medium,Sedan,Sunny,0,Airport,90.44,79.08,3.24,4.74,Pop,83.02,10,826.56
19.14,46.13,1.2,Medium,Mini,Sunny,1,Urban,95.53,258.51,3.46,4.86,Classical,79.21,15,1189.16
27.91,123.06,1.0,Low,SUV,Sunny,1,SemiUrban,93.92,261.3,3.25,4.44,None,69.57,70,1342.82
35.48,86.69,2.5,Low,Mini,Sunny,0,Urban,107.94,187.44,4.62,3.37,None,82.61,92,2991.1
9.07,21.87,1.0,Low,Mini,Rainy,1,SemiUrban,118.33,118.78,3.04,4.4,Rock,56.97,47,576.95
36.81,94.4,1.5,High,Mini,Sunny,0,Airport,,126.92,4.79,3.51,Pop,0.13,22,8632.24
,78.86,1.2,Medium,SUV,Rainy,0,SemiUrban,93.88,125.89,4.07,3.29,Classical,63.13,38,1667.48
39.18,88.03,1.0,High,SUV,Sunny,0,Urban,106.06,266.39,,4.02,Rock,86.39,90,1611.17
35.33,78.33,1.0,High,Sedan,Rainy,1,Urban,,54.27,3.3,4.81,Classical,50.2,17,1264.98
11.92,44.27,1.0,High,Mini,Sunny,0,Airport,,227.58,,3.74,None,62.23,24,840.69
5.13,26.58,1.5,Medium,Sedan,Rainy,0,Urban,105.13,288.8,3.53,4.29,Classical,87.3,62,1100.97
5.38,13.64,1.0,Low,SUV,Rainy,1,Airport,90.58,238.09,3.16,4.5,Pop,89.16,75,810.52
12.36,44.06,1.5,High,Mini,Rainy,1,Airport,118.93,172.72,4.6,4.7,Rock,73.64,84,1432.59
24.95,91.5,1.2,Low,Mini,Rainy,0,Urban,96.04,70.57,3.55,3.08,Pop,26.09,47,1197.35
32.37,142.4,1.0,Medium,Sedan,Sunny,0,Airport,,57.63,3.03,4.01,Pop,9.14,74,4361.88
36.07,75.76,1.0,High,SUV,Sunny,0,Urban,101.49,102.06,4.59,4.79,Pop,27.96,48,1458.76
25.33,72.47,2.0,Medium,Sedan,Sunny,0,SemiUrban,94.75,203.07,4.17,3.59,Rock,97.85,87,2183.95
1.22,16.55,1.0,Low,Mini,Rainy,0,Airport,93.2,163.55,3.06,,Pop,50.51,62,431.28
8.27,,1.0,Low,Mini,Sunny,0,SemiUrban,105.32,200.46,3.45,3.74,Pop,80.52,84,620.33
4.89,8.07,1.2,High,Mini,Sunny,0,SemiUrban,100.86,71.45,3.65,4.43,Pop,25.72,51,511.74
15.17,52.26,1.0,High,Premium,Rainy,0,Airport,117.53,256.94,4.88,4.95,Classical,85.3,59,1347.26
20.55,97.57,1.2,Medium,SUV,Sunny,1,Urban,96.04,219.77,3.85,4.13,None,31.21,31,1429.54
2.69,-0.48,1.0,High,SUV,Sunny,1,Urban,111.71,209.44,4.38,4.86,Pop,97.15,50,638.18
14.59,61.78,2.5,Low,Sedan,Rainy,0,SemiUrban,95.57,93.18,,4.87,None,57.57,56,2076.49
7.99,30.95,1.0,Low,Sedan,Foggy,0,Urban,116.15,186.51,4.05,4.63,None,88.49,33,783.82
26.24,76.04,2.5,Low,Mini,Sunny,1,Airport,105.31,113.87,3.2,3.89,Rock,0.14,2,2710.47
19.11,48.56,1.0,Low,Sedan,Rainy,0,SemiUrban,114.94,283.13,4.87,4.46,Pop,33.97,62,1160.5
20.32,87.18,1.0,Low,SUV,,0,Urban,103.13,166.69,3.9,4.84,None,38.48,98,1155.28
17.68,67.78,2.0,Low,Mini,Sunny,0,Urban,95.26,126.87,3.34,4.7,Rock,66.01,5,1638.87
38.28,111.89,1.0,Medium,Mini,Sunny,0,SemiUrban,106.18,287.67,4.54,4.13,None,54.18,98,1362.97
9.37,42.54,1.0,Low,Mini,Rainy,1,Urban,,101.42,4.76,4.76,Rock,67.69,73,543.31
21.15,68.34,1.0,Low,Mini,Foggy,0,Urban,95.54,173.23,4.46,4.68,Pop,43.37,81,968.92
,94.54,2.5,High,SUV,Sunny,1,SemiUrban,117.11,92.71,3.89,3.26,Rock,26.17,89,3234.73
22.72,80.2,1.0,Low,Mini,Rainy,1,SemiUrban,106.54,73.58,4.97,3.56,Rock,94.81,14,985.87
37.23,104.03,1.5,Low,Sedan,Sunny,0,Airport,114.01,62.98,3.2,4.68,None,21.01,58,2165.08
,39.65,1.2,Low,SUV,Foggy,1,SemiUrban,113.28,53.93,3.29,4.53,Classical,84.19,25,976.52
19.08,52.07,1.0,High,SUV,Sunny,1,SemiUrban,90.03,227.36,3.55,3.77,Pop,90.04,32,1082.22
4.45,,1.0,Medium,SUV,Rainy,1,SemiUrban,116.58,146.97,,4.06,Pop,27.4,53,742.97
24.75,107.73,2.0,Medium,Sedan,Sunny,0,Airport,113.2,280.48,3.9,4.97,Rock,58.3,91,2724.28
12.24,50.58,1.5,Low,Mini,Foggy,0,SemiUrban,98.06,206.65,4.19,3.77,None,73.83,10,1073.73
7.25,24.74,1.2,Medium,Mini,Sunny,0,SemiUrban,96.88,251.7,3.61,3.44,Classical,87.52,21,624.06
22.24,77.26,1.0,Low,Sedan,Sunny,0,SemiUrban,91.7,120.63,3.06,4.36,Rock,83.3,80,974.49
,59.63,1.0,Low,Mini,,1,SemiUrban,92.77,103.18,4.12,3.35,Rock,81.74,55,833.79
3.96,11.19,1.2,Medium,SUV,Rainy,1,Airport,95.84,161.04,4.12,3.2,None,6.96,8,938.18
28.23,109.3,1.2,High,Sedan,Foggy,1,Urban,90.1,256.86,4.74,4.76,Pop,97.7,96,1622.27
25.33,85.15,1.5,Low,SUV,Sunny,1,Airport,99.47,169.79,3.21,4.76,Rock,52.21,97,1843.52
8.37,40.58,1.0,Medium,Sedan,Sunny,0,Urban,117.67,187.59,3.74,4.54,Classical,30.9,34,678.66
19.31,83.0,2.5,Low,SUV,Rainy,0,Urban,106.66,139.64,3.46,3.03,Rock,19.54,88,2777.13
29.09,53.67,1.0,Low,SUV,Sunny,0,Airport,107.42,198.1,3.21,3.41,None,96.12,51,1216.36
21.65,49.82,1.0,Low,Mini,Rainy,0,Urban,97.1,176.4,3.6,4.58,None,5.83,79,855.59
16.42,57.28,2.0,High,Sedan,Sunny,1,SemiUrban,96.75,165.62,4.61,4.61,Rock,93.01,89,1761.09
13.57,49.51,1.2,Low,Mini,Rainy,0,SemiUrban,101.02,187.2,3.47,3.97,Pop,21.46,91,861.01
24.81,102.44,1.0,Medium,Premium,Sunny,0,Airport,97.87,154.69,4.83,4.68,Rock,97.65,25,1553.34
37.63,109.78,1.5,Low,SUV,Rainy,0,Urban,115.75,246.86,4.38,4.71,None,4.08,56,2422.69
,86.19,1.2,Medium,Mini,Rainy,0,SemiUrban,95.32,67.02,3.19,4.63,Pop,13.25,18,5087.03
3.92,22.73,1.0,Medium,SUV,Rainy,1,Airport,110.25,138.54,3.44,4.51,Pop,1.09,20,827.38
18.97,73.17,1.2,Low,Mini,Rainy,0,Airport,104.69,238.3,3.07,4.65,Rock,1.3,92,1264.17
35.74,120.2,1.0,High,Sedan,,0,Urban,110.32,141.41,3.23,3.23,Classical,92.55,14,1389.73
4.68,26.99,1.0,Medium,Sedan,,1,Urban,115.04,167.39,4.44,4.04,None,76.63,52,719.91
39.57,150.76,1.0,Low,SUV,Rainy,1,Airport,100.24,148.06,3.31,3.88,Rock,89.58,38,1723.98
38.01,136.78,1.2,Medium,SUV,Rainy,1,Urban,106.22,137.57,3.59,3.11,None,2.96,11,1845.29
4.05,9.21,1.0,Low,Sedan,Rainy,1,SemiUrban,104.97,187.42,4.37,4.98,None,6.55,28,659.73
37.4,102.08,2.0,Medium,Mini,Sunny,0,Airport,101.2,90.89,4.28,4.07,Pop,99.37,79,2764.47
15.16,34.51,1.2,Medium,Mini,Rainy,1,Airport,114.36,158.97,4.79,4.67,Classical,49.05,30,1125.53
33.94,129.72,1.0,Low,Mini,Foggy,1,Airport,90.31,238.64,3.67,3.86,Classical,13.53,5,1364.15
17.32,42.12,1.2,High,Mini,Sunny,0,Airport,99.3,52.34,3.73,3.64,Classical,44.52,68,1106.15
18.19,56.12,1.5,Low,Sedan,Rainy,0,SemiUrban,114.96,200.71,3.19,4.03,Rock,10.45,71,1489.66
25.74,79.82,1.2,Low,Sedan,Sunny,1,Urban,116.16,295.51,3.57,3.29,Rock,98.12,39,1393.41
31.2,103.18,1.0,Medium,SUV,Sunny,0,Urban,110.81,150.69,4.69,3.37,Classical,71.83,40,1404.75
2.32,3.05,1.0,Low,Mini,Sunny,1,Urban,100.22,184.78,3.28,3.12,None,19.84,35,328.71
24.13,67.82,2.0,Low,Mini,Rainy,0,Urban,114.67,85.07,3.74,4.72,Pop,56.17,3,1935.92
8.28,37.13,1.0,Low,Mini,,1,Urban,92.52,226.61,4.69,4.09,None,72.42,92,587.94
14.49,45.02,1.0,High,Sedan,,1,Airport,97.96,154.46,3.44,4.97,Rock,73.98,37,860.38
14.57,47.78,1.2,Low,Sedan,Sunny,1,Urban,92.77,242.26,3.31,4.65,None,30.06,68,988.5
19.29,41.27,1.0,Low,Sedan,Sunny,1,Airport,93.31,81.47,3.01,4.11,Pop,7.62,58,866.69
14.03,58.19,2.5,Low,Mini,Rainy,0,Urban,107.79,68.9,4.84,4.06,None,87.99,11,1816.65
5.19,13.37,2.0,Low,Sedan,Sunny,0,SemiUrban,92.16,120.24,4.74,4.01,Classical,93.1,4,909.85
6.68,,1.2,Medium,Sedan,Foggy,0,SemiUrban,110.39,93.63,3.38,3.11,Classical,54.25,68,688.27
2.3,11.92,1.5,Medium,Mini,Sunny,0,SemiUrban,100.47,254.3,4.57,3.11,Classical,86.46,44,671.41
19.34,,1.2,Medium,Sedan,Sunny,0,Urban,91.67,239.47,4.95,3.98,Pop,54.07,90,1217.39
38.22,124.41,1.5,Medium,Sedan,Sunny,0,Urban,98.57,291.65,3.61,4.8,Pop,26.13,90,2329.21
5.51,29.52,1.2,Low,Mini,Foggy,0,Urban,101.98,66.66,4.34,4.3,None,65.75,50,477.09
37.9,79.87,1.0,Medium,Mini,Sunny,0,Urban,,121.86,3.41,4.06,Pop,56.61,73,1265.25
29.6,117.21,2.0,Medium,Mini,Sunny,1,Urban,105.3,292.62,4.17,4.23,Rock,90.65,77,2474.19
25.86,73.73,2.0,Medium,Mini,Rainy,0,SemiUrban,105.08,76.65,3.66,3.63,None,94.17,52,1975.51
26.17,98.85,2.5,High,Mini,Sunny,0,Urban,100.79,172.46,4.23,3.7,Rock,43.93,79,2793.34
33.24,,1.5,High,Mini,Sunny,1,Airport,116.98,213.96,4.34,4.48,None,17.33,27,2205.05
5.17,8.33,1.0,Medium,Mini,Sunny,1,Urban,96.6,106.88,4.44,3.42,Pop,78.65,9,455.67
20.69,40.81,1.0,High,SUV,Sunny,0,SemiUrban,100.21,244.04,4.81,3.34,Pop,23.32,18,1135.95
28.19,115.24,1.0,Medium,Mini,Sunny,0,SemiUrban,106.61,263.05,3.22,,Pop,58.33,96,1182.8
23.89,74.06,1.0,Low,Mini,Sunny,0,Urban,97.36,149.42,3.55,4.48,None,66.86,10,869.31
33.48,92.88,1.0,Medium,Mini,Rainy,1,Urban,94.51,226.04,3.34,3.61,Classical,84.91,38,1311.69
3.82,23.52,1.2,Low,Premium,Foggy,0,Urban,90.19,182.68,3.87,3.83,Rock,20.73,36,998.23
27.94,,1.2,Low,Sedan,Rainy,0,SemiUrban,118.36,220.05,3.86,4.1,None,83.51,38,1491.47
21.83,58.63,1.0,Medium,Sedan,Sunny,0,SemiUrban,113.53,162.48,3.67,4.78,None,51.09,41,1000.13
15.79,48.75,1.2,Low,Sedan,,0,Urban,116.67,58.48,4.98,4.25,Rock,53.11,10,896.56
14.27,62.72,1.0,Low,Mini,Sunny,0,SemiUrban,91.21,131.1,4.52,4.71,Classical,93.6,7,753.22
,78.03,1.2,Medium,Premium,Sunny,0,SemiUrban,,123.71,3.18,3.77,None,38.1,79,1485.59
35.75,145.86,2.5,Low,Mini,Sunny,0,Urban,106.56,281.05,3.8,4.18,Pop,2.96,11,3541.85
20.35,47.51,1.2,Low,Sedan,,0,Urban,90.69,159.61,,4.3,Rock,26.53,64,1083.98
33.16,109.21,1.0,Medium,Mini,Rainy,1,SemiUrban,98.14,275.87,3.33,,Classical,76.68,43,1398.61
16.68,44.54,1.2,Low,SUV,Rainy,0,Urban,119.18,51.42,3.93,4.61,None,85.0,10,1174.13
4.99,24.32,1.5,High,Mini,Sunny,0,Urban,100.72,208.06,4.55,3.29,Pop,50.32,5,870.6
3.4,32.46,1.2,High,Sedan,,1,SemiUrban,119.38,164.17,3.17,4.34,Classical,46.71,83,813.45
3.0,21.6,2.5,Medium,Mini,Sunny,0,Airport,93.56,61.17,4.63,3.1,Rock,35.37,32,1303.23
15.83,56.85,1.0,Low,Sedan,Rainy,0,Airport,101.55,166.94,3.22,4.99,Classical,82.89,77,1012.94
14.15,39.0,1.0,Medium,Mini,Rainy,1,Airport,90.17,145.96,3.93,3.82,None,41.56,41,935.09
29.0,85.24,1.0,Low,SUV,Sunny,0,SemiUrban,107.75,103.3,4.91,4.34,Pop,24.75,72,1130.19
29.97,61.66,1.5,Medium,Mini,,1,Airport,100.25,69.7,4.02,3.38,Rock,72.44,51,1638.06
2.98,,1.2,Medium,Sedan,Sunny,1,Airport,105.12,247.59,4.8,4.56,Rock,51.73,11,754.7
9.62,,1.0,Medium,Sedan,Foggy,0,SemiUrban,113.84,202.11,4.84,4.39,None,7.86,2,663.9
11.7,36.87,1.0,Medium,SUV,Sunny,0,Urban,106.54,197.68,3.86,3.7,Rock,67.94,46,902.44
22.36,75.56,1.2,Medium,SUV,Sunny,0,SemiUrban,109.96,276.45,4.87,3.72,None,41.11,76,1419.57
6.64,27.6,2.5,Medium,Premium,Sunny,1,Urban,,53.07,3.18,4.36,Rock,85.31,62,2205.27
6.22,11.31,1.0,Low,Mini,Sunny,0,Urban,112.44,185.37,3.69,3.74,Classical,94.39,17,491.98
,70.56,1.0,Medium,Mini,,1,Urban,108.08,288.19,4.77,4.9,Classical,96.54,10,1320.32
32.36,112.75,1.2,Medium,Mini,Sunny,1,Airport,115.98,162.51,4.06,3.65,Rock,98.89,12,1573.98
8.05,21.81,1.0,Medium,Sedan,Sunny,0,SemiUrban,112.68,168.03,4.43,,Rock,85.62,43,625.05
16.86,54.24,1.2,Medium,Mini,Sunny,0,Urban,96.96,67.4,3.09,4.52,Classical,36.56,50,816.08
14.87,60.78,1.2,Low,Sedan,Sunny,0,SemiUrban,105.73,226.01,4.33,3.21,Pop,25.75,37,924.77
31.85,115.92,1.2,Low,Mini,Rainy,0,SemiUrban,,240.48,4.7,4.13,Rock,20.28,36,1597.85
20.9,76.11,2.0,Medium,Mini,Sunny,0,SemiUrban,115.77,84.76,4.36,4.25,Rock,73.9,45,1723.44
5.99,17.34,1.0,Medium,Sedan,Sunny,0,Urban,104.31,209.56,4.91,3.62,Pop,64.05,46,598.56
29.82,65.33,1.5,Low,SUV,Rainy,0,Airport,99.41,143.37,4.39,4.9,Rock,57.64,81,2043.14
16.48,43.58,2.0,Low,SUV,Sunny,0,Urban,96.32,191.19,3.63,3.83,Classical,41.22,36,1771.98
11.25,33.65,1.0,Medium,Mini,Rainy,1,SemiUrban,95.83,218.72,3.51,3.56,Pop,77.03,42,825.81
15.64,45.03,1.0,High,SUV,Sunny,0,Airport,94.32,75.19,4.26,4.37,Rock,40.57,96,1015.36
20.41,81.69,1.5,Low,Sedan,Sunny,0,Airport,119.99,125.23,3.19,4.44,Pop,44.82,21,1621.73
,36.34,1.5,Medium,Sedan,Sunny,0,Airport,109.88,260.61,3.77,3.85,Classical,33.56,88,1389.21
,37.76,1.0,High,Mini,Sunny,0,SemiUrban,99.44,92.37,3.87,3.36,Pop,46.88,85,619.3
16.54,59.1,1.0,Low,Sedan,Sunny,0,Urban,98.8,212.54,4.2,4.26,Pop,12.31,5,822.25
1.75,5.76,1.2,Low,Mini,Sunny,1,SemiUrban,99.16,259.13,3.47,3.5,Classical,91.8,43,493.97
31.13,71.34,1.0,High,Premium,Rainy,0,SemiUrban,116.17,206.22,,3.45,Rock,75.14,96,1676.7
7.67,,1.5,Low,Sedan,Sunny,1,Urban,105.4,246.3,4.88,4.16,Pop,56.24,48,1040.76
2.71,16.06,1.2,Medium,SUV,Rainy,0,SemiUrban,98.14,172.25,4.19,4.97,Classical,86.57,54,799.92
26.49,118.41,2.0,Medium,Sedan,Rainy,0,SemiUrban,113.95,270.66,4.34,4.39,Pop,14.15,15,2618.6
31.18,94.47,1.2,Low,Mini,Sunny,1,SemiUrban,112.51,219.31,3.61,4.62,None,13.48,31,1393.75
32.74,136.81,1.2,Low,Sedan,Sunny,0,Urban,104.03,135.43,3.51,4.43,Classical,77.16,19,1515.17
20.25,54.19,1.2,Medium,Sedan,Sunny,0,Urban,110.66,179.96,3.54,3.74,None,38.01,64,1213.15
9.01,31.37,1.0,Medium,Sedan,Sunny,0,Airport,112.14,211.74,3.81,4.81,None,77.96,74,856.91
,105.32,1.5,Low,Mini,Rainy,0,Urban,91.49,246.91,,4.62,Classical,79.62,73,1776.77
28.29,69.95,1.2,Medium,SUV,Sunny,0,Urban,116.27,92.14,3.62,4.38,Classical,91.45,11,1462.33
10.6,22.43,1.5,Medium,Sedan,Sunny,0,Airport,98.61,297.6,3.58,4.08,None,31.71,24,1301.15
36.23,83.86,1.5,Low,Mini,Rainy,0,Airport,119.43,87.64,3.65,3.72,None,5.21,68,1933.06
5.07,11.35,1.2,Medium,Sedan,Rainy,0,SemiUrban,117.25,185.88,3.47,3.9,Pop,48.36,62,778.11
39.32,146.14,1.0,Low,SUV,Sunny,1,Airport,90.58,54.34,4.46,3.62,None,8.22,97,1529.84
,85.83,2.0,Medium,Sedan,Sunny,0,Urban,108.63,160.1,3.81,4.84,Pop,51.57,48,2551.14
27.83,83.31,1.0,Medium,Mini,,0,Airport,118.95,50.67,3.94,3.66,Classical,86.95,50,1028.73
,98.47,2.5,Medium,Sedan,Sunny,0,Urban,106.95,67.56,,4.88,None,53.58,95,3274.95
29.17,127.29,1.0,Low,Mini,Sunny,0,SemiUrban,108.47,187.01,4.3,3.89,Classical,18.65,24,1115.33
8.43,36.94,1.0,Medium,Sedan,Rainy,1,SemiUrban,,164.11,3.81,4.67,Rock,22.61,66,779.71
18.24,88.17,2.0,Medium,Sedan,Sunny,1,Airport,107.18,65.83,3.05,3.5,Classical,86.96,6,2079.36
3.79,5.01,1.5,Medium,Mini,Rainy,0,SemiUrban,97.33,282.81,4.79,4.93,Pop,84.55,33,913.21
16.2,52.63,1.5,High,Mini,Sunny,0,Airport,103.81,137.56,3.23,4.79,Pop,46.33,56,1402.58
29.92,93.0,1.0,High,Mini,Sunny,1,Airport,100.5,235.71,4.69,,None,76.23,51,1314.77
16.07,43.12,2.0,Medium,Mini,Sunny,1,SemiUrban,95.01,290.64,,4.84,Rock,1.64,67,1484.23
13.88,45.85,1.2,Low,Mini,Sunny,0,SemiUrban,96.42,277.23,4.67,4.24,Rock,86.58,36,777.6
24.22,69.05,1.2,Medium,SUV,Rainy,0,Urban,91.83,220.64,4.79,3.03,Pop,19.68,33,1453.58
35.02,115.87,2.0,Low,Sedan,,0,Airport,95.06,54.54,3.09,3.5,Classical,23.71,4,2684.91
2.86,,1.2,Medium,Sedan,Sunny,0,SemiUrban,97.78,210.25,3.88,3.18,None,54.16,38,674.13
16.03,53.71,1.0,Medium,Mini,Sunny,0,SemiUrban,112.75,70.88,3.12,3.13,Classical,46.38,88,691.54
7.17,23.99,1.2,High,Mini,Rainy,0,SemiUrban,,156.79,3.63,3.94,None,14.21,7,793.97
28.12,,1.2,High,Mini,Rainy,0,Urban,110.73,278.5,3.28,4.95,Pop,70.01,41,1529.47
5.12,15.48,2.0,Medium,SUV,Rainy,1,Urban,119.88,79.84,4.16,3.79,None,57.72,70,1468.9
26.93,98.76,1.0,Medium,Sedan,Sunny,0,SemiUrban,107.45,226.3,4.23,4.93,Pop,90.75,72,1137.92
12.16,39.6,1.5,Medium,Sedan,Sunny,1,SemiUrban,108.42,120.91,4.14,4.78,Classical,96.51,11,1140.92
8.76,41.53,1.5,Low,Mini,Sunny,0,SemiUrban,106.57,90.41,3.45,3.35,Classical,39.17,5,722.37
37.52,102.86,1.0,High,Mini,Rainy,1,SemiUrban,101.87,110.06,3.49,4.77,None,38.33,76,1395.87
1.72,1.15,1.0,Medium,SUV,Foggy,0,Airport,95.57,151.52,3.62,3.51,Pop,85.38,31,752.88
18.07,65.52,1.2,Medium,Mini,Sunny,0,Urban,119.33,251.35,3.31,3.11,Classical,11.9,84,1173.43
1.84,13.54,1.5,Low,Mini,Sunny,0,Urban,104.34,178.79,3.86,3.24,Pop,3.5,15,599.73
19.86,46.1,1.2,Low,Mini,Sunny,1,Urban,118.08,137.54,4.41,4.03,None,1.72,65,885.45
20.54,86.34,1.5,Medium,Sedan,Sunny,0,Airport,97.79,94.0,4.61,4.25,Classical,95.31,53,1552.7
13.54,38.27,1.2,Low,Premium,Sunny,0,Urban,93.26,113.45,3.05,,None,44.01,34,1191.26
6.15,36.1,1.2,Low,Mini,Rainy,0,Urban,109.11,286.43,3.09,4.41,Rock,64.18,87,782.58
15.68,64.49,1.0,Low,Sedan,Sunny,0,Airport,115.54,105.37,4.25,3.15,Classical,13.61,90,924.42
27.22,110.67,1.0,High,Sedan,Rainy,0,Urban,109.87,131.49,3.92,4.3,None,4.13,82,1328.76
31.51,85.21,1.5,Medium,SUV,Sunny,0,SemiUrban,112.28,172.04,3.69,3.12,None,88.62,6,1990.48
21.7,71.92,1.5,Medium,Sedan,Rainy,1,SemiUrban,108.25,163.0,4.56,3.6,Rock,73.97,59,1604.74
24.0,75.04,1.2,Low,SUV,Rainy,0,SemiUrban,112.39,126.5,3.98,4.77,Rock,75.58,39,1355.54
8.82,23.2,1.2,Low,Sedan,Rainy,0,Airport,,54.01,4.18,4.92,Pop,46.59,87,900.81
12.21,54.56,1.2,Low,Sedan,Sunny,0,Airport,101.68,256.04,3.67,3.1,None,62.57,88,1122.24
,18.11,1.0,Medium,Sedan,Rainy,0,Urban,113.41,69.22,3.59,4.65,Rock,62.18,70,655.36
10.72,27.6,1.2,High,SUV,Rainy,0,Urban,114.04,247.48,4.9,4.2,Pop,98.86,44,1245.51
9.77,17.73,1.2,Low,Sedan,Sunny,0,SemiUrban,92.48,126.79,4.4,4.87,None,46.89,18,704.84
21.26,77.51,1.2,Low,Sedan,Sunny,0,Airport,90.51,277.81,3.66,3.78,Classical,39.47,84,1415.96
22.94,77.54,1.2,Low,Mini,Foggy,1,Urban,110.0,174.29,5.0,4.37,Pop,70.98,50,1214.42
37.85,113.4,1.5,Medium,Sedan,Rainy,0,SemiUrban,92.53,52.9,,3.17,Classical,68.64,44,2054.9
8.63,43.26,1.0,High,Sedan,,1,Urban,95.14,179.5,3.86,3.61,None,59.98,58,781.79
26.03,,1.0,Medium,SUV,Sunny,0,SemiUrban,95.92,277.4,4.96,3.93,Pop,39.08,17,1314.27
98.61,206.63,1.0,Medium,Sedan,Sunny,1,SemiUrban,105.28,59.86,4.8,,Classical,44.42,55,3870.7
22.85,99.44,1.5,Low,Mini,,0,Urban,96.03,164.49,3.91,4.55,Rock,24.73,49,1421.97
10.95,25.11,1.0,Medium,Sedan,Foggy,0,SemiUrban,95.43,224.89,4.43,3.19,Classical,23.45,36,769.82
11.24,26.23,1.0,Low,Mini,Sunny,1,Urban,90.32,66.54,3.74,3.12,Classical,86.18,49,543.33
2.53,13.92,2.5,Low,Mini,Sunny,0,Urban,113.0,108.4,3.96,3.17,Pop,21.79,56,867.61
12.91,53.29,1.2,Low,SUV,Sunny,0,Urban,94.08,58.63,4.29,3.01,Pop,84.63,45,918.25
30.04,96.54,1.0,Low,Mini,Rainy,1,SemiUrban,107.06,189.22,3.75,3.59,None,17.88,60,1096.55
2.85,-10.75,1.2,Low,Sedan,,0,Airport,98.99,253.7,4.55,4.84,Rock,54.34,3,764.44
9.55,31.92,1.5,Medium,Premium,Sunny,0,Airport,95.49,139.14,3.7,4.39,Rock,47.59,46,1586.7
28.54,79.23,1.2,Low,Mini,Rainy,1,Urban,,77.86,3.41,3.67,None,76.46,90,1232.92
31.52,123.36,1.2,High,Mini,Foggy,0,SemiUrban,97.72,181.46,3.51,3.41,Pop,88.71,60,1583.53
18.76,77.23,1.0,High,SUV,Sunny,0,Airport,103.0,266.61,,4.45,Rock,25.41,33,1251.21
28.22,94.96,1.0,Medium,Mini,Sunny,0,Airport,110.7,197.12,4.51,4.39,Classical,45.49,81,1259.4
16.13,62.69,1.0,Low,SUV,Sunny,0,Airport,91.53,104.47,4.8,4.2,Pop,18.14,26,965.55
7.24,34.96,1.0,Medium,Mini,Sunny,1,SemiUrban,95.5,104.32,4.86,4.75,Rock,34.24,13,450.89
16.53,45.22,1.2,High,SUV,Sunny,0,Urban,,135.4,3.02,4.23,None,24.79,87,1260.24
23.62,92.4,1.0,Low,Mini,Rainy,0,SemiUrban,,70.98,3.39,3.73,Classical,96.63,30,946.67
37.97,121.28,1.2,High,SUV,,1,SemiUrban,107.22,185.47,3.78,4.47,Rock,43.66,68,1959.98
3.68,17.62,1.2,Medium,SUV,Sunny,0,SemiUrban,114.61,293.01,3.42,3.47,Rock,26.97,72,859.46
20.79,37.96,1.0,High,Sedan,Sunny,1,SemiUrban,98.0,250.9,3.11,4.23,Pop,10.44,95,1005.34
13.83,66.07,1.0,High,SUV,,0,SemiUrban,116.86,186.65,4.86,3.08,Rock,34.84,60,1088.58
20.82,69.17,1.0,Low,Mini,Sunny,0,SemiUrban,108.87,280.12,,,Classical,90.11,8,915.18
1.94,-0.78,1.0,Medium,Mini,Sunny,0,Airport,102.18,194.31,3.38,3.16,None,70.99,68,544.71
13.21,42.64,1.5,Low,Mini,Sunny,0,SemiUrban,,249.77,3.98,4.93,Rock,13.93,89,1018.71
32.97,133.95,1.5,Low,Sedan,Sunny,1,Urban,93.82,96.15,4.96,3.3,None,1.26,79,1986.55
22.6,49.78,1.5,Medium,SUV,Sunny,1,Urban,99.39,98.15,4.18,3.61,Pop,60.51,34,1521.17
18.57,56.14,1.2,High,Sedan,Sunny,0,Airport,106.18,266.85,4.08,,Pop,95.84,58,1358.03
12.14,38.91,1.0,High,Sedan,Sunny,0,Urban,109.21,107.75,3.85,3.63,None,28.39,33,811.96
,38.66,1.5,Low,Sedan,Rainy,0,SemiUrban,96.5,188.59,3.25,3.89,Pop,37.9,40,1188.88
15.94,75.42,1.2,Low,SUV,Sunny,0,Urban,119.76,103.31,3.23,3.53,Classical,81.87,50,1095.53
33.59,103.24,1.0,Medium,SUV,Sunny,1,Airport,114.99,201.7,,3.75,None,37.63,50,1441.2
38.72,84.77,2.0,Low,Premium,Sunny,0,Airport,107.4,164.04,3.48,3.53,Classical,53.75,91,3306.27
18.11,60.38,1.0,Low,Mini,Sunny,1,Urban,119.2,254.41,3.54,4.95,None,3.33,82,810.58
,43.01,1.2,High,Mini,,0,SemiUrban,105.38,242.41,3.27,3.58,Rock,67.96,53,1002.19
34.02,93.13,1.2,High,SUV,Sunny,0,Urban,118.41,108.99,,3.61,None,1.69,91,1742.71
17.65,67.71,1.5,High,SUV,,0,Airport,112.55,178.02,4.25,,Pop,36.92,15,1883.91
22.53,63.52,2.0,Medium,Mini,Sunny,1,SemiUrban,96.52,295.17,4.08,4.26,None,8.42,4,1890.89
10.01,32.46,2.0,Medium,Premium,,0,Airport,102.17,180.71,3.07,4.94,Pop,4.88,70,2321.41
30.0,97.81,1.2,Medium,SUV,Rainy,0,SemiUrban,97.88,159.64,,4.18,Pop,0.45,28,1602.84
21.75,60.29,1.2,Low,Mini,Sunny,0,Airport,111.65,60.98,3.84,4.97,None,2.1,41,1057.4
32.55,106.31,1.0,High,SUV,Sunny,0,Urban,113.0,194.63,3.52,3.69,Rock,58.88,78,1553.49
31.45,122.81,1.2,Low,SUV,,0,SemiUrban,110.53,286.08,4.3,4.84,None,1.97,5,1702.68
9.39,38.47,2.0,Medium,Mini,Sunny,0,Airport,106.37,276.71,4.88,3.78,Rock,7.44,70,1653.48
28.91,77.16,1.2,Medium,Sedan,Sunny,1,Airport,102.06,227.67,4.4,4.26,Pop,41.1,15,1588.02
32.2,112.68,1.0,Low,Premium,Sunny,0,Airport,119.53,134.86,3.36,3.1,None,40.69,33,1582.49
14.5,72.49,1.0,Medium,Sedan,Sunny,0,Urban,90.84,234.48,4.3,3.01,Rock,26.28,69,918.3
,15.91,1.0,Low,SUV,Rainy,0,Urban,93.72,188.5,3.3,3.45,Rock,66.43,38,788.35
1.1,-0.12,1.0,Medium,Mini,Sunny,0,Airport,107.96,188.51,4.09,3.08,Pop,6.7,16,530.7
18.59,59.35,1.0,Medium,Sedan,,1,Airport,112.67,254.83,4.92,3.85,Classical,28.7,65,1070.26
14.74,37.01,1.0,Medium,Mini,Sunny,0,Urban,118.73,109.27,4.94,3.89,Rock,69.49,71,728.67
22.64,74.91,1.0,High,Mini,Sunny,0,Urban,104.71,195.13,4.77,4.91,None,10.59,68,1040.34
8.33,24.65,1.0,Low,Sedan,Foggy,1,SemiUrban,97.98,200.45,3.73,3.35,Rock,71.07,22,583.02
34.53,79.84,2.0,Medium,SUV,Sunny,0,Airport,115.9,281.41,4.41,3.91,Rock,1.6,48,3078.34
11.05,40.48,1.2,High,Sedan,Rainy,0,Urban,103.22,56.04,3.34,3.62,Rock,70.19,94,977.98
9.83,33.8,1.2,Medium,SUV,Sunny,1,Airport,93.87,169.71,4.86,3.12,Rock,78.68,77,4161.04
19.75,56.52,1.2,High,Sedan,Rainy,0,SemiUrban,105.66,115.8,,3.21,Rock,69.65,91,1193.19
20.46,69.75,1.0,Medium,Mini,Sunny,0,SemiUrban,105.77,259.22,4.14,4.75,Classical,75.89,94,947.31
9.39,,1.5,Medium,SUV,Sunny,1,Airport,96.88,125.5,3.77,3.79,None,82.76,53,1265.07
11.6,57.96,2.0,High,Mini,Foggy,0,Urban,94.26,119.96,3.83,4.53,Rock,46.99,46,1597.07
7.62,39.18,1.0,High,SUV,Rainy,0,SemiUrban,94.27,219.05,3.75,3.9,Classical,36.64,76,952.99
29.02,91.16,1.0,High,Mini,Foggy,1,Airport,114.7,120.86,3.95,4.83,Rock,66.23,4,1269.87
31.03,98.21,1.2,Low,Premium,Sunny,1,Urban,105.03,150.68,4.72,4.4,Classical,58.05,11,1806.34
19.03,46.98,1.0,Medium,Mini,Rainy,0,Airport,112.09,58.19,4.69,3.68,Classical,70.93,17,956.69
28.85,86.97,2.0,Low,Sedan,Sunny,0,Airport,118.87,139.11,3.67,4.73,Pop,81.58,9,2464.21
29.7,82.31,1.2,Low,Sedan,Sunny,0,Urban,113.76,225.81,3.23,3.17,Classical,3.53,15,1515.57
6.39,22.19,1.0,Medium,Mini,,0,Airport,94.71,188.08,3.9,3.15,Rock,59.55,5,733.28
38.68,138.94,1.0,High,Sedan,Sunny,0,Airport,102.6,85.53,3.01,4.11,Classical,58.61,71,1549.37
33.02,81.0,1.2,Medium,Mini,Sunny,0,Urban,104.88,255.07,4.5,4.46,Classical,74.83,74,1457.31
8.97,23.79,1.0,High,SUV,Sunny,1,Airport,111.04,133.73,3.01,4.2,None,90.11,55,844.23
8.26,35.27,2.0,High,Premium,Sunny,0,Urban,118.95,269.5,3.41,4.33,Rock,22.92,31,2190.52
5.9,38.55,1.0,Low,SUV,Sunny,0,Urban,98.55,260.56,3.3,3.52,Pop,89.6,68,716.21
6.4,29.14,2.5,Low,Sedan,Rainy,0,SemiUrban,115.84,86.55,4.75,4.76,Rock,75.34,77,1523.26
30.18,100.98,1.0,Low,Mini,Sunny,0,SemiUrban,92.16,277.4,5.0,4.94,Rock,24.43,42,1131.64
19.32,64.39,1.5,Medium,Mini,Sunny,0,Airport,116.16,69.08,3.29,3.78,None,65.99,32,1387.99
31.53,82.69,1.0,Low,Sedan,Sunny,0,Airport,110.84,153.54,4.14,3.82,Rock,67.35,2,1291.75
30.1,74.34,1.0,Medium,Sedan,Sunny,1,Airport,90.86,92.11,4.65,3.91,Classical,32.7,97,1231.72
24.58,95.39,1.2,Low,SUV,Rainy,1,Urban,108.32,79.55,3.7,3.4,Pop,37.75,45,1518.49
27.77,85.64,1.0,Low,Sedan,Sunny,1,Urban,117.94,78.43,3.51,3.28,Rock,8.74,7,1020.18
1.72,5.89,1.0,Low,Premium,Sunny,0,SemiUrban,102.98,50.09,3.58,4.55,Pop,52.62,18,626.26
13.16,52.0,1.0,Medium,Sedan,Rainy,0,SemiUrban,93.52,247.96,3.65,4.21,Rock,97.89,2,897.31
25.88,80.71,1.2,High,Sedan,Rainy,0,Airport,119.66,115.47,3.51,3.3,Classical,5.7,37,1682.2
1.36,14.26,1.2,High,Mini,Foggy,0,Urban,102.5,52.3,3.13,3.99,Classical,61.01,37,495.08
2.29,25.49,1.5,High,Mini,Rainy,1,Urban,105.84,105.54,,4.99,Classical,1.99,12,813.46
34.22,122.17,1.0,Low,Sedan,Rainy,0,Urban,119.02,64.12,4.8,4.05,None,4.44,7,1319.34
27.68,78.97,1.0,Medium,Sedan,Rainy,0,SemiUrban,107.54,61.32,4.7,4.82,Classical,58.43,12,1153.36
11.35,55.64,1.0,Medium,Mini,Sunny,1,SemiUrban,110.29,248.62,4.53,,Pop,70.12,78,774.98
27.83,96.35,2.0,Low,Mini,Rainy,0,Urban,111.3,53.26,4.5,3.22,Classical,61.12,24,2129.19
31.91,125.07,2.0,Medium,Mini,Sunny,0,Urban,112.6,266.2,4.41,3.81,Pop,50.19,97,2734.3
12.96,40.55,1.2,Low,Mini,Rainy,0,Urban,114.0,100.51,4.7,4.12,Classical,76.95,52,800.66
2.41,0.96,2.0,Low,Sedan,Sunny,1,Airport,92.24,288.13,3.11,4.3,Rock,17.04,74,1171.14
37.38,127.04,1.5,Low,Mini,Sunny,1,Urban,118.03,239.38,4.54,3.58,None,92.71,46,2049.97
14.46,54.14,1.0,High,Mini,Sunny,0,Urban,106.36,111.3,4.74,3.02,None,71.44,70,756.91
5.15,24.35,1.0,Medium,Sedan,Rainy,1,SemiUrban,106.02,123.16,4.3,3.62,Classical,77.77,28,630.64
20.18,45.23,1.0,Low,Sedan,Sunny,1,Urban,115.07,118.19,4.7,4.13,Classical,4.68,65,854.46
30.97,105.28,1.0,High,Sedan,Rainy,1,SemiUrban,99.2,104.99,3.6,3.7,Rock,57.17,38,1301.1
9.64,54.18,1.2,High,Sedan,Sunny,1,SemiUrban,109.68,111.48,3.72,3.76,Classical,50.78,40,902.64
11.51,25.75,1.2,High,Sedan,Sunny,0,SemiUrban,99.51,200.15,4.22,4.67,Pop,85.01,3,971.55
10.47,24.58,1.2,Medium,SUV,Sunny,0,Urban,112.83,213.81,3.28,,Rock,79.23,93,1109.44
39.68,127.2,1.0,Low,Sedan,Sunny,0,Airport,102.99,102.86,3.38,4.94,Classical,32.54,50,1486.15
8.7,36.19,1.5,Medium,Sedan,Sunny,0,Airport,95.6,261.92,4.99,,Pop,14.3,36,1270.77
,75.51,1.0,Medium,Premium,Sunny,1,Urban,117.27,241.88,4.57,3.18,None,26.94,50,1427.08
37.09,139.14,1.2,High,Mini,Sunny,0,SemiUrban,112.6,172.3,3.23,3.43,Rock,89.81,70,1736.09
6.73,32.36,2.5,Medium,Sedan,Rainy,0,SemiUrban,,87.12,3.23,3.18,Pop,38.49,62,1595.77
38.86,154.86,1.0,Low,Sedan,Sunny,0,Airport,91.93,149.67,3.79,3.5,None,92.96,4,1487.3
37.95,105.68,1.0,Medium,SUV,Rainy,0,Urban,101.37,146.1,5.0,4.09,Classical,38.72,79,1550.0
35.5,87.44,1.2,Medium,Sedan,Sunny,0,SemiUrban,113.4,275.26,,3.52,Classical,98.91,56,1584.75
9.37,29.45,2.0,High,Mini,Rainy,0,Urban,98.28,265.83,3.95,4.64,None,29.12,27,1557.2
25.73,78.75,1.0,Low,Mini,Rainy,0,Urban,119.72,59.04,3.88,3.72,Rock,41.91,76,1114.59
30.67,76.16,1.5,Medium,SUV,Rainy,0,Airport,117.57,51.35,4.18,3.81,Rock,31.5,26,2132.15
39.46,136.66,2.0,Low,Sedan,Sunny,0,SemiUrban,115.94,243.24,4.32,3.17,None,99.04,27,2959.84
8.04,16.8,1.0,Low,Mini,Rainy,0,Urban,90.27,78.0,3.53,3.54,Classical,42.6,48,520.99
30.88,119.22,1.0,Medium,Sedan,Sunny,1,Airport,118.92,100.18,,3.24,Classical,81.02,80,1318.35
14.21,75.5,1.2,Low,Mini,Rainy,1,SemiUrban,107.74,286.53,,3.47,Rock,15.77,78,1059.74
7.85,14.53,1.0,Medium,Mini,Rainy,0,SemiUrban,107.74,140.27,3.71,4.32,Classical,9.8,56,621.29
17.43,83.71,1.0,Low,Sedan,Foggy,1,Airport,92.96,259.82,3.08,3.76,Pop,89.75,32,1155.67
31.96,126.98,2.0,High,Sedan,Sunny,0,Airport,108.28,91.16,4.72,3.04,Pop,39.71,45,2986.15
19.13,63.53,1.2,High,SUV,Sunny,1,SemiUrban,105.86,220.04,,3.53,Pop,71.7,20,1382.93
65.88,121.18,1.0,Low,Sedan,Sunny,1,Airport,106.24,206.81,4.44,4.74,None,42.19,55,4753.33
39.81,130.01,1.0,Medium,Premium,Foggy,0,Urban,95.74,233.87,4.3,3.76,None,81.24,13,1821.51
16.57,50.46,1.2,Low,SUV,Sunny,1,Airport,106.29,122.95,3.83,4.13,Rock,61.3,35,1101.81
25.0,79.26,1.2,Medium,Mini,Sunny,0,Urban,92.17,84.25,4.78,3.96,Classical,72.46,39,1101.55
15.24,33.04,1.2,Low,SUV,Sunny,1,Urban,90.64,69.07,3.73,4.95,None,76.26,51,1024.31
16.32,61.54,1.5,Low,SUV,Sunny,0,Airport,96.4,220.32,3.54,3.56,Pop,17.39,59,1543.62
28.13,84.22,1.2,High,Premium,Sunny,0,Urban,114.05,215.71,4.08,,Rock,35.47,75,1800.02
37.58,78.9,2.5,Low,Mini,Rainy,1,Airport,108.11,54.38,3.93,4.19,Pop,31.63,5,3304.82
22.15,73.23,2.0,Medium,SUV,Sunny,0,Urban,116.83,199.82,3.07,4.24,Pop,61.55,9,2337.58
,108.12,1.0,Low,Mini,Sunny,0,SemiUrban,101.67,86.22,3.57,4.61,Rock,5.1,6,1091.14
4.48,16.4,1.0,Medium,Sedan,Sunny,0,Airport,100.5,59.93,3.76,3.33,Classical,15.99,41,585.23
9.24,22.42,1.0,Low,Sedan,Rainy,0,Airport,111.0,179.4,4.58,4.69,None,0.24,94,817.29
20.58,76.89,1.0,Low,SUV,Rainy,1,SemiUrban,102.21,106.47,3.79,3.21,Pop,38.93,93,1130.02
1.78,4.56,1.0,Low,Sedan,Rainy,1,SemiUrban,101.44,184.57,4.88,4.33,Pop,43.9,23,543.54
10.86,50.58,1.0,Low,Sedan,Rainy,0,SemiUrban,,229.28,4.48,3.41,Rock,17.95,26,763.68
21.18,67.43,1.0,High,Sedan,Foggy,1,SemiUrban,93.44,281.46,4.64,4.28,None,17.14,22,1151.83
1.58,20.65,1.0,High,Mini,Sunny,0,Airport,96.08,135.42,4.78,3.23,Pop,42.81,85,606.69
11.32,42.48,1.0,High,Sedan,Rainy,1,Urban,108.1,155.65,3.39,4.42,Classical,24.9,70,845.77
21.05,71.18,1.0,Low,Sedan,,0,SemiUrban,108.25,90.9,4.6,3.64,Pop,7.42,23,863.21
23.35,92.4,1.2,Low,Sedan,Sunny,0,SemiUrban,107.71,230.39,3.39,4.33,None,92.21,86,1259.78
37.1,135.6,1.0,Medium,Mini,Sunny,0,Airport,95.99,255.75,4.1,4.09,Pop,86.55,18,1528.43
26.17,55.07,2.0,High,Mini,Sunny,0,Urban,103.07,226.04,3.61,3.45,Rock,5.26,63,2180.92
17.17,56.54,1.0,Medium,Mini,Sunny,0,Urban,117.63,160.69,4.0,,Pop,20.53,46,825.09
,105.49,2.0,Low,SUV,Foggy,1,Airport,115.83,190.03,3.42,,Rock,70.65,39,3218.96
31.61,124.66,1.0,High,Mini,Sunny,0,Airport,106.72,104.99,4.92,4.98,None,6.76,18,1404.99
8.8,39.0,1.2,Low,Sedan,Rainy,0,Urban,117.03,233.85,4.33,4.19,Pop,91.9,94,883.47
6.1,21.24,1.0,High,Mini,Rainy,0,Urban,110.25,215.34,,4.02,Rock,1.49,33,655.53
27.36,108.0,1.5,High,Sedan,,1,Airport,102.37,281.21,3.47,4.84,Classical,53.72,70,2143.45
22.84,,1.0,High,Mini,Sunny,0,SemiUrban,113.29,191.91,3.32,3.6,Rock,40.15,83,931.89
31.8,132.96,2.5,Low,Mini,Sunny,1,SemiUrban,99.06,237.32,4.55,3.46,None,47.7,76,3087.3
29.81,106.05,1.0,Medium,Mini,Sunny,0,Urban,115.64,175.16,3.96,4.27,Classical,72.48,37,1141.59
25.38,61.19,1.0,Medium,Sedan,Rainy,0,Airport,99.89,258.81,4.79,4.82,None,2.77,82,1263.64
39.47,127.87,1.2,Low,SUV,Sunny,0,SemiUrban,113.84,198.33,3.0,4.3,Rock,62.19,44,1869.38
21.81,74.67,1.5,Medium,Mini,Sunny,0,Airport,98.44,166.25,3.99,3.04,None,83.58,78,1553.92
5.41,31.48,2.5,Medium,SUV,Rainy,0,Airport,117.51,86.2,3.97,4.73,None,70.46,76,2066.65
33.3,136.76,1.0,Low,Mini,Foggy,0,Urban,95.55,250.96,4.97,3.59,None,36.76,68,1327.4
10.82,43.34,1.5,Low,Mini,Sunny,0,Airport,111.57,252.23,4.45,4.74,None,18.5,37,1139.91
31.31,83.96,1.5,Low,Mini,Rainy,0,Airport,102.26,128.6,4.08,4.96,Pop,71.45,7,1878.73
38.33,136.1,1.2,High,SUV,Sunny,1,Airport,90.55,160.83,4.16,4.3,None,36.23,97,2053.0
28.18,86.04,1.2,High,Sedan,Rainy,0,Urban,99.96,153.18,4.4,3.56,Classical,79.96,34,1470.77
,102.69,1.0,Medium,Mini,Sunny,0,Urban,96.08,134.46,4.84,3.45,None,2.66,45,1033.75
18.96,80.71,1.0,Low,Mini,Foggy,0,Urban,106.66,173.68,3.13,4.41,Pop,1.14,74,905.89
15.21,46.65,1.5,Medium,Sedan,Sunny,0,Urban,97.8,176.21,3.13,3.11,Rock,49.2,63,1165.13
14.77,61.73,1.2,Low,Mini,Foggy,0,Urban,92.18,69.47,3.41,4.3,Rock,11.67,78,788.0
25.82,90.94,2.0,Medium,Mini,Rainy,0,Airport,118.59,114.84,3.88,3.62,Pop,82.53,78,2419.09
30.3,87.66,1.5,Medium,SUV,Rainy,1,Urban,115.35,63.95,3.7,3.01,None,8.34,76,1997.96
27.46,122.41,2.0,High,Mini,Rainy,0,SemiUrban,91.36,231.8,3.1,4.27,None,94.75,9,2549.5
8.74,34.33,1.0,Low,Sedan,Rainy,1,SemiUrban,98.14,229.64,4.2,4.16,Rock,28.19,71,675.92
20.27,45.24,1.0,Low,Mini,Rainy,0,Urban,108.91,122.42,4.69,4.06,None,87.53,80,881.47
31.87,118.67,1.0,High,Mini,,1,Airport,99.64,195.2,3.11,3.5,Pop,27.55,69,1529.95
19.55,,2.5,High,SUV,Sunny,0,SemiUrban,98.45,157.38,4.05,4.83,Rock,40.87,39,2564.63
21.93,69.98,1.0,Medium,SUV,Foggy,0,Urban,107.88,88.53,4.96,3.06,Classical,20.96,28,1051.67
31.07,132.27,1.0,Low,Sedan,Sunny,0,Urban,95.83,217.86,3.1,3.22,None,4.9,40,1423.87
26.79,97.57,1.0,Medium,Sedan,Rainy,0,Airport,109.46,243.48,3.59,3.78,None,59.63,58,1403.61
16.96,71.31,1.0,Medium,Sedan,Rainy,0,Airport,,133.66,3.88,3.78,Rock,80.56,40,1081.99
35.92,105.11,1.0,High,Sedan,Rainy,1,Urban,99.75,177.94,3.35,3.26,None,72.99,7,1476.0
7.34,23.7,1.0,Medium,SUV,Rainy,1,SemiUrban,93.47,95.44,4.1,4.97,Pop,97.05,35,708.32
39.83,168.39,1.0,Low,SUV,,1,Airport,98.9,65.05,4.7,4.97,None,90.76,32,1703.8
5.64,29.18,2.5,Medium,SUV,Rainy,0,Urban,110.48,115.83,3.73,4.55,Pop,13.94,48,1898.7
1.58,22.75,1.2,Low,Sedan,Sunny,0,Urban,112.92,254.86,3.02,3.61,Classical,62.6,58,597.55
,104.06,1.5,Low,SUV,Sunny,1,Urban,94.35,242.54,4.23,3.68,Pop,47.45,52,2164.94
10.55,37.55,1.2,Low,Mini,Rainy,0,Urban,112.39,108.93,4.76,4.78,Classical,18.67,59,731.49
,65.63,1.5,Low,Mini,Rainy,0,Urban,92.53,65.67,4.59,3.01,None,75.2,14,1548.14
32.63,120.22,2.0,High,Sedan,Rainy,0,Airport,96.5,257.09,4.3,3.31,Pop,48.35,81,3153.96
34.5,145.23,2.5,Medium,Mini,Rainy,0,SemiUrban,105.01,205.26,4.55,3.56,None,69.85,21,3576.06
39.67,130.07,1.0,Medium,Sedan,Sunny,0,Airport,119.14,72.3,3.64,5.0,None,6.11,96,1603.84
12.47,58.42,2.0,Medium,Sedan,Sunny,0,Urban,119.21,227.74,3.97,3.09,Classical,11.33,56,1727.64
28.7,,1.0,High,Sedan,Sunny,0,Airport,104.35,179.95,3.77,4.3,Rock,44.29,1,1364.89
5.5,22.64,1.0,High,Mini,,0,Airport,114.15,84.45,3.08,4.62,Pop,1.92,59,611.85
16.87,41.92,1.0,High,SUV,Sunny,0,Airport,106.6,55.36,3.49,3.21,None,18.95,46,1079.76
34.07,76.99,1.2,Low,Mini,Rainy,0,SemiUrban,112.55,260.04,3.99,3.25,Pop,83.76,51,1531.74
15.34,32.07,1.2,Low,SUV,Sunny,0,Urban,109.59,121.18,4.29,3.56,None,47.07,46,1015.94
24.05,62.5,1.0,Medium,Mini,Rainy,0,Urban,110.92,186.87,3.04,4.18,Pop,71.56,2,1052.19
20.65,54.55,1.5,Medium,Sedan,Sunny,0,Airport,103.19,87.28,4.85,3.49,Rock,16.33,35,1559.66
26.19,87.39,1.0,Low,SUV,Rainy,0,Airport,114.99,219.62,4.19,4.01,Pop,38.26,93,1363.62
,106.51,1.0,Low,SUV,Sunny,1,Airport,103.37,63.56,4.67,3.38,Classical,81.88,91,1580.39
3.17,-0.63,1.0,Medium,SUV,Foggy,0,Airport,111.17,259.09,3.37,4.5,Pop,4.27,38,881.63
23.38,80.78,1.2,Medium,SUV,Sunny,0,Airport,116.11,191.72,4.26,3.81,Pop,31.59,28,1633.38
34.66,,1.0,Medium,Sedan,Rainy,0,Urban,109.67,74.93,3.16,3.42,Classical,51.1,26,1329.34
19.77,79.4,1.0,Medium,Sedan,Rainy,0,SemiUrban,105.29,188.97,3.91,4.59,None,62.2,71,961.22
4.06,12.05,2.5,Medium,Sedan,Rainy,0,Airport,105.85,154.74,4.39,3.48,Classical,14.7,20,1794.95
,81.72,2.0,Low,SUV,Sunny,1,SemiUrban,111.26,118.41,4.32,4.04,Pop,92.57,34,2179.58
13.95,70.31,1.0,Medium,SUV,Foggy,0,Airport,92.76,218.38,3.47,3.07,None,73.73,45,1221.54
7.04,28.35,1.2,High,SUV,Rainy,0,Airport,109.1,252.51,3.22,3.62,None,6.38,96,1185.54
34.11,116.2,1.0,Low,Sedan,Rainy,1,SemiUrban,101.25,79.27,3.71,,None,44.55,52,1375.89
21.34,91.18,1.2,Medium,Sedan,Sunny,1,Airport,94.06,118.5,4.22,3.51,Rock,88.95,17,1294.16
37.4,89.5,1.2,Low,SUV,Rainy,0,SemiUrban,117.38,89.91,3.18,4.97,None,90.02,16,1724.6
32.43,126.77,1.0,Low,Mini,Sunny,0,Urban,104.93,163.54,,3.74,Classical,87.95,47,1235.4
28.03,101.42,1.0,Medium,Mini,Sunny,0,Urban,103.71,51.0,4.01,3.3,None,11.9,2,1032.17
,3.82,1.0,Medium,Premium,Rainy,1,Urban,106.27,223.64,4.72,4.98,None,50.07,83,832.28
17.69,45.86,1.2,Medium,Sedan,Rainy,1,SemiUrban,108.68,60.56,4.3,3.6,Classical,45.44,31,1085.52
8.7,38.35,2.0,Low,Sedan,Sunny,1,Airport,95.84,96.7,4.95,4.48,None,42.14,40,1366.19
36.52,,2.5,Medium,SUV,Sunny,0,Airport,108.76,262.38,3.98,4.77,Classical,37.97,24,4355.08
7.81,40.33,2.0,Low,SUV,Rainy,0,Urban,100.57,254.45,4.45,3.7,Pop,85.88,91,1828.87
12.16,39.63,2.5,Low,Mini,Foggy,0,SemiUrban,111.44,204.44,3.98,4.29,Pop,79.19,89,1750.93
21.16,36.99,1.0,Low,Mini,Foggy,0,Urban,,228.87,3.34,3.11,None,18.8,68,915.24
11.27,36.75,1.5,High,SUV,Rainy,0,SemiUrban,90.22,188.99,3.18,3.79,Classical,78.3,32,1398.29
9.18,46.18,1.0,Low,SUV,Sunny,1,Airport,111.49,148.05,3.47,4.79,None,67.9,10,886.88
24.36,70.67,2.0,Low,Mini,Sunny,0,Airport,100.58,110.16,4.16,4.6,Classical,4.69,22,1955.86
4.47,41.21,1.5,Low,SUV,Sunny,0,Airport,99.11,277.14,4.67,3.49,Classical,10.47,82,1249.53
,15.11,1.0,Medium,Sedan,Sunny,0,Urban,101.19,274.64,3.28,3.04,None,94.86,54,561.82
15.52,49.3,1.2,Medium,Sedan,Sunny,1,Airport,,273.74,4.85,4.24,None,53.01,29,1238.71
29.11,74.71,1.0,Medium,Premium,Sunny,0,SemiUrban,93.44,278.09,3.96,3.24,Pop,99.81,20,1447.94
22.64,56.56,1.0,Medium,Sedan,Sunny,0,SemiUrban,110.95,241.11,4.01,4.63,Rock,96.56,11,1000.85
17.49,,2.5,Low,Mini,Rainy,1,Urban,103.36,274.15,3.06,3.93,Rock,76.86,97,2438.81
23.06,83.15,2.0,High,Mini,Sunny,0,Urban,94.8,267.76,4.94,3.79,Pop,32.23,43,2232.15
15.25,56.7,1.0,Medium,Mini,Sunny,0,Urban,105.28,116.55,3.12,3.49,None,19.38,62,764.63
37.51,92.44,1.0,Low,Premium,Sunny,1,SemiUrban,107.22,261.16,3.58,4.1,Classical,1.11,81,1648.31
3.14,13.63,1.0,Medium,Mini,Sunny,0,Airport,100.39,190.26,4.26,4.64,Classical,15.58,37,566.3
27.26,105.12,2.5,Medium,Sedan,Rainy,1,SemiUrban,116.99,179.94,4.28,3.94,Pop,87.9,89,3115.82
35.76,143.82,2.0,Low,Sedan,Sunny,0,Urban,110.92,80.81,3.86,3.19,Rock,71.32,69,2796.57
,119.43,1.2,High,Mini,Sunny,0,SemiUrban,109.84,262.87,4.74,4.11,Pop,84.74,76,1551.34
8.18,27.55,1.2,Medium,Sedan,Rainy,0,Airport,91.6,129.41,3.67,3.65,Classical,84.02,18,1071.42
12.54,57.69,1.5,Medium,Mini,Sunny,0,Airport,,102.6,3.31,4.03,Rock,97.5,17,1244.34
28.96,73.32,1.0,Low,Mini,Rainy,0,Urban,115.52,257.13,3.08,3.17,Rock,69.97,53,1188.07
4.29,11.47,2.0,Low,Premium,Sunny,1,SemiUrban,110.05,56.6,3.27,3.15,Pop,56.16,92,1360.19
32.66,100.0,1.2,High,Mini,Sunny,1,Urban,96.99,99.71,4.91,4.47,Pop,59.09,83,1454.87
29.04,70.74,1.0,Medium,Sedan,Sunny,1,Urban,115.84,172.87,3.62,3.98,Classical,68.18,97,1226.59
29.45,68.22,1.0,Medium,SUV,Sunny,0,Urban,101.09,272.28,4.31,3.81,Classical,45.8,17,1324.76
4.91,21.65,1.2,Medium,Mini,Sunny,1,Urban,117.45,158.27,4.94,4.91,None,68.24,14,553.06
28.99,69.21,1.0,High,Mini,Sunny,0,SemiUrban,105.37,93.11,4.77,3.39,Classical,59.35,35,1006.89
27.51,106.07,1.2,Medium,SUV,Sunny,1,Urban,113.6,172.36,,4.81,None,16.06,73,1585.99
33.41,139.98,2.0,Low,Sedan,Rainy,1,Airport,108.36,207.21,3.17,,None,11.23,88,3180.11
2.62,23.34,1.5,Medium,Mini,Sunny,0,Urban,98.74,268.26,4.44,4.06,Classical,21.91,74,841.37
1.9,18.8,1.2,Medium,Sedan,Sunny,0,Airport,109.61,251.67,3.26,3.9,Classical,77.6,33,832.94
15.55,44.15,1.2,High,SUV,Foggy,0,SemiUrban,90.29,244.44,3.3,3.25,Classical,25.73,27,1327.73
6.8,11.24,1.0,Medium,Mini,Sunny,0,Urban,115.06,173.04,4.76,3.74,Pop,85.93,99,440.3
22.78,68.14,1.2,Low,Mini,,0,SemiUrban,118.97,277.14,4.33,4.08,Classical,28.7,7,1228.11
36.78,77.59,1.0,Low,Mini,Rainy,1,Airport,96.21,269.64,4.86,3.71,Rock,61.87,82,1418.62
16.27,49.45,2.0,Medium,Sedan,Sunny,0,Airport,116.51,240.33,4.92,4.84,Pop,86.66,25,2109.74
33.95,100.34,2.0,Medium,SUV,Rainy,0,SemiUrban,95.04,248.37,3.92,3.09,Rock,84.75,71,2993.85
1.01,14.5,1.0,Low,SUV,Sunny,0,Urban,104.74,276.45,4.34,3.6,Classical,83.5,48,584.46
7.57,37.89,1.5,Medium,Mini,Sunny,0,SemiUrban,98.78,135.74,4.31,4.86,Pop,82.17,24,922.29
2.19,9.61,1.5,High,SUV,Sunny,0,Urban,95.76,288.55,3.23,3.16,None,68.75,19,1168.45
13.8,42.39,2.5,Low,SUV,Rainy,0,Airport,112.67,82.92,4.24,3.93,Classical,71.97,10,2509.77
36.42,105.58,1.2,Medium,Sedan,Sunny,0,Urban,114.2,269.6,3.22,4.5,Classical,95.46,61,1823.73
4.78,21.03,1.5,Low,Sedan,Sunny,0,Airport,115.16,106.8,4.71,3.68,Rock,78.12,72,874.11
24.65,70.89,1.2,Low,SUV,Foggy,1,Airport,90.25,189.12,4.86,4.62,Classical,14.28,52,1597.43
18.61,39.7,1.0,Low,SUV,Sunny,0,SemiUrban,115.44,193.67,3.78,3.3,Pop,23.35,55,922.73
37.6,145.51,1.0,Medium,SUV,Rainy,1,Urban,91.54,284.08,4.39,4.97,Pop,33.59,60,1700.29
5.78,22.05,1.0,High,Mini,Rainy,1,SemiUrban,103.45,118.1,4.4,4.29,Pop,8.82,34,534.63
9.27,27.46,1.0,Medium,Sedan,Sunny,0,SemiUrban,95.26,155.34,3.1,3.59,None,88.27,70,605.17
2.15,16.1,1.0,Low,SUV,Sunny,0,Urban,117.2,86.03,3.33,3.14,Pop,41.83,92,563.04
17.92,87.28,1.5,Low,Mini,Foggy,0,Airport,107.3,186.2,4.77,,None,42.91,32,1491.73
11.84,31.95,1.5,Medium,Mini,Rainy,1,Urban,104.05,147.75,3.4,4.18,Rock,40.81,64,1106.36
,99.99,2.5,Low,SUV,Sunny,0,Urban,103.33,161.18,4.52,3.88,Classical,47.36,86,3453.21
24.59,77.5,1.0,Medium,Mini,Sunny,0,Airport,102.13,67.47,4.18,4.88,Rock,19.77,47,1055.83
24.95,93.86,2.0,Low,Mini,Sunny,0,Airport,104.22,258.36,4.43,3.64,None,73.01,32,2313.08
21.74,46.68,1.2,Low,Mini,Rainy,0,Airport,106.97,138.32,3.3,4.16,Pop,88.05,82,1184.09
4.58,15.39,1.2,Low,Mini,Sunny,0,Urban,114.51,209.13,4.61,3.14,Rock,72.15,54,662.97
18.36,65.03,1.2,Medium,SUV,Sunny,1,Airport,,208.11,3.73,3.91,Classical,27.32,8,1382.17
39.98,106.7,1.5,Low,SUV,Sunny,0,Urban,114.13,209.07,4.98,4.57,Rock,2.85,84,2346.45
33.57,136.6,1.0,Low,Mini,Sunny,0,Airport,114.91,108.51,3.87,4.49,None,14.05,78,1343.91
35.84,159.67,1.5,Medium,Mini,Rainy,0,Airport,115.54,76.2,3.64,3.96,Pop,67.55,21,2231.49
33.11,92.8,1.5,Medium,Mini,,1,Airport,118.25,67.62,3.29,4.71,None,76.15,64,2023.62
5.02,19.01,2.5,High,Sedan,Sunny,1,Urban,118.7,192.29,3.14,4.9,None,48.97,72,1731.05
9.87,18.58,2.0,Low,Mini,Sunny,1,SemiUrban,93.24,73.66,4.76,3.87,Classical,2.65,77,866.33
1.12,-0.88,1.2,Low,SUV,Rainy,0,Urban,116.33,149.52,3.24,3.7,Rock,48.51,26,709.94
12.84,40.79,1.5,Medium,SUV,Rainy,1,Urban,,269.05,4.76,4.27,Rock,88.71,73,1546.6
5.24,33.1,2.0,Low,SUV,Rainy,0,SemiUrban,101.32,69.3,4.1,5.0,Pop,12.19,86,1435.08
19.44,74.02,2.5,Medium,SUV,Sunny,0,SemiUrban,110.74,212.68,,3.08,Classical,90.83,82,2761.15
27.41,99.68,1.5,Low,Sedan,Sunny,0,SemiUrban,117.8,157.13,4.61,3.73,Pop,95.06,31,1738.66
,92.72,1.5,High,Sedan,Sunny,1,Urban,92.74,264.95,4.08,3.98,Classical,66.35,94,2080.81
30.22,68.73,1.0,Low,Premium,Rainy,0,Airport,100.64,235.74,3.99,4.96,None,6.28,43,1516.29
37.6,82.24,1.5,Medium,Sedan,Sunny,0,SemiUrban,119.22,79.63,4.57,4.65,None,33.55,11,1964.27
3.1,25.3,1.0,High,Sedan,Foggy,0,Airport,106.45,123.09,3.83,3.59,Classical,86.25,79,696.41
1.48,10.62,1.2,High,SUV,Sunny,0,Urban,92.75,209.24,3.16,4.57,Rock,71.95,60,759.88
26.79,91.09,1.0,Medium,Mini,,1,SemiUrban,118.83,92.91,4.26,3.42,None,49.12,21,1069.29
12.28,58.75,1.0,High,Premium,Sunny,1,Airport,117.08,250.42,3.07,4.18,Pop,16.15,31,1271.19
10.89,29.35,1.0,Medium,Mini,Sunny,1,Airport,114.19,110.85,4.2,3.08,None,48.39,81,715.62
13.9,35.84,2.0,Low,Sedan,Rainy,0,SemiUrban,113.81,257.6,4.02,3.85,Classical,9.3,4,1748.04
11.52,42.28,1.5,High,Mini,Sunny,0,Urban,104.58,116.9,3.61,4.53,None,61.51,65,1096.65
20.95,70.42,1.2,Medium,SUV,Sunny,0,SemiUrban,116.26,104.36,,3.57,Pop,77.91,13,1299.47
18.17,54.42,1.2,Low,Premium,Sunny,0,Airport,99.17,285.4,3.91,4.46,Rock,62.8,55,1570.54
20.98,59.01,2.5,Medium,Sedan,Sunny,0,Airport,100.76,209.12,3.98,3.65,Classical,1.39,15,2804.86
27.24,103.66,1.0,Medium,SUV,Sunny,0,Airport,96.48,184.95,3.85,3.14,None,66.94,41,1330.36
16.1,,1.2,High,Mini,Sunny,0,Urban,102.09,62.14,3.78,4.8,None,48.62,61,910.15
10.8,39.74,1.2,High,Mini,Sunny,1,Airport,97.01,120.41,3.65,3.84,Rock,42.93,48,1035.51
7.48,23.4,2.0,Low,Mini,Sunny,1,SemiUrban,100.19,80.92,4.3,4.48,Classical,28.29,38,773.89
14.63,62.23,1.0,Low,Mini,Foggy,0,Urban,110.71,89.88,3.82,4.19,Rock,11.63,67,767.83
29.93,110.81,2.5,Medium,Sedan,Sunny,0,Airport,102.9,115.64,3.64,4.35,Classical,56.02,77,3233.76
,111.14,1.0,Medium,SUV,Rainy,0,Urban,113.03,83.96,4.81,4.08,Rock,83.33,27,1428.3
27.01,83.75,1.0,Low,Mini,Rainy,0,Urban,104.37,274.89,3.36,4.1,Pop,98.59,60,1175.36
10.13,45.68,1.0,Low,Mini,Rainy,1,SemiUrban,94.18,71.23,3.29,4.73,Pop,63.36,5,635.95
23.94,76.58,1.0,Low,Mini,Sunny,0,SemiUrban,112.26,264.84,,4.13,Pop,31.17,19,960.18
23.26,59.09,1.2,Medium,Mini,Sunny,0,SemiUrban,,169.8,,4.62,Pop,41.39,64,1042.84
19.89,72.87,1.2,Low,Mini,Sunny,0,Urban,118.27,89.1,3.54,,Classical,72.37,21,958.22
22.45,99.39,1.0,Low,Mini,Sunny,1,Airport,115.23,181.78,3.7,,Pop,47.65,36,1160.85
20.18,44.81,1.2,Medium,Sedan,Sunny,0,Urban,,265.28,3.57,3.12,Pop,52.24,51,1243.2
23.05,66.69,1.5,Low,SUV,Sunny,1,SemiUrban,97.46,272.49,4.47,3.76,Pop,13.95,92,1680.76
28.9,108.84,1.5,Low,Mini,Rainy,0,Urban,104.44,138.95,3.4,3.36,Rock,53.69,17,1820.61
5.28,18.67,1.5,High,SUV,Sunny,0,Airport,95.79,217.54,4.38,3.59,Pop,97.17,23,1348.99
30.24,112.92,2.5,Medium,Sedan,Rainy,0,Urban,102.67,66.47,3.58,3.24,Rock,33.63,63,3223.19
6.3,16.91,1.2,Low,Sedan,Sunny,1,Urban,,174.82,4.71,4.0,Classical,16.8,79,633.59
3.6,18.69,1.0,High,SUV,Rainy,0,Airport,115.58,106.74,4.75,3.03,None,47.45,64,797.75
39.07,150.28,1.0,Low,Mini,Rainy,0,Airport,93.65,124.71,3.56,4.17,None,51.9,82,1520.99
38.32,116.31,1.0,Medium,Premium,Sunny,0,Urban,96.75,166.01,,4.88,Rock,99.76,48,1680.89
3.36,21.24,1.2,Low,Mini,Foggy,0,Urban,97.92,278.4,4.62,3.32,Pop,21.4,89,609.21
18.29,71.77,2.0,Medium,Sedan,Sunny,1,Airport,112.15,255.86,3.15,4.32,Classical,54.31,39,2263.85
8.26,34.44,1.5,Low,Mini,Foggy,0,Urban,108.91,145.61,4.14,3.52,Classical,37.33,88,835.41
19.93,52.57,1.0,Low,Sedan,Sunny,0,SemiUrban,94.09,169.4,4.95,3.29,Classical,74.66,66,824.66
33.38,83.44,1.2,Medium,Sedan,,0,SemiUrban,108.17,268.53,3.73,4.68,Rock,87.07,26,1577.24
38.07,90.16,1.2,Medium,SUV,Sunny,0,SemiUrban,115.39,70.62,4.46,3.95,Classical,76.07,17,1699.71
25.74,78.19,2.5,Medium,Sedan,Sunny,0,SemiUrban,103.57,244.16,4.59,3.13,Pop,18.99,35,2836.61
14.8,56.03,1.0,Medium,Sedan,Sunny,0,SemiUrban,108.35,92.31,4.49,4.08,Classical,65.08,67,760.39
24.53,81.02,1.2,Medium,Premium,Sunny,0,Airport,105.96,119.69,4.9,,Classical,23.21,72,1789.9
13.17,52.06,2.5,Medium,Sedan,Sunny,0,Urban,100.73,104.39,4.53,4.61,None,98.38,22,1958.27
36.48,,2.5,Medium,Sedan,Rainy,0,SemiUrban,90.08,187.81,4.87,4.11,None,55.97,3,3401.88
34.95,84.23,1.0,Low,Premium,Rainy,1,Urban,95.59,107.5,3.46,4.9,None,43.06,6,1528.19
22.77,97.64,1.0,High,SUV,Sunny,0,Airport,118.41,164.13,4.18,,Pop,64.63,51,1480.2
13.67,34.22,1.2,High,SUV,Sunny,1,Airport,100.64,56.52,3.76,3.9,Classical,59.95,65,1161.76
12.44,51.76,2.0,High,Mini,Sunny,0,SemiUrban,98.91,129.06,4.45,3.94,Classical,91.72,67,1480.7
2.3,11.13,1.0,Medium,Sedan,Sunny,1,Urban,108.42,227.79,3.3,4.85,None,51.26,14,593.2
32.82,129.97,2.0,Medium,Mini,Sunny,0,Airport,117.11,158.69,3.36,3.09,Pop,75.61,81,2874.58
18.56,79.1,1.0,High,SUV,Rainy,0,Airport,99.07,255.83,3.26,3.66,None,98.46,97,1347.27
13.68,54.57,1.2,Low,SUV,Rainy,0,Airport,,164.94,3.54,3.88,Pop,63.18,29,1264.87
19.37,53.25,1.5,High,Mini,Sunny,0,SemiUrban,117.06,268.99,3.37,3.4,Rock,13.78,60,1438.98
32.93,105.59,1.0,Low,Mini,Rainy,0,SemiUrban,113.21,148.63,4.55,3.36,None,99.6,10,1134.56
5.86,25.43,1.0,Low,Mini,Foggy,0,Airport,111.08,140.28,4.17,4.0,Rock,64.34,39,603.44
34.45,134.18,1.2,Low,Sedan,Foggy,0,Urban,106.72,114.2,3.74,4.17,None,98.93,21,1644.8
36.0,92.04,1.5,Medium,Mini,Rainy,0,SemiUrban,102.77,165.46,3.41,,Pop,52.22,33,1901.81
37.92,112.58,1.0,Low,Sedan,Sunny,0,SemiUrban,109.14,257.73,4.61,3.81,Rock,5.0,49,1497.31
16.5,68.25,1.2,Low,Mini,Sunny,0,Airport,96.51,228.46,4.76,4.41,Pop,92.8,96,1038.85
9.47,28.98,1.2,Medium,SUV,Sunny,0,Airport,114.52,93.15,4.71,4.48,Rock,88.65,13,988.57
